ID,Type,SKU,Name,Published,Is featured?,Visibility in catalog,Short description,Description,Date sale price starts,Date sale price ends,Tax status,Tax class,In stock?,Stock,Low stock amount,Backorders allowed?,Sold individually?,Weight (kg),Length (cm),Width (cm),Height (cm),Allow customer reviews?,Purchase note,Sale price,Regular price,Categories,Tags,Shipping class,Images,Download limit,Download expiry days,Parent,Grouped products,Upsells,Cross-sells,External URL,Button text,Position,Attribute 1 name,Attribute 1 value(s),Attribute 1 visible,Attribute 1 global,Attribute 2 name,Attribute 2 value(s),Attribute 2 visible,Attribute 2 global,Meta: _wpcom_is_markdown
,simple,CL-OUTROS-0001,Boné Militar Verde Algodão Ajustável,1,0,visible,"Boné militar verde em algodão durável, ajustável, ideal para looks casuais e aventureiros.","Este boné de estilo militar em verde escuro, confecionado em algodão resistente, apresenta uma estrutura robusta e um ajuste confortável. A parte traseira possui uma fivela metálica para regulação de tamanho, garantindo um encaixe perfeito. Ideal para quem procura um acessório prático e com um toque utilitário para o dia a dia, atividades ao ar livre ou para um look casual e descontraído. Versátil e durável.",,,taxable,,1,15,2,0,0,0.2,,,,1,,,40,"Unisex, Acessórios","bone, militar, algodao, verde, casual, unisex, ajustavel",,processed_images/professional/fotos site1/1-A.jpg,,,,,,,,,0,Material,Algodao,1,0,Temporada,Todas,1,0,0
,simple,CL-BONE-0002,Boné Estilo Militar Verde Algodão,1,0,visible,"Boné estilo militar unisex em verde escuro, perfeito para um look casual e prático.","Este boné estilo militar em algodão verde escuro oferece um visual robusto e moderno. Ideal para uso diário, protege do sol com conforto e durabilidade. As costuras duplas adicionam um toque de estilo e resistência, tornando-o um acessório versátil para qualquer guarda-roupa casual ou de aventura.",,,taxable,,1,15,2,0,0,0.2,,,,1,,,45,"Unisex, Bonés","bone, militar, verde, casual, unisex, algodao, verao, meia-estacao",,processed_images/professional/fotos site1/1-B.jpg,,,,,,,,,0,Material,Algodao,1,0,Temporada,Meia-estacao,1,0,0
,simple,CL-BONE-0003,Boné Militar Preto Unissexo,1,0,visible,"Boné de estilo militar em algodão preto, ideal para um look casual e confortável.","Este boné unissexo de estilo militar, em algodão de alta qualidade, apresenta um design robusto e uma cor preta clássica, fácil de combinar. Perfeito para o dia a dia, oferece conforto e um toque de personalidade ao seu visual casual. A sua estrutura durável e aba curta proporcionam proteção solar discreta.",,,taxable,,1,12,2,0,0,0.2,,,,1,,,45,"Unisex, Bonés","bone militar, bone preto, unissexo, casual, algodao, estilo cadete, chapéu",,processed_images/professional/fotos site1/1-C.jpg,,,,,,,,,0,Material,Algodao,1,0,Temporada,Todas,1,0,0
,simple,CL-BONE-0004,Boné Militar Unissexo Caramelo Algodão,1,0,visible,"Boné militar unissexo em algodão na cor caramelo, ideal para um look casual e confortável.","Este boné militar unissexo em algodão, na cor caramelo, é o acessório perfeito para quem procura um estilo casual e descontraído. Fabricado com um tecido de algodão robusto, oferece conforto e durabilidade para o uso diário. O seu design clássico de inspiração militar adapta-se facilmente a diversas ocasiões, desde passeios ao ar livre a encontros informais. Um toque de personalidade para qualquer outfit.",,,taxable,,1,15,2,0,0,0.2,,,,1,,,45,"Unisex, Bonés","bone, militar, unisex, caramelo, algodao, casual, outdoors, verao",,processed_images/professional/fotos site1/1-D.jpg,,,,,,,,,0,Material,Algodao,1,0,Temporada,Todas,1,0,0
,simple,CL-BONE-0005,Boné Cadete Algodão Cinza Unissexo,1,0,visible,"Boné estilo cadete em algodão cinza, ideal para um look casual e prático. Conforto e durabilidade.","Desfrute do estilo casual e da praticidade com este boné em estilo cadete, confecionado em algodão de alta qualidade. A sua cor cinza versátil combina facilmente com diversas roupas, tornando-o perfeito para uso diário. Com um design robusto e costuras reforçadas, oferece durabilidade e conforto. Ideal para atividades ao ar livre ou para complementar um visual descontraído, é um acessório unissexo indispensável.",,,taxable,,1,15,2,0,0,0.2,,,,1,,,38,"Unisex, Bonés","bone, cadete, algodao, cinza, casual, unissex, militar",,processed_images/professional/fotos site1/1-E.jpg,,,,,,,,,0,Material,Algodao,1,0,Temporada,Todas,1,0,0
,simple,CL-BONE-0006,Boné Cadete Militar Casual,1,0,visible,"Boné estilo cadete preto em algodão, unissexo, ideal para um look casual e descontraído.","Este boné estilo cadete unissexo, na cor preta, é fabricado em algodão resistente, garantindo conforto e durabilidade. Com um design inspirado nos bonés militares e pespontos visíveis em azul escuro que adicionam um toque de estilo, é perfeito para complementar qualquer visual casual ou desportivo. A aba ligeiramente curvada oferece proteção solar e um ajuste confortável para o dia-a-dia.",,,taxable,,1,15,2,0,0,0.2,,,,1,,,39,"Unisex, Bonés","bone, cadete, preto, unissex, casual, algodao, militar, aba",,processed_images/professional/fotos site1/1-F.jpg,,,,,,,,,0,Material,Algodao,1,0,Temporada,Todas,1,0,0
,simple,CL-BONE-0007,Boné Militar Casual Azul,1,0,visible,"Boné militar unissexo azul em algodão, perfeito para um look casual e descontraído.","Boné estilo militar unissexo em tecido de algodão resistente na cor azul. Apresenta uma aba ligeiramente curvada e uma copa estruturada, ideal para proteção solar e um toque de estilo. Confortável e versátil, é o acessório perfeito para o dia a dia, atividades ao ar livre ou para complementar um visual casual e moderno em qualquer estação.",,,taxable,,1,15,2,0,0,0.2,,,,1,,,38,"Unisex, Bonés","bone, militar, azul, casual, algodao, unisex, verao, estilomilitar",,processed_images/professional/fotos site1/1-G.jpg,,,,,,,,,0,Material,Algodao,1,0,Temporada,Todas,1,0,0
,simple,CL-BONE-0008,Boné Militar Casual Amarelo Mostarda,1,0,visible,"Boné estilo militar unissexo em algodão amarelo mostarda, ideal para looks casuais.","Boné de estilo militar robusto e confortável, confeccionado em algodão de alta qualidade na vibrante cor amarelo mostarda. Apresenta uma copa estruturada e uma pala curva clássica, perfeito para adicionar um toque de personalidade a qualquer vestuário casual. Desenho unissexo, ajustável e adequado para uso diário em todas as estações.",,,taxable,,1,12,2,0,0,0.2,,,,1,,,45,"Unisex, Bonés","bone, militar, casual, unisex, algodao, amarelo-mostarda, cap, acessório",,processed_images/professional/fotos site1/1-H.jpg,,,,,,,,,0,Material,Algodao,1,0,Temporada,Todas,1,0,0
,simple,CL-BONE-0009,Bone Cadet Casual Vermelho Algodão,1,0,visible,"Bone cadet vermelho de algodão, estilo militar casual. Conforto e proteção para o dia a dia.","Aposte no Bone Cadet Vermelho, um acessório versátil e com estilo militar. Fabricado em algodão de alta qualidade, oferece conforto e durabilidade. Perfeito para um look casual, atividades ao ar livre ou para adicionar um toque de personalidade ao seu vestuário. Ajuste confortável para uso diário. A costura reforçada garante longevidade.",,,taxable,,1,15,2,0,0,0.2,,,,1,,,39.99,"Unisex, Bonés","bone, vermelho, casual, militar",,processed_images/professional/fotos site1/1-I.jpg,,,,,,,,,0,Material,Algodao,1,0,Temporada,Todas,1,0,0
,simple,CL-BONE-0010,Boné Militar Casual Verde Tropa,1,0,visible,"Boné estilo militar unissexo em algodão, cor verde-tropa. Ideal para um look casual e descontraído.","Este boné de estilo militar em algodão resistente, de cor verde-tropa, é a escolha perfeita para um toque de aventura e casualidade no seu dia a dia. Com o seu design clássico de aba curta e topo plano, oferece conforto e proteção solar leve. As costuras reforçadas e o material durável garantem longevidade. Ajustável e versátil, é ideal para homem e mulher, perfeito para atividades ao ar livre ou para complementar um visual urbano moderno.",,,taxable,,1,15,2,0,0,0.2,,,,1,,,45,"Unisex, Bonés","bone, militar, verde, casual, unissex",,processed_images/professional/fotos site1/1-J.jpg,,,,,,,,,0,Material,Algodao,1,0,Temporada,Todas,1,0,0
,simple,CL-BONÉ-0011,Boné Militar Verde Algodão,1,0,visible,Boné estilo militar verde em algodão durável. Perfeito para um look casual e aventureiro.,"Desfrute do conforto e estilo com este boné de algodão verde estilo militar. Com um design clássico e aba curvada, oferece proteção solar e um toque casual ao seu outfit. Ideal para o dia a dia, atividades ao ar livre ou simplesmente para complementar um visual descontraído. Feito em algodão de alta qualidade, é resistente e respirável.",,,taxable,,1,15,2,0,0,0.2,,,,1,,,45,Unisex,"boné, militar, algodão, verde, casual, unisex, chapéu, acessório",,processed_images/professional/fotos site1/1.jpg,,,,,,,,,0,Material,Algodao,1,0,Temporada,Todas,1,0,0
,simple,CL-BONE-0012,Boné Casual Algodão Lavado Bordeaux,1,0,visible,"Boné casual unissexo em algodão lavado cor bordeaux, com ajuste traseiro. Estilo descontraído.","Este boné casual unissexo é fabricado em algodão 100% lavado, conferindo-lhe um aspeto vintage e descontraído. A sua cor bordeaux desbotada é versátil e fácil de combinar. Possui uma fivela metálica ajustável na parte traseira para um encaixe perfeito e confortável. Ideal para proteção solar e para um estilo relaxado em qualquer ocasião.",,,taxable,,1,12,2,0,0,0.2,,,,1,,,39,"Unisex, Bonés","bone, casual, algodao, unissex, bordeaux, ajustavel, lavado, verao",,processed_images/professional/fotos site1/10-A.jpg,,,,,,,,,0,Material,Algodao,1,0,Temporada,Todas,1,0,0
,simple,CL-BONE-0013,Boné Algodão Casual Rosa Desbotado,1,0,visible,Boné de algodão unissexo rosa desbotado. Estilo casual e vintage para o dia a dia.,"Este boné clássico unissexo é feito de 100% algodão, apresentando um acabamento desbotado único que lhe confere um visual vintage e descontraído. Ideal para proteção solar e para complementar outfits casuais em qualquer estação. O seu design ajustável garante conforto e versatilidade para todos.",,,taxable,,1,12,2,0,0,0.2,,,,1,,,45,"Unisex, Bonés","bone, casual, unissex, algodao, rosa, desbotado, vintage, verao",,processed_images/professional/fotos site1/10-B.jpg,,,,,,,,,0,Material,Algodao,1,0,Temporada,Todas,1,0,0
,simple,CL-BONE-0014,Boné Algodão Casual Bordô Desbotado,1,0,visible,"Boné casual unissexo em algodão com acabamento desbotado cor bordô, para um look descontraído.","Este boné unissexo de estilo casual é fabricado em algodão com um acabamento desbotado, conferindo-lhe um visual vintage e descontraído. A cor principal é um bordô suave e o design inclui uma pala curva e fecho ajustável na parte traseira para um ajuste perfeito. Confortável e versátil, é o acessório ideal para o dia a dia, passeios ou atividades ao ar livre.",,,taxable,,1,12,2,0,0,0.2,,,,1,,,39,"Unisex, Bonés","boné, casual, algodão, unissexo",,processed_images/professional/fotos site1/10-C.jpg,,,,,,,,,0,Material,Algodao,1,0,Temporada,Verao,1,0,0
,simple,CL-BONE-0015,Boné Casual Algodão Azul Claro,1,0,visible,"Boné unissexo em algodão, cor azul claro, ideal para um estilo casual e proteção solar.","Este boné unissexo de design clássico e cor azul claro é confeccionado em algodão de alta qualidade, proporcionando conforto e respirabilidade. Perfeito para complementar looks casuais, desportivos ou para proteção solar em dias ensolarados. Possui aba curva e ajuste traseiro para um encaixe perfeito. Um acessório versátil e intemporal para o dia a dia.",,,taxable,,1,18,2,0,0,0.2,,,,1,,,39,"Unisex, Bonés","bone, casual, algodao, azul-claro, unissexo, verao, protecao-solar, acessorios, sportswear",,processed_images/professional/fotos site1/10-D.jpg,,,,,,,,,0,Material,Algodao,1,0,Temporada,Todas,1,0,0
,simple,CL-BONE-0016,Boné Casual Laranja Algodão,1,0,visible,"Boné unissexo casual laranja de algodão, ideal para o dia a dia e proteção solar.","Boné casual unissexo em algodão, de uma vibrante cor laranja, perfeito para adicionar um toque de estilo descontraído ao seu look. Com aba curva clássica e design ajustável, é confortável e prático para usar em diversas ocasiões, desde atividades ao ar livre a um passeio pela cidade. Um acessório versátil e intemporal.",,,taxable,,1,15,2,0,0,0.2,,,,1,,,39,"Unisex, Bonés","bone, casual, laranja, algodao, unissexo, aba-curva, protecao-solar, acessorio",,processed_images/professional/fotos site1/10-E.jpg,,,,,,,,,0,Material,Algodao,1,0,Temporada,Todas,1,0,0
,simple,CL-BONE-0017,Boné Casual Algodão Azul Marinho,1,0,visible,"Boné clássico em algodão azul marinho, perfeito para o dia a dia. Estilo descontraído e confortável.","Este boné casual em algodão 100% é um acessório indispensável para qualquer estação. Com um tom azul marinho intemporal e um design clássico de 6 painéis, oferece conforto e proteção solar. O seu ajuste regulável garante um encaixe perfeito, ideal para atividades ao ar livre ou para completar um look descontraído.",,,taxable,,1,12,2,0,0,0.2,,,,1,,,45,"Unisex, Bonés","bone, casual, algodao, azul marinho, unisex, acessorio, verao, dia a dia",,processed_images/professional/fotos site1/10-F.jpg,,,,,,,,,0,Material,Algodao,1,0,Temporada,Todas,1,0,0
,simple,CL-BONE-0018,Boné Casual Caramelo Ajustável,1,0,visible,"Boné casual caramelo em algodão, ideal para uso diário e proteção solar. Unissex e ajustável.","Este boné casual em tom caramelo, confecionado em algodão de alta qualidade, oferece conforto e estilo para o dia a dia. Com um design clássico de 6 painéis e ajuste regulável, é perfeito para passeios ao ar livre, desporto ou simplesmente para adicionar um toque descontraído ao seu visual. Durável e versátil, um acessório essencial para todas as estações.",,,taxable,,1,18,2,0,0,0.2,,,,1,,,39.99,"Unisex, Bonés","bone, casual, caramelo, algodao, unissex, verao, ajustavel, desportivo",,processed_images/professional/fotos site1/10-G.jpg,,,,,,,,,0,Material,Algodao,1,0,Temporada,Todas,1,0,0
,simple,CL-BONE-0019,Boné Casual Unissex Castanho Algodão,1,0,visible,"Boné casual de algodão castanho, ideal para o dia a dia e proteção solar.","Este boné clássico em algodão 100% castanho oferece conforto e estilo intemporal. Perfeito para complementar qualquer look casual, seja para um passeio na cidade ou atividades ao ar livre. O seu design ajustável e respirável torna-o um acessório essencial para todas as estações.",,,taxable,,1,15,2,0,0,0.2,,,,1,,,39,"Unisex, Bonés","bone, casual, castanho, algodao, unissex, protecao-solar, acessorio, dia-a-dia",,processed_images/professional/fotos site1/10-H.jpg,,,,,,,,,0,Material,Algodao,1,0,Temporada,Todas,1,0,0
,simple,CL-BONE-0020,Boné Casual Algodão Bege,1,0,visible,"Boné unissexo casual em algodão bege, ideal para o dia a dia e atividades ao ar livre.","Este boné unissexo em algodão na cor bege é perfeito para um look casual e descontraído. Com um design clássico e intemporal, oferece conforto e proteção solar. Ajustável para se adaptar a diferentes tamanhos. Ideal para uso diário, passeios e desporto.",,,taxable,,1,15,2,0,0,0.2,,,,1,,,35,"Unisex, Bonés","boné, casual, bege, algodão, unissexo, desportivo, verão, proteção-solar",,processed_images/professional/fotos site1/10-I.jpg,,,,,,,,,0,Material,Algodao,1,0,Temporada,Todas,1,0,0
,simple,CL-BONE-0021,Boné Casual de Algodão Bege,1,0,visible,"Boné unissexo em algodão bege, ideal para um estilo casual e descontraído no dia a dia.","Este boné casual em algodão de cor bege é um acessório versátil e confortável. Com o seu design clássico de seis painéis e aba curvada, é perfeito para proteger do sol em atividades ao ar livre ou simplesmente complementar um look descontraído. O tecido de algodão de alta qualidade assegura durabilidade e respirabilidade, enquanto o ajuste traseiro garante um encaixe perfeito para a maioria dos tamanhos. Um must-have para qualquer guarda-roupa.",,,taxable,,1,15,2,0,0,0.2,,,,1,,,39,"Unisex, Bonés","bone, casual, algodao, bege, unissex, dia-a-dia, verao, desportivo",,processed_images/professional/fotos site1/10-J.jpg,,,,,,,,,0,Material,Algodao,1,0,Temporada,Todas,1,0,0
,simple,CL-BONE-0022,Boné Casual Algodão Bege Liso,1,0,visible,"Boné casual unissex em algodão bege, perfeito para um look descontraído e confortável. Ajustável e versátil.","Este boné unissex de design clássico e intemporal é fabricado em 100% algodão, proporcionando máximo conforto e respirabilidade. A sua cor bege neutra e sólida facilita a combinação com diversas peças de roupa, tornando-o um acessório essencial para o dia a dia. Possui fecho ajustável na parte traseira para um ajuste perfeito. Ideal para proteção solar e para complementar um estilo casual-chique em qualquer ocasião.",,,taxable,,1,15,2,0,0,0.2,,,,1,,,39,"Unisex, Bonés","bone, casual, algodao, bege, unissex, verao, ajustavel, liso",,processed_images/professional/fotos site1/10-K.jpg,,,,,,,,,0,Material,Algodao,1,0,Temporada,Todas,1,0,0
,simple,CL-BONE-0023,Boné Casual Algodão Bege Clássico,1,0,visible,"Boné unissexo casual em algodão bege, ideal para o dia a dia e proteção solar confortável.","Este boné unissexo em algodão de alta qualidade, na cor bege suave, é perfeito para um look casual e descontraído. Com um design clássico de seis painéis e costuras tonais discretas, oferece um ajuste confortável e proteção solar. Ideal para atividades ao ar livre, desporto ligeiro ou para complementar o seu estilo diário com um toque intemporal e versátil.",,,taxable,,1,18,2,0,0,0.2,,,,1,,,45,"Unisex, Bonés","bone, casual, bege, algodao, unissexo, verao, desportivo, chapeu",,processed_images/professional/fotos site1/10-L.jpg,,,,,,,,,0,Material,Algodao,1,0,Temporada,Todas,1,0,0
,simple,CL-BONE-0024,Boné Casual Algodão Branco,1,0,visible,"Boné casual unissexo de algodão branco, perfeito para o dia a dia e atividades ao ar livre.","Descubra o nosso boné casual branco, um acessório essencial e versátil para qualquer guarda-roupa. Fabricado em 100% algodão de alta qualidade, oferece conforto e respirabilidade ideais para uso diário. Com um design intemporal e ajustável, protege-o do sol com estilo, sendo perfeito para desporto ou lazer. Disponível numa cor neutra que combina com tudo, é um must-have para todas as temporadas.",,,taxable,,1,15,2,0,0,0.2,,,,1,,,40,"Unisex, Bonés","bone, branco, casual, algodao, unissexo, verao, desportivo, protecao-solar",,processed_images/professional/fotos site1/10-M.jpg,,,,,,,,,0,Material,Algodao,1,0,Temporada,Verao,1,0,0
,simple,CL-BONE-0025,Boné Casual Verde Lavado,1,0,visible,"Boné verde de algodão estilo casual, perfeito para um look descontraído e diário.","Boné clássico em algodão macio de cor verde com um acabamento lavado para um toque vintage e descontraído. Este boné possui aba curva e ilhoses bordados para ventilação, garantindo conforto durante todo o dia. Ajustável na parte traseira, é ideal para proteger-se do sol com estilo em qualquer estação, complementando looks casuais e desportivos.",,,taxable,,1,18,2,0,0,0.2,,,,1,,,39.99,"Unisex, Bonés","bone, verde, casual, algodao, unisex, baseball, lavado, acessorio",,processed_images/professional/fotos site1/10-N.jpg,,,,,,,,,0,Material,Algodao,1,0,Temporada,Todas,1,0,0
,simple,CL-BONE-0026,Boné Casual Algodão Deslavado Bege,1,0,visible,"Boné unissexo em algodão com efeito deslavado, perfeito para um look casual e confortável.","Este boné casual unissexo em algodão, com um moderno efeito deslavado na cor bege, é o acessório ideal para o dia a dia. Oferece conforto e proteção solar, sendo perfeito para atividades ao ar livre, passeios urbanos ou simplesmente para completar um look descontraído com um toque vintage. O seu design clássico e ajustável torna-o versátil e fácil de combinar.",,,taxable,,1,12,2,0,0,0.2,,,,1,,,45,"Unisex, Bonés","bone, casual, algodao, bege, unisex, deslavado, verao, vintage",,processed_images/professional/fotos site1/10-O.jpg,,,,,,,,,0,Material,Algodao,1,0,Temporada,Todas,1,0,0
,simple,CL-BONE-0027,Boné Casual Azul Denim Unissexo,1,0,visible,"Boné casual azul em algodão, perfeito para um estilo descontraído no dia a dia. Conforto e versatilidade.","Este boné azul em estilo denim é a peça ideal para complementar qualquer look casual. Fabricado em algodão de alta qualidade, oferece conforto e durabilidade. Com um design simples e ajustável, é perfeito para homens e mulheres que procuram um acessório prático e com estilo para o dia a dia, viagens ou atividades ao ar livre. Um essencial versátil para todas as estações.",,,taxable,,1,12,2,0,0,0.2,,,,1,,,45,"Unisex, Bonés","bone, azul, casual, unissexo, algodao, verao, desportivo, acessorio",,processed_images/professional/fotos site1/10-P.jpg,,,,,,,,,0,Material,Algodao,1,0,Temporada,Todas,1,0,0
,simple,CL-BONE-0028,Boné Casual Algodão Verde Militar,1,0,visible,"Boné unissexo casual em algodão na cor verde militar, ideal para o dia a dia e proteção solar.","Boné casual unissexo em algodão, cor verde militar clássica. Apresenta design descontraído com aba curva e fecho ajustável, garantindo conforto e um encaixe perfeito. Ideal para complementar looks diários, atividades ao ar livre ou simplesmente para um estilo relaxado e moderno. Resistente e fácil de combinar.",,,taxable,,1,15,2,0,0,0.2,,,,1,,,45,"Unisex, Bonés","bone, casual, algodao, verde-militar, unissexo, aba-curva, desportivo, dia-a-dia",,processed_images/professional/fotos site1/10-Q.jpg,,,,,,,,,0,Material,Algodao,1,0,Temporada,Todas,1,0,0
,simple,CL-BONE-0029,Boné Casual Algodão Bege Liso,1,0,visible,"Boné liso em algodão bege, ideal para um look casual e descontraído. Conforto e estilo para o dia a dia.","Este boné casual em algodão de cor bege claro é a peça essencial para complementar qualquer guarda-roupa. Com um design simples e intemporal, oferece conforto e proteção solar. Perfeito para atividades ao ar livre ou para um estilo urbano descontraído, é versátil e fácil de combinar. Fabricado em tecido resistente e respirável, garante durabilidade e bem-estar.",,,taxable,,1,15,2,0,0,0.2,,,,1,,,35,"Unisex, Bonés","bone, casual, bege, algodao, unisex, verao, liso, desportivo",,processed_images/professional/fotos site1/10-R.jpg,,,,,,,,,0,Material,Algodao,1,0,Temporada,Todas,1,0,0
,simple,CL-BONE-0030,Boné Casual Preto Algodão,1,0,visible,"Boné preto clássico em algodão, ideal para uso diário e descontraído.","Boné casual unissexo em algodão 100% de alta qualidade, na cor preta clássica e versátil. Apresenta um design intemporal com aba curva e costuras reforçadas, oferecendo conforto e durabilidade. Perfeito para proteger do sol ou como acessório de moda para qualquer ocasião informal. Ajustável para um encaixe perfeito.",,,taxable,,1,15,2,0,0,0.2,,,,1,,,38,"Unisex, Bonés","bone, preto, casual, algodao, unissexo, aba-curva, verao, acessorio",,processed_images/professional/fotos site1/10-S.jpg,,,,,,,,,0,Material,Algodao,1,0,Temporada,Todas,1,0,0
,simple,CL-BONE-0031,Boné Casual Algodão Cinzento Lavado,1,0,visible,Boné casual unissexo em algodão cinzento com efeito lavado. Perfeito para um estilo descontraído.,"Este boné unissexo de algodão cinzento apresenta um acabamento lavado que lhe confere um visual vintage e descontraído. Com um design clássico e pala curva, é ideal para uso diário, proporcionando conforto e um toque de estilo a qualquer outfit casual. Fecho ajustável para um ajuste perfeito. Versátil para todas as estações.",,,taxable,,1,12,2,0,0,0.2,,,,1,,,38,"Unisex, Bonés","bone, casual, cinza, algodao, unissex, lavado, desportivo, acessorio",,processed_images/professional/fotos site1/10-T.jpg,,,,,,,,,0,Material,Algodao,1,0,Temporada,Todas,1,0,0
,simple,CL-BONE-0032,Boné Casual Algodão Lavado Rosa Desbotado,1,0,visible,"Boné de algodão lavado em tom rosa desbotado, ideal para um look casual e descontraído. Ajustável e confortável.","Aposte no conforto e estilo com este boné de algodão de toque suave e lavagem desbotada em tom rosa. Perfeito para complementar looks casuais, desportivos ou de lazer. Apresenta pala curva e fecho ajustável na parte traseira para um ajuste perfeito. As costuras reforçadas garantem durabilidade. Um acessório versátil para todas as estações.",,,taxable,,1,15,2,0,0,0.2,,,,1,,,39,"Unisex, Bonés","bone, casual, rosa-desbotado, algodao",,processed_images/professional/fotos site1/10.jpg,,,,,,,,,0,Material,Algodao,1,0,Temporada,Todas,1,0,0
,simple,CL-BOINA-0033,Boina Casual Azul Linho,1,0,visible,"Boina unisex casual azul com textura de linho, leve e respirável para o verão.","Descubra a nossa boina casual em tom azul, perfeita para adicionar um toque de estilo descontraído a qualquer conjunto. Fabricada com um material leve que simula linho, oferece respirabilidade e conforto, ideal para os dias quentes de primavera e verão. O seu design clássico com pala discreta adapta-se facilmente a diferentes ocasiões, do passeio no parque ao café com amigos. Uma peça versátil e intemporal para qualquer guarda-roupa.",,,taxable,,1,15,2,0,0,0.2,,,,1,,,45,"Unisex, Chapéus > Boinas","boina, casual, azul, verao",,processed_images/professional/fotos site1/11-A.jpg,,,,,,,,,0,Material,Linho,1,0,Temporada,Verao,1,0,0
,simple,CL-BOINA-0034,Boina Casual de Linho Azul,1,0,visible,"Boina casual de linho azul para homem, perfeita para um look descontraído e elegante.","Aposte no estilo intemporal com esta boina casual de linho azul. Ideal para complementar o seu visual diário com um toque de elegância descontraída. Fabricada em tecido leve e respirável, é perfeita para as estações mais quentes. Um acessório versátil que combina facilmente com camisas, t-shirts e casacos ligeiros. Confortável e sofisticada, eleve o seu estilo com esta peça essencial.",,,taxable,,1,15,2,0,0,0.2,,,,1,,,49,"Homem, Homem > Chapéus > Boinas","boina, casual, azul, linho, homem, acessorios, meia-estacao, estilo",,processed_images/professional/fotos site1/11-B.jpg,,,,,,,,,0,Material,Linho,1,0,Temporada,Meia-estacao,1,0,0
,simple,CL-BOINA-0035,Boina Casual Azul Denim Hologramme Paris,1,0,visible,Boina casual azul estilo denim para um toque moderno e descontraído.,"Adicione um toque de charme casual ao seu guarda-roupa com esta boina azul estilo denim da Hologramme Paris. Confeccionada em material leve e respirável, é perfeita para uso diário. O design clássico da boina combina com diversas ocasiões, desde passeios urbanos a encontros informais, oferecendo conforto e estilo durante a meia-estação.",,,taxable,,1,15,2,0,0,0.2,,,,1,,,49,"Unisex, Chapéus > Boinas","boina, azul, casual, unisex, denim, meia-estacao, hologramme paris, flat cap",,processed_images/professional/fotos site1/11-C.jpg,,,,,,,,,0,Material,Algodao,1,0,Temporada,Meia-estacao,1,0,0
,simple,CL-BOINA-0036,Boina Casual Azul Denim Look,1,0,visible,"Boina casual azul para homem, perfeita para um look descontraído e elegante. Conforto e estilo.","Aposte na elegância descontraída com a nossa Boina Casual Azul. Confeccionada com um tecido leve e respirável que simula linho ou algodão denim, é ideal para o dia a dia. O seu tom azul é versátil, fácil de combinar com diversos looks, do mais casual ao smart-casual. Perfeita para adicionar um toque de estilo vintage ou moderno ao seu guarda-roupa, oferecendo conforto e proteção.",,,taxable,,1,15,2,0,0,0.2,,,,1,,,45,"Homem, Homem > Chapéus > Boinas","boina, casual, azul, homem, acessório, verao, estilo, denim",,processed_images/professional/fotos site1/11.jpg,,,,,,,,,0,Material,Algodao,1,0,Temporada,Verao,1,0,0
,simple,CL-BOINA-0037,Boina Casual de Algodão Bege,1,0,visible,Boina casual bege em algodão para homem e mulher. Conforto e estilo para o dia a dia.,"Aposte na versatilidade e conforto desta boina casual em algodão de tom bege suave. Ideal para complementar looks de primavera e outono, é perfeita para quem procura um acessório prático e estiloso. O seu design intemporal adapta-se a diversos géneros e ocasiões, proporcionando um toque de elegância descontraída. Leve e fácil de combinar, é um essencial para qualquer guarda-roupa.",,,taxable,,1,12,2,0,0,0.2,,,,1,,,45,"Unisex, Chapéus > Boinas","boina, casual, bege, algodao, unisex, chapeu, acessorio, elegante",,processed_images/professional/fotos site1/15-A.jpg,,,,,,,,,0,Material,Algodao,1,0,Temporada,Meia-estacao,1,0,0
,simple,CL-BOINA-0038,Boina Casual Laranja Algodão,1,0,visible,"Boina laranja vibrante em algodão, perfeita para um estilo casual e moderno. Conforto e cor.","Adicione um toque de cor e personalidade ao seu visual com esta boina casual em tom laranja. Confeccionada em algodão macio e respirável, oferece conforto superior para uso diário. O seu design clássico com costuras reforçadas garante durabilidade e um ajuste perfeito. Ideal para um look descontraído em qualquer estação. Uma peça versátil e estilosa.",,,taxable,,1,12,2,0,0,0.2,,,,1,,,45,"Unisex, Chapéus > Boinas","boina, laranja, algodao, casual, unisex, chapeu, acessorio, meia-estacao",,processed_images/professional/fotos site1/15-AA.jpg,,,,,,,,,0,Material,Algodao,1,0,Temporada,Meia-estacao,1,0,0
,simple,CL-BOINA-0039,Boina Casual de Algodão Cinza,1,0,visible,"Boina cinza de algodão estilo casual, perfeita para um look descontraído e moderno.","Esta boina casual em tom cinza claro é confecionada em algodão macio e respirável, garantindo conforto e estilo. Com o seu design clássico de aba curta e costuras visíveis, é o acessório ideal para complementar um look descontraído ou adicionar um toque de elegância vintage. Versátil e fácil de combinar, perfeita para qualquer ocasião e todas as estações.",,,taxable,,1,12,2,0,0,0.2,,,,1,,,45,"Unisex, Chapéus > Boinas","boina, casual, cinza, algodao, unisex, chapéu, estilo-vintage, acessório",,processed_images/professional/fotos site1/15-AB.jpg,,,,,,,,,0,Material,Algodao,1,0,Temporada,Todas,1,0,0
,simple,CL-BOINA-0040,Boina Casual Algodão Preta,1,0,visible,"Boina preta de algodão, estilo casual e confortável para um look intemporal e descontraído.","Desfrute do conforto e estilo clássico com esta boina preta em algodão. O seu design versátil e cor neutra tornam-na perfeita para complementar qualquer visual casual, desde passeios diurnos a encontros informais. Um acessório intemporal que nunca sai de moda e se adapta a diversas ocasiões e estações.",,,taxable,,1,12,2,0,0,0.2,,,,1,,,45,"Unisex, Chapéus > Boinas","boina, preta, algodao, casual, unisex, acessorios",,processed_images/professional/fotos site1/15-AC.jpg,,,,,,,,,0,Material,Algodao,1,0,Temporada,Todas,1,0,0
,simple,CL-BOINA-0041,Boina Casual de Algodão Bege,1,0,visible,"Boina bege em algodão, ideal para um visual casual e confortável.","Desfrute de um estilo descontraído e versátil com esta boina clássica de algodão na cor bege. O seu design atemporal e o tecido leve tornam-na perfeita para o uso diário, adicionando um toque de elegância casual a qualquer conjunto. Ideal para todas as estações, fácil de combinar.",,,taxable,,1,15,2,0,0,0.2,,,,1,,,45,"Unisex, Chapéus > Boinas","boina, casual, algodao, bege, unisex, chapéu, meia-estacao, conforto",,processed_images/professional/fotos site1/15-AD.jpg,,,,,,,,,0,Material,Algodao,1,0,Temporada,Meia-estacao,1,0,0
,simple,CL-BOINA-0042,Boina Casual Algodão Caramelo,1,0,visible,"Boina casual caramelo em algodão, perfeita para um look descontraído e elegante. Conforto e estilo diário.","Desfrute do estilo atemporal com a nossa Boina Casual Caramelo. Confeccionada em algodão macio e respirável, esta boina oferece conforto excecional para uso diário. O seu design clássico com costuras reforçadas e aba discreta complementa qualquer guarda-roupa casual ou vintage. Ideal para passeios urbanos, viagens ou para adicionar um toque de sofisticação ao seu visual.",,,taxable,,1,12,2,0,0,0.2,,,,1,,,45,"Unisex, Chapéus > Boinas","boina, casual, vintage, caramelo",,processed_images/professional/fotos site1/15-AE.jpg,,,,,,,,,0,Material,Algodao,1,0,Temporada,Meia-estacao,1,0,0
,simple,CL-BOINA-0043,Boina Casual de Algodão Bege,1,0,visible,"Boina casual bege de algodão, ideal para um look descontraído e elegante. Conforto e estilo versátil.","A nossa boina casual em algodão bege é o acessório ideal para complementar o seu visual diário. Fabricada em tecido respirável de alta qualidade, oferece conforto e leveza para as estações de transição. O design clássico da boina, aliado à sua cor neutra e versátil, permite combinações fáceis com diversos estilos, do mais descontraído ao smart-casual. Adicione um toque de elegância discreta ao seu guarda-roupa com esta peça intemporal.",,,taxable,,1,12,2,0,0,0.2,,,,1,,,42,"Unisex, Chapéus > Boinas","boina, casual, bege, algodao",,processed_images/professional/fotos site1/15-AF.jpg,,,,,,,,,0,Material,Algodao,1,0,Temporada,Meia-estacao,1,0,0
,simple,CL-BOINA-0044,Boina Clássica Algodão Bege,1,0,visible,"Boina casual unissexo em algodão bege, ideal para um estilo descontraído e confortável.","Adicione um toque de charme clássico ao seu visual com esta boina unissexo em algodão bege. Perfeita para homens e mulheres, esta peça versátil oferece conforto e estilo para todas as estações. O seu design intemporal e a cor neutra facilitam a combinação com diversas roupas, desde looks casuais a mais sofisticados. Fabricada em algodão macio para garantir durabilidade e um ajuste agradável.",,,taxable,,1,15,2,0,0,0.2,,,,1,,,45,"Unisex, Chapéus > Boinas","boina, algodao, bege, casual, unissexo, acessorio",,processed_images/professional/fotos site1/15-B.jpg,,,,,,,,,0,Material,Algodao,1,0,Temporada,Todas,1,0,0
,simple,CL-BOINA-0045,Boina Casual Bege em Algodão,1,0,visible,"Boina casual em algodão bege, ideal para um toque de estilo descontraído em qualquer estação.","Adicione um toque de charme vintage e conforto ao seu look com esta boina casual em algodão bege. Perfeita para uso diário, possui um design clássico e versátil que se adapta a diversos estilos. Leve e respirável, ideal para meia-estação e verão, proporcionando estilo e proteção solar. Ajuste confortável para o dia a dia.",,,taxable,,1,12,2,0,0,0.2,,,,1,,,45,"Unisex, Chapéus > Boinas","boina, casual, bege, algodao",,processed_images/professional/fotos site1/15-C.jpg,,,,,,,,,0,Material,Algodao,1,0,Temporada,Meia-estacao,1,0,0
,simple,CL-BOINA-0046,Boina Casual Verde Algodão Unissexo,1,0,visible,"Boina unissexo verde militar em algodão, perfeita para um look casual e confortável em qualquer estação.","Esta boina casual unissexo é fabricada em algodão macio de alta qualidade na cor verde militar, oferecendo conforto e durabilidade. O seu design clássico com costuras reforçadas adiciona um toque vintage e elegante. Ideal para uso diário, complementa facilmente diversos estilos, desde o mais descontraído ao mais sofisticado. Perfeita para proteção solar ou para adicionar um toque de estilo em climas amenos.",,,taxable,,1,15,2,0,0,0.2,,,,1,,,49,"Unisex, Chapéus > Boinas","boina, unissexo, verde, algodao",,processed_images/professional/fotos site1/15-D.jpg,,,,,,,,,0,Material,Algodao,1,0,Temporada,Todas,1,0,0
,simple,CL-BOINA-0047,Boina Casual de Algodão Verde,1,0,visible,"Boina casual verde em algodão, ideal para um look descontraído e confortável. Perfeita para o dia a dia.","Esta boina casual verde é confeccionada em algodão leve e respirável, proporcionando máximo conforto. O seu design intemporal, com costuras discretas, adapta-se facilmente a diversos estilos, desde o mais descontraído ao um toque vintage. Ideal para meias-estações e verão, oferece proteção solar com um toque de elegância.",,,taxable,,1,12,2,0,0,0.2,,,,1,,,45,"Unisex, Chapéus > Boinas","boina, casual, algodao, verde",,processed_images/professional/fotos site1/15-E.jpg,,,,,,,,,0,Material,Algodao,1,0,Temporada,Meia-estacao,1,0,0
,simple,CL-BOINA-0048,Boina Algodão Azul Marinho Casual,1,0,visible,"Boina unissexo em algodão azul marinho, perfeita para um estilo casual e descontraído.","Adicione um toque de charme casual ao seu look com esta boina de algodão em azul marinho profundo. Confortável e versátil, é ideal para o uso diário em todas as estações. O design clássico da boina, aliado à cor moderna, torna-a uma escolha elegante para quem procura um acessório prático e com estilo para homem ou mulher.",,,taxable,,1,12,2,0,0,0.2,,,,1,,,49,"Unisex, Chapéus > Boinas","boina, unisex, azul-marinho, algodao, casual, chapéu, estilo-vintage, acessório",,processed_images/professional/fotos site1/15-F.jpg,,,,,,,,,0,Material,Algodao,1,0,Temporada,Todas,1,0,0
,simple,CL-BOINA-0049,Boina Casual de Algodão Bege,1,0,visible,"Boina unissex bege em algodão, estilo casual e confortável para qualquer ocasião.","Descubra a versatilidade desta boina unissex bege, confeccionada em algodão macio e respirável. Com um design clássico e um toque casual, é o acessório perfeito para complementar o seu look diário. Ideal para meias-estações, oferece conforto e estilo. As costuras reforçadas garantem durabilidade, tornando-a um item essencial no seu guarda-roupa.",,,taxable,,1,15,2,0,0,0.2,,,,1,,,45,"Unisex, Chapéus > Boinas","boina, casual, bege, algodao, unisex, meia-estacao, acessorio, chapeu",,processed_images/professional/fotos site1/15-G.jpg,,,,,,,,,0,Material,Algodao,1,0,Temporada,Meia-estacao,1,0,0
,simple,CL-BOINA-0050,Boina Casual Algodão Rosa Desbotado,1,0,visible,"Boina casual em algodão rosa desbotado, estilo clássico e confortável.","Adicione um toque de estilo descontraído ao seu visual com esta boina casual em algodão de alta qualidade. Com uma cor rosa desbotado e um design intemporal, é perfeita para o dia a dia. Confortável e versátil, adapta-se a diversas ocasiões e estações. Um acessório essencial para um look moderno e elegante, ideal para primavera e verão.",,,taxable,,1,12,2,0,0,0.2,,,,1,,,39,"Unisex, Chapéus > Boinas","boina, algodao, casual, unisex",,processed_images/professional/fotos site1/15-H.jpg,,,,,,,,,0,Material,Algodao,1,0,Temporada,Meia-estacao,1,0,0
,simple,CL-BOINA-0051,Boina Casual de Algodão Verde Escuro,1,0,visible,Boina masculina casual verde escura de algodão. Estilo clássico e confortável para o dia a dia.,"A Boina Casual de Algodão em verde escuro oferece um estilo intemporal e descontraído. Fabricada em algodão suave, garante conforto e respirabilidade para o uso diário. Perfeita para complementar visuais urbanos ou campestres, adicionando um toque de sofisticação discreta. Um acessório versátil para as estações de transição.",,,taxable,,1,12,2,0,0,0.2,,,,1,,,45,"Homem, Homem > Chapéus > Boinas","boina, masculina, verde, algodao, casual, classico, flat cap, chapeu",,processed_images/professional/fotos site1/15-I.jpg,,,,,,,,,0,Material,Algodao,1,0,Temporada,Meia-estacao,1,0,0
,simple,CL-BOINA-0052,Boina Casual Algodão Verde Escuro,1,0,visible,Boina casual unissexo em algodão verde escuro. Conforto e estilo para o dia a dia.,"Adicione um toque de estilo intemporal ao seu guarda-roupa com esta boina casual em algodão de alta qualidade. Na cor verde escuro, é perfeita para complementar looks diários, desde um passeio descontraído a um encontro informal. Leve e confortável, ideal para uso em meia-estação, proporcionando um visual clássico e moderno.",,,taxable,,1,12,2,0,0,0.2,,,,1,,,45,"Unisex, Chapéus > Boinas","boina, algodao, verde, casual, unissexo, acessorio, chapeu, classico",,processed_images/professional/fotos site1/15-J.jpg,,,,,,,,,0,Material,Algodao,1,0,Temporada,Meia-estacao,1,0,0
,simple,CL-BOINA-0053,Boina Casual Clássica Caramelo,1,0,visible,"Boina unissexo estilo casual caramelo em algodão, ideal para um toque de elegância descontraída.","Adicione um toque de charme intemporal ao seu visual com esta boina clássica em algodão de cor caramelo. Perfeita para um estilo casual e descontraído, ideal para meias-estações. O seu design versátil adapta-se facilmente a diversos looks, proporcionando conforto e um ar sofisticado, seja para homem ou mulher.",,,taxable,,1,15,2,0,0,0.2,,,,1,,,45,"Unisex, Chapéus > Boinas","boina, casual, caramelo, algodao, unissexo, acessorios, chapelaria, estilo",,processed_images/professional/fotos site1/15-K.jpg,,,,,,,,,0,Material,Algodao,1,0,Temporada,Meia-estacao,1,0,0
,simple,CL-BOINA-0054,Boina Casual de Algodão Cinza Escuro,1,0,visible,"Boina casual unissexo em algodão cinza escuro, perfeita para um look descontraído.","Adicione um toque de estilo clássico e casual ao seu guarda-roupa com esta boina unissexo em algodão cinza escuro. Ideal para o dia a dia, esta boina oferece conforto e versatilidade, combinando facilmente com diversas roupas. A sua cor neutra e material resistente tornam-na um acessório duradouro e intemporal para qualquer estação.",,,taxable,,1,12,2,0,0,0.2,,,,1,,,45,"Unisex, Chapéus > Boinas","boina, flat cap, casual, unissexo, cinza, algodao, acessorio, chapeu",,processed_images/professional/fotos site1/15-L.jpg,,,,,,,,,0,Material,Algodao,1,0,Temporada,Meia-estacao,1,0,0
,simple,CL-BOINA-0055,Boina Casual de Algodão Cor Mostarda,1,0,visible,"Boina estilo clássico em algodão mostarda, perfeita para um look casual e confortável.","Desfrute do conforto e estilo com esta boina de algodão na cor mostarda. Com um design clássico e intemporal, é o acessório ideal para complementar o seu guarda-roupa casual. Fabricada com material durável e respirável, é perfeita para uso em meia-estação, adicionando um toque de elegância descontraída.",,,taxable,,1,15,2,0,0,0.2,,,,1,,,45,"Unisex, Chapéus > Boinas","boina, algodao, casual, unisex",,processed_images/professional/fotos site1/15-M.jpg,,,,,,,,,0,Material,Algodao,1,0,Temporada,Meia-estacao,1,0,0
,simple,CL-BOINA-0056,Boina Casual Preta de Algodão,1,0,visible,"Boina casual preta para homem e mulher, ideal para um look descontraído e elegante. Conforto diário.","Descubra a versatilidade desta boina preta em algodão, perfeita para adicionar um toque de estilo casual a qualquer guarda-roupa. Com um design clássico e um ajuste confortável, é ideal para o uso diário em diversas estações. As costuras reforçadas garantem durabilidade. Um acessório essencial para um visual descontraído e moderno.",,,taxable,,1,15,2,0,0,0.2,,,,1,,,45,"Unisex, Chapéus > Boinas","boina, casual, preta, algodao, unisex, elegante, vintage, acessorio",,processed_images/professional/fotos site1/15-N.jpg,,,,,,,,,0,Material,Algodao,1,0,Temporada,Todas,1,0,0
,simple,CL-BOINA-0057,Boina Casual de Algodão Bege Unissexo,1,0,visible,"Boina casual bege em algodão, perfeita para um look descontraído e elegante. Conforto e estilo para o dia a dia.","Descubra a versatilidade da nossa boina casual bege, confecionada em algodão macio para máximo conforto. Com um design intemporal, é o acessório ideal para complementar qualquer conjunto, seja para um passeio no parque ou um encontro com amigos. Adapta-se a vários estilos e estações, adicionando um toque de elegância descontraída ao seu guarda-roupa.",,,taxable,,1,15,2,0,0,0.2,,,,1,,,45,"Unisex, Chapéus > Boinas","boina, algodao, bege, casual, unissexo, acessorios, chapelaria, estilo",,processed_images/professional/fotos site1/15-O.jpg,,,,,,,,,0,Material,Algodao,1,0,Temporada,Meia-estacao,1,0,0
,simple,CL-BOINA-0058,Boina Casual de Algodão Azul,1,0,visible,"Boina casual azul em algodão, perfeita para um look descontraído e estiloso. Confortável e versátil.","Descubra a versatilidade desta boina casual em algodão de tom azul descontraído. O seu design intemporal e material suave garantem conforto para o dia a dia. Ideal para complementar um look desportivo ou adicionar um toque de estilo vintage. Um acessório essencial para qualquer guarda-roupa, adequado para diversas estações do ano.",,,taxable,,1,15,2,0,0,0.2,,,,1,,,45,"Unisex, Chapéus > Boinas","boina, casual, azul, algodao, unisex, vintage, acessorios",,processed_images/professional/fotos site1/15-P.jpg,,,,,,,,,0,Material,Algodao,1,0,Temporada,Todas,1,0,0
,simple,CL-BOINA-0059,Boina Casual Azul Algodão,1,0,visible,"Boina azul casual em algodão, perfeita para um estilo descontraído e confortável no dia a dia.","A boina casual azul em algodão é o acessório ideal para quem procura um toque de estilo e conforto. Confeccionada em tecido de algodão suave, garante leveza e respirabilidade, tornando-a perfeita para uso em meia-estação. O seu design clássico e a cor azul versátil permitem fácil combinação com diversos looks, do mais descontraído ao smart-casual. Uma peça essencial para adicionar elegância e praticidade ao seu guarda-roupa.",,,taxable,,1,12,2,0,0,0.2,,,,1,,,45,"Unisex, Chapéus > Boinas","boina, casual, azul, algodao, unisex, chapeu, meia-estacao, confortavel",,processed_images/professional/fotos site1/15-Q.jpg,,,,,,,,,0,Material,Algodao,1,0,Temporada,Meia-estacao,1,0,0
,simple,CL-BOINA-0060,Boina Casual de Algodão Azul,1,0,visible,"Boina casual azul em algodão, ideal para um toque de estilo descontraído em qualquer estação.","Descubra a versatilidade desta boina casual azul, confeccionada em algodão macio para máximo conforto. O seu design clássico com costuras reforçadas oferece durabilidade e um ajuste perfeito. Perfeita para complementar visuais descontraídos, seja num passeio de fim de semana ou para adicionar um toque vintage ao seu dia a dia. Um acessório indispensável para homens e mulheres que valorizam estilo e praticidade.",,,taxable,,1,12,2,0,0,0.2,,,,1,,,45,"Unisex, Chapéus > Boinas","boina, casual, azul, algodao, unisex, chapeu, estilo, gavroche",,processed_images/professional/fotos site1/15-R.jpg,,,,,,,,,0,Material,Algodao,1,0,Temporada,Todas,1,0,0
,simple,CL-BONE-0061,Boné Estilo Militar Algodão Azul Unissexo,1,0,visible,"Boné unissexo de estilo militar em algodão azul desbotado, ideal para um look casual e descontraído.","Boné unissexo de estilo militar, confeccionado em algodão de alta qualidade com um acabamento desbotado que lhe confere um visual autêntico e moderno. Este acessório versátil em tom azul é perfeito para complementar qualquer outfit casual, oferecendo conforto e durabilidade para uso diário em todas as estações. Possui uma pala estruturada e um design prático.",,,taxable,,1,12,2,0,0,0.2,,,,1,,,45,"Unisex, Bonés","bone, militar, algodao, azul, casual, unissexo, pratico, verao",,processed_images/professional/fotos site1/15-S.jpg,,,,,,,,,0,Material,Algodao,1,0,Temporada,Todas,1,0,0
,simple,CL-BOINA-0062,Boina Casual Branca de Algodão,1,0,visible,"Boina branca unissex de algodão, perfeita para um estilo casual e descontraído. Conforto e leveza.","Desfrute do estilo clássico e do conforto da nossa boina casual em algodão branco. Ideal para o dia a dia, esta boina leve e respirável é perfeita para qualquer estação, adicionando um toque de elegância descontraída ao seu visual. O seu design intemporal adapta-se a homens e mulheres, combinando facilmente com diversas roupas.",,,taxable,,1,12,2,0,0,0.2,,,,1,,,45,"Unisex, Chapéus > Boinas","boina, branca, algodao, casual, unissex, verao, leve, acessorio",,processed_images/professional/fotos site1/15-T.jpg,,,,,,,,,0,Material,Algodao,1,0,Temporada,Todas,1,0,0
,simple,CL-BOINA-0063,Boina Casual Algodão Amarelo Mostarda,1,0,visible,"Boina de algodão unissex em amarelo mostarda, ideal para um toque casual e estiloso.","Boina clássica unissex confeccionada em algodão macio de alta qualidade, na cor amarelo mostarda. Com um design casual e atemporal, esta boina é perfeita para adicionar um toque de estilo vintage ou moderno ao seu guarda-roupa. Confortável e versátil, ideal para o dia a dia e diversas ocasiões. Adicione um pop de cor ao seu look.",,,taxable,,1,12,2,0,0,0.2,,,,1,,,45,"Unisex, Chapéus > Boinas","boina, chapeu casual, amarelo, unissex, algodao, moda",,processed_images/professional/fotos site1/15-U.jpg,,,,,,,,,0,Material,Algodao,1,0,Temporada,Meia-estacao,1,0,0
,simple,CL-BOINA-0064,Boina Casual de Algodão Azul-Acinzentado,1,0,visible,"Boina casual em algodão azul-acinzentado, ideal para um estilo descontraído e moderno. Conforto e elegância.","Adicione um toque de charme e sofisticação ao seu look com esta boina casual em algodão de alta qualidade. Com um design clássico e cor azul-acinzentado versátil, é perfeita para qualquer estação. O tecido respirável garante conforto durante todo o dia, enquanto o corte elegante complementa diversos estilos, do desportivo ao vintage. Um acessório indispensável para homens e mulheres que apreciam estilo e funcionalidade.",,,taxable,,1,12,2,0,0,0.2,,,,1,,,49,"Unisex, Chapéus > Boinas","boina, flat cap, casual, algodão, unisex, azul-acinzentado, clássico, meia-estação",,processed_images/professional/fotos site1/15-V.jpg,,,,,,,,,0,Material,Algodao,1,0,Temporada,Todas,1,0,0
,simple,CL-BOINA-0065,Boina Casual Bege em Algodão,1,0,visible,"Boina casual bege em algodão, ideal para um toque elegante e descontraído. Conforto e estilo para o dia a dia.","Adicione um toque de charme casual ao seu look com esta boina em algodão de cor bege suave. Perfeita para meia-estação, oferece conforto e leveza, ideal para passeios ao ar livre ou para complementar um estilo urbano descontraído. O seu design clássico e a tonalidade neutra tornam-na um acessório versátil e indispensável para qualquer guarda-roupa.",,,taxable,,1,12,2,0,0,0.2,,,,1,,,45,"Unisex, Chapéus > Boinas","boina, casual, bege, algodao",,processed_images/professional/fotos site1/15-X.jpg,,,,,,,,,0,Material,Algodao,1,0,Temporada,Meia-estacao,1,0,0
,simple,CL-BOINA-0066,Boina Casual Verde Oliva Algodão,1,0,visible,"Boina verde oliva em algodão, estilo casual e clássico, perfeita para o dia a dia.","Esta boina casual verde oliva, confeccionada em algodão de alta qualidade, oferece conforto e respirabilidade. O seu design intemporal e a cor versátil tornam-na um acessório essencial para complementar looks descontraídos e elegantes em qualquer estação. Ideal para homem ou mulher.",,,taxable,,1,12,2,0,0,0.2,,,,1,,,45,"Unisex, Chapéus > Boinas","boina, verde, casual, algodao, unisex, classico, flat cap, primavera",,processed_images/professional/fotos site1/15-Z.jpg,,,,,,,,,0,Material,Algodao,1,0,Temporada,Meia-estacao,1,0,0
,simple,CL-BOINA-0067,Boina Casual Algodão Bege,1,0,visible,"Boina casual em algodão bege, perfeita para um look descontraído e elegante. Conforto e estilo.","Esta boina casual em algodão bege é o acessório ideal para complementar o seu estilo. Confeccionada em material respirável e resistente, garante conforto durante todo o dia. O seu design clássico e cor neutra tornam-na versátil, adequada para diversas ocasiões e fácil de combinar com diferentes guarda-roupas, de vintage a moderno.",,,taxable,,1,12,2,0,0,0.2,,,,1,,,45,"Homem, Homem > Chapéus > Boinas","boina, casual, bege, algodao, homem, acessorios, estilo, conforto",,processed_images/professional/fotos site1/15.jpg,,,,,,,,,0,Material,Algodao,1,0,Temporada,Meia-estacao,1,0,0
,simple,CL-BOINA-0068,Boina Casual Ganga Azul Clara,1,0,visible,"Boina unissexo em ganga azul clara, ideal para um look casual e descontraído.","A Boina Casual em Ganga Azul Clara é a peça perfeita para adicionar um toque moderno e descontraído ao seu guarda-roupa. Confeccionada em material com textura de ganga suave, oferece conforto e versatilidade. O seu design clássico com pala rígida e cor azul desbotada torna-a ideal para o uso diário em qualquer estação, adaptando-se a diversos estilos masculinos e femininos.",,,taxable,,1,12,2,0,0,0.2,,,,1,,,49,"Unisex, Chapéus > Boinas","boina, casual, azul, ganga, unissex, acessorio, chapeu",,processed_images/professional/fotos site1/16-A.jpg,,,,,,,,,0,Material,Algodao,1,0,Temporada,Meia-estacao,1,0,0
,simple,CL-BONE-0069,Boné Casual Algodão Azul Claro,1,0,visible,Boné unissexo casual em algodão lavado azul claro com fivela ajustável. Ideal para o dia a dia.,"Boné casual unissexo, fabricado em 100% algodão de alta qualidade com um acabamento lavado em azul claro, conferindo-lhe um look denim moderno e descontraído. Possui uma fivela metálica ajustável na parte traseira para um ajuste perfeito e confortável. Ideal para proteger do sol ou complementar qualquer outfit casual de verão ou meia-estação.",,,taxable,,1,15,2,0,0,0.2,,,,1,,,39.99,"Unisex, Bonés","bone, algodao, azul, casual, unisex, ajustavel, verao, denim",,processed_images/professional/fotos site1/16-B.jpg,,,,,,,,,0,Material,Algodao,1,0,Temporada,Verao,1,0,0
,simple,CL-BOINA-0070,Boina Casual Denim Azul Claro,1,0,visible,"Boina de algodão estilo denim em azul claro, perfeita para um look casual e confortável.","Desfrute do conforto e estilo descontraído com a nossa boina casual em denim azul claro. Confeccionada em algodão macio com efeito lavado, esta boina oferece um toque vintage e é ideal para complementar qualquer visual diário. O design clássico da boina garante um ajuste confortável e versátil para todas as ocasiões.",,,taxable,,1,12,2,0,0,0.2,,,,1,,,45,"Unisex, Chapéus > Boinas","boina, casual, denim, algodao, azul, vintage, unissex, verao, primavera",,processed_images/professional/fotos site1/16-C.jpg,,,,,,,,,0,Material,Algodao,1,0,Temporada,Todas,1,0,0
,simple,CL-BOINA-0071,Boina Casual de Algodão Azul,1,0,visible,"Boina casual unissex em algodão azul, ideal para um look descontraído e moderno.","Esta boina de algodão azul, com um design casual e atemporal, é a escolha perfeita para adicionar um toque de estilo a qualquer visual. Confeccionada com material respirável e durável, oferece conforto superior para uso diário. Apresenta um interior forrado e uma banda ajustável para um encaixe perfeito. Ideal para todas as estações, combina facilmente com outfits urbanos e descontraídos.",,,taxable,,1,15,2,0,0,0.2,,,,1,,,49,"Unisex, Chapéus > Boinas","boina, azul, algodao, casual",,processed_images/professional/fotos site1/16-D.jpg,,,,,,,,,0,Material,Algodao,1,0,Temporada,Todas,1,0,0
,simple,CL-BOINA-0072,Boina Clássica Casual Cinza Algodão,1,0,visible,"Boina casual cinza em algodão, perfeita para um look descontraído e elegante.","Adicione um toque de estilo intemporal ao seu guarda-roupa com esta boina casual cinza. Confeccionada em algodão durável, oferece conforto e um ajuste perfeito para o uso diário. Ideal para complementar um visual descontraído ou um estilo mais sofisticado, adaptando-se a diversas ocasiões. O seu design clássico com pala rígida e botão superior adiciona um charme vintage.",,,taxable,,1,15,2,0,0,0.2,,,,1,,,45,"Unisex, Chapéus > Boinas","boina, casual, cinza, algodao",,processed_images/professional/fotos site1/16-E.jpg,,,,,,,,,0,Material,Algodao,1,0,Temporada,Meia-estacao,1,0,0
,simple,CL-BOINA-0073,Boina Casual Azul Desbotada,1,0,visible,"Boina casual azul com efeito desbotado, ideal para um look moderno e descontraído. Conforto e estilo.","Descubra a Boina Casual Azul com um charmoso efeito desbotado, perfeita para adicionar um toque vintage e descontraído ao seu estilo. Feita em material resistente de algodão, oferece conforto e durabilidade para uso diário. Ideal para todas as estações, combina com diversas roupas para um look moderno e único, adaptando-se a qualquer guarda-roupa.",,,taxable,,1,15,2,0,0,0.2,,,,1,,,49,"Unisex, Chapéus > Boinas","boina, casual, azul, vintage",,processed_images/professional/fotos site1/16-F.jpg,,,,,,,,,0,Material,Algodao,1,0,Temporada,Meia-estacao,1,0,0
,simple,CL-BOINA-0074,Boina Casual Algodão Caqui,1,0,visible,"Boina unissexo em algodão estilo flat cap, perfeita para um look casual e vintage.","Descubra a Boina Casual em Algodão, um acessório versátil para homens e mulheres. Com um tom verde caqui descontraído e acabamento ligeiramente desgastado, esta flat cap é ideal para o dia a dia. Confeccionada em algodão durável, oferece conforto e um toque de estilo vintage para qualquer ocasião informal. Fácil de combinar e usar em várias estações.",,,taxable,,1,15,2,0,0,0.2,,,,1,,,45,"Unisex, Chapéus > Boinas","boina, flat-cap, algodao, casual, unissexo, vintage, verde, chapeu",,processed_images/professional/fotos site1/16-G.jpg,,,,,,,,,0,Material,Algodao,1,0,Temporada,Meia-estacao,1,0,0
,simple,CL-BOINA-0075,Boina Casual Algodão Terracota,1,0,visible,"Boina unissex em algodão cor terracota, estilo casual vintage e confortável.","Descubra a Boina Casual em Algodão na charmosa tonalidade terracota desbotada, perfeita para quem busca um toque vintage e descontraído no estilo diário. Confeccionada em algodão macio e resistente, esta boina oferece conforto e um ajuste ideal. O seu design clássico com costuras reforçadas e a cor quente e versátil complementam outfits casuais e semi-formais. Adicione personalidade e um toque de originalidade ao seu guarda-roupa com este acessório atemporal.",,,taxable,,1,12,2,0,0,0.2,,,,1,,,49.99,"Unisex, Chapéus > Boinas","boina, terracota, casual, vintage",,processed_images/professional/fotos site1/16-H.jpg,,,,,,,,,0,Material,Algodao,1,0,Temporada,Meia-estacao,1,0,0
,simple,CL-BOINA-0076,Boina Casual de Algodão Bege,1,0,visible,"Boina casual em algodão bege, estilo intemporal e confortável para homem e mulher.","Esta boina clássica e casual é confecionada em algodão de cor bege suave, ideal para adicionar um toque de estilo intemporal ao seu guarda-roupa. Perfeita para uso diário, passeios ao ar livre ou para completar um look vintage. O seu design versátil torna-a adequada para homem e mulher em diversas estações, proporcionando leveza e conforto.",,,taxable,,1,15,2,0,0,0.2,,,,1,,,45,"Unisex, Chapéus > Boinas","boina, chapéu, casual, bege, algodão, unisex, vintage, meia-estação",,processed_images/professional/fotos site1/16-I.jpg,,,,,,,,,0,Material,Algodao,1,0,Temporada,Meia-estacao,1,0,0
,simple,CL-BOINA-0077,Boina Casual Denim Preto Desbotado,1,0,visible,"Boina casual de algodão desbotado preto, estilo vintage para homem e mulher. Conforto e estilo para o dia a dia.","Descubra a boina casual em denim preto desbotado, perfeita para um toque de estilo vintage no seu look diário. Fabricada em algodão macio para máximo conforto e durabilidade. O seu design intemporal adapta-se a diversas ocasiões, desde passeios descontraídos a encontros mais informais. Ideal para homem e mulher que procuram um acessório prático e cheio de personalidade.",,,taxable,,1,12,2,0,0,0.2,,,,1,,,45,"Unisex, Chapéus > Boinas","boina, casual, denim, unisex",,processed_images/professional/fotos site1/16-J.jpg,,,,,,,,,0,Material,Algodao,1,0,Temporada,Meia-estacao,1,0,0
,simple,CL-BOINA-0078,Boina Casual Azul Deslavado,1,0,visible,"Boina casual em algodão azul deslavado, ideal para um look moderno e descontraído.","Descubra a versatilidade desta boina casual em algodão de alta qualidade, com um acabamento azul deslavado que remete ao denim. O seu design intemporal e confortável torna-a perfeita para uso diário, complementando qualquer visual descontraído, quer seja para um passeio na cidade ou para um evento informal. Leve e respirável, é o acessório ideal para qualquer estação.",,,taxable,,1,12,2,0,0,0.2,,,,1,,,45,"Unisex, Chapéus > Boinas","boina, casual, azul, algodao, unisex, descontraido, denim",,processed_images/professional/fotos site1/16.jpg,,,,,,,,,0,Material,Algodao,1,0,Temporada,Todas,1,0,0
,simple,CL-BOINA-0079,Boina Newsboy Clássica Preta,1,0,visible,"Boina newsboy preta clássica, perfeita para um look casual e elegante.","Adicione um toque de estilo intemporal ao seu guarda-roupa com esta boina newsboy preta. Ideal para uso diário, o seu design clássico com botão no topo e aba estruturada oferece conforto e versatilidade. Confeccionada em tecido de algodão de alta qualidade, é o acessório perfeito para complementar qualquer visual casual ou semi-formal em diversas estações.",,,taxable,,1,12,2,0,0,0.2,,,,1,,,45,"Unisex, Chapéus > Boinas","boina, newsboy, preta, casual",,processed_images/professional/fotos site1/17-A.jpg,,,,,,,,,0,Material,Algodao,1,0,Temporada,Meia-estacao,1,0,0
,simple,CL-BOINA-0080,Boina Newsboy Clássica Preta,1,0,visible,"Boina Newsboy preta unissexo em lã. Estilo vintage clássico, perfeita para um look casual elegante.","Apresentamos a Boina Newsboy Clássica em preto, um acessório intemporal que confere um toque de elegância vintage a qualquer conjunto. Fabricada em lã de alta qualidade, esta boina oferece conforto e calor, ideal para os dias mais frescos. O seu design unissexo e versátil torna-a perfeita para diversas ocasiões, desde passeios casuais a eventos mais sofisticados. Adicione um charme retro ao seu guarda-roupa.",,,taxable,,1,15,2,0,0,0.2,,,,1,,,55,"Unisex, Chapéus > Boinas","boina, newsboy, vintage, preta",,processed_images/professional/fotos site1/17-B.jpg,,,,,,,,,0,Material,La,1,0,Temporada,Meia-estacao,1,0,0
,simple,CL-BOINA-0081,Boina Clássica Preta Hologramme Paris,1,0,visible,"Boina casual preta Hologramme Paris, estilo clássico e elegante para todas as estações.","Descubra a Boina Clássica Preta da Hologramme Paris, um acessório intemporal que combina elegância e conforto. Perfeita para um toque de sofisticação casual, esta boina é ideal para complementar qualquer visual. Fabricada com materiais de qualidade, oferece durabilidade e estilo. Um must-have para quem aprecia o charme parisiense e versatilidade.",,,taxable,,1,12,2,0,0,0.2,,,,1,,,60,"Unisex, Chapéus > Boinas","boina, casual, classico, unisex",,processed_images/professional/fotos site1/17-C.jpg,,,,,,,,,0,Material,Algodao,1,0,Temporada,Meia-estacao,1,0,0
,simple,CL-BOINA-0082,Boina Newsboy Clássica Preta,1,0,visible,Boina preta clássica unissexo para um toque vintage e elegante no seu dia a dia.,"Adicione um toque de charme vintage ao seu guarda-roupa com esta boina preta clássica. Confeccionada em tecido de algodão de alta qualidade, é confortável e durável, perfeita para uso diário. O design atemporal, com a sua aba discreta e cor sólida, adapta-se a diversos estilos e ocasiões, ideal para homens e mulheres que procuram um acessório prático e sofisticado.",,,taxable,,1,15,2,0,0,0.2,,,,1,,,45,"Unisex, Chapéus > Boinas","boina, preta, unisex, vintage, casual, newsboy, chapéu, acessório",,processed_images/professional/fotos site1/17.jpg,,,,,,,,,0,Material,Algodao,1,0,Temporada,Meia-estacao,1,0,0
,simple,CL-BUCKET-0083,Chapéu Bucket Azul Marinho com Franzido,1,0,visible,"Chapéu bucket feminino azul marinho com detalhes franzidos, perfeito para um look casual e elegante.","Este elegante chapéu bucket em azul marinho é o acessório ideal para um toque de estilo casual e sofisticado. Fabricado em linho macio, apresenta um design exclusivo com franzidos delicados na copa, que adicionam textura e charme. A aba maleável oferece proteção solar e um visual descontraído, tornando-o perfeito para passeios de verão ou para complementar o seu guarda-roupa de meia-estação. Confortável e versátil, adapta-se facilmente a diferentes looks.",,,taxable,,1,12,2,0,0,0.2,,,,1,,,49,"Mulher, Mulher > Chapéus > Bucket Hat","chapeu, bucket, azul, linho",,processed_images/professional/fotos site1/22 (1).jpg,,,,,,,,,0,Material,Linho,1,0,Temporada,Verao,1,0,0
,simple,CL-BUCKET-0084,Chapéu Bucket Drapê Linho Bege,1,0,visible,"Chapéu bucket elegante em linho bege com detalhe drapê, perfeito para um look casual chic e confortável.","Desfrute do conforto e estilo com este chapéu bucket em linho de alta qualidade. Apresenta um design único com coroa franzida (drapê) que adiciona um toque de sofisticação. Ideal para complementar o seu visual de verão ou meia-estação, oferecendo proteção solar e um toque moderno. Leve, respirável e versátil, é o acessório perfeito para o dia a dia ou para escapadelas.",,,taxable,,1,12,2,0,0,0.2,,,,1,,,55,"Mulher, Mulher > Chapéus > Bucket Hat","chapeu-bucket, linho, bege, drape, casual, verao, feminino, protecao-solar",,processed_images/professional/fotos site1/22 (2).jpg,,,,,,,,,0,Material,Linho,1,0,Temporada,Meia-estacao,1,0,0
,simple,CL-BUCKET-0085,Chapéu Bucket Linho Plissado Galgo,1,0,visible,"Chapéu bucket de linho casual com detalhes plissados, perfeito para o verão.","Elegante chapéu bucket em linho de alta qualidade na cor castanha. Com coroa plissada e aba flexível, ideal para proteger do sol com estilo em passeios urbanos ou dias de praia, combinando conforto e sofisticação. Uma peça versátil e moderna.",,,taxable,,1,12,2,0,0,0.2,,,,1,,,55,"Mulher, Mulher > Chapéus > Bucket Hat","chapeu-bucket, linho, casual, feminino, verao",,processed_images/professional/fotos site1/22 (3).jpg,,,,,,,,,0,Material,Linho,1,0,Temporada,Verao,1,0,0
,simple,CL-BUCKET-0086,Bucket Hat de Linho Bege,1,0,visible,"Bucket Hat unissexo em linho bege, ideal para o verão e um look casual e descontraído.","Este bucket hat unissexo em linho bege é a peça perfeita para um estilo casual e descontraído. Confeccionado em linho leve e respirável, oferece conforto e proteção solar, sendo ideal para os dias mais quentes. O seu design versátil combina facilmente com diversas roupas, enquanto o forro preto proporciona um acabamento elegante e maior durabilidade. Perfeito para passeios, praia ou uso no dia a dia.",,,taxable,,1,12,2,0,0,0.2,,,,1,,,45,"Unisex, Chapéus > Bucket Hat","bucket hat, chapeu linho, acessorios verao, estilo casual, unissexo, chapeu bege, protecao solar, moda praia",,processed_images/professional/fotos site1/22 (4).jpg,,,,,,,,,0,Material,Linho,1,0,Temporada,Verao,1,0,0
,simple,CL-BUCKET-0087,Bucket Hat de Linho Bege,1,0,visible,Bucket Hat unissexo em linho bege e forro preto. Perfeito para um look casual de verão.,"Este moderno bucket hat unissexo é confeccionado em linho de alta qualidade na cor bege, proporcionando leveza e respirabilidade, ideal para os dias mais quentes. O forro interno em tecido preto oferece um toque de contraste e maior conforto. Com um design casual e versátil, é o acessório perfeito para proteger-se do sol com estilo na praia, cidade ou festivais.",,,taxable,,1,15,2,0,0,0.2,,,,1,,,45,"Unisex, Chapéus > Bucket Hat","bucket hat, chapeu, linho, casual, verao, unissexo, bege, protecao solar",,processed_images/professional/fotos site1/22 (5).jpg,,,,,,,,,0,Material,Linho,1,0,Temporada,Verao,1,0,0
,simple,CL-BUCKET-0088,Chapéu de Linho Vermelho Dobrável,1,0,visible,"Chapéu feminino de linho vermelho, ideal para o verão, com design dobrável e casual.","Este elegante chapéu feminino em linho vermelho vibrante é perfeito para dias de sol. O seu design dobrável e leve torna-o ideal para viagens e fácil de guardar. Com uma aba flexível e coroa com detalhe franzido, oferece um estilo casual e proteção solar, complementando qualquer look de verão ou férias.",,,taxable,,1,12,2,0,0,0.2,,,,1,,,49,"Mulher, Mulher > Chapéus > Bucket Hat","chapeu, vermelho, linho, verao",,processed_images/professional/fotos site1/22 (6).jpg,,,,,,,,,0,Material,Linho,1,0,Temporada,Verao,1,0,0
,simple,CL-BUCKET-0089,Chapéu Bucket de Linho Azul Marinho,1,0,visible,Chapéu bucket unissexo em linho azul marinho. Perfeito para um look casual e elegante.,"Descubra o nosso chapéu bucket unissexo em linho de alta qualidade, na cor azul marinho. Com um design casual e sofisticado, este chapéu é ideal para proteger-se do sol com estilo. Apresenta pregas decorativas na coroa, adicionando um toque de originalidade. Confortável e leve, é o acessório perfeito para os dias de verão ou para um passeio descontraído. Uma peça versátil que complementa qualquer guarda-roupa.",,,taxable,,1,12,2,0,0,0.2,,,,1,,,49,"Unisex, Chapéus > Bucket Hat","chapéu, bucket hat, linho, azul, casual, verão, unissexo, praia",,processed_images/professional/fotos site1/22 (7).jpg,,,,,,,,,0,Material,Linho,1,0,Temporada,Verao,1,0,0
,simple,CL-OUTROS-0090,Chapéu Casual Vermelho de Linho com Coroa Franzida,1,0,visible,Chapéu vermelho de linho com coroa franzida. Ideal para um look casual e elegante no verão.,"Este elegante chapéu em tonalidade bordeaux, confeccionado em linho de alta qualidade, apresenta uma coroa com detalhes franzidos que conferem um toque de originalidade e sofisticação. A aba média oferece proteção solar e um estilo distinto, perfeito para dias ensolarados. Leve e confortável, é o acessório ideal para complementar o seu visual casual chic, seja para um passeio na cidade ou um evento ao ar livre na primavera/verão.",,,taxable,,1,15,2,0,0,0.2,,,,1,,,55,"Mulher, Mulher > Acessórios","chapeu-feminino, bordeaux, linho, casual, verao, chapeu-sol, elegante, confortavel",,processed_images/professional/fotos site1/22 (8).jpg,,,,,,,,,0,Material,Linho,1,0,Temporada,Verao,1,0,0
,simple,CL-BOINA-0091,Boina Lã Tweed Patchwork Masculina,1,0,visible,"Boina masculina vintage de lã tweed com padrão patchwork e tons terrosos, ideal para um estilo clássico.","Adicione um toque de elegância vintage ao seu guarda-roupa com esta boina de lã tweed para homem. Apresenta um design patchwork distintivo em tons quentes e terrosos de castanho, caramelo e bordeaux. É o acessório perfeito para complementar um look casual com um toque sofisticado durante as estações mais frias. Confortável e durável.",,,taxable,,1,10,2,0,0,0.2,,,,1,,,65,"Homem, Homem > Chapéus > Boinas","boina, tweed, vintage, patchwork",,processed_images/professional/fotos site1/26-A.jpg,,,,,,,,,0,Material,La,1,0,Temporada,Meia-estacao,1,0,0
,simple,CL-BOINA-0092,Boina Patchwork Tweed Clássica,1,0,visible,"Boina de tweed patchwork em tons terrosos, estilo vintage e clássico para homem.","Descubra a Boina Patchwork Tweed Clássica, uma peça única que combina a tradição do tweed com um design moderno de patchwork. Feita de lã de alta qualidade, esta boina oferece conforto e estilo para os meses mais frios. Com tons de castanho, cinza e toques de xadrez, é o acessório perfeito para um look sofisticado e com um toque vintage. Ideal para passeios urbanos ou eventos casuais. Um toque de classe intemporal para o guarda-roupa masculino.",,,taxable,,1,12,2,0,0,0.2,,,,1,,,65,"Homem, Homem > Chapéus > Boinas","boina, tweed, patchwork, vintage, masculino, classico, outono, inverno",,processed_images/professional/fotos site1/26-B.jpg,,,,,,,,,0,Material,La,1,0,Temporada,Meia-estacao,1,0,0
,simple,CL-BOINA-0093,Boina de Lã Xadrez Tweed Clássica,1,0,visible,"Boina de lã pura com padrão xadrez em tweed, estilo clássico e casual para homem e mulher.","Elegante boina de lã pura com padrão xadrez em tweed, ideal para um toque vintage no seu guarda-roupa. Confortável e quente, perfeita para os dias mais frescos de meia-estação e inverno. O seu design intemporal adapta-se a diversos estilos, do casual chic ao mais tradicional, proporcionando estilo e proteção.",,,taxable,,1,12,2,0,0,0.2,,,,1,,,55,"Unisex, Chapéus > Boinas","boina, lã, xadrez, tweed, vintage, casual, clássico, meia-estação, inverno, acessório",,processed_images/professional/fotos site1/26-C.jpg,,,,,,,,,0,Material,La,1,0,Temporada,Meia-estacao,1,0,0
,simple,CL-BOINA-0094,Boina Patchwork Tweed Xadrez,1,0,visible,"Boina masculina estilo patchwork em tweed de lã, com padrões xadrez e castanho mesclado. Perfeita para o inverno.","Descubra a elegância intemporal da nossa boina estilo patchwork, cuidadosamente confecionada em tweed de lã de alta qualidade. Com um design único que combina um tecido castanho mesclado na frente e um vibrante padrão xadrez em tons de castanho, bege e bordeaux na parte traseira, esta boina oferece um toque vintage e casual ao seu visual. Ideal para dias mais frios, proporciona conforto e estilo inconfundível. Um acessório essencial para homens que apreciam peças clássicas com um toque moderno.",,,taxable,,1,12,2,0,0,0.2,,,,1,,,55,"Homem, Homem > Chapéus > Boinas","boina, tweed, xadrez, vintage, casual, masculina, inverno, lã, patchwork",,processed_images/professional/fotos site1/26.jpg,,,,,,,,,0,Material,La,1,0,Temporada,Inverno,1,0,0
,simple,CL-BOINA-0095,Boina Clássica de Lã Azul Escuro,1,0,visible,"Boina clássica de lã em azul escuro, ideal para um toque de elegância casual.","Boina clássica de lã de alta qualidade em tom azul escuro mesclado, perfeita para um estilo casual e sofisticado. Inspirada nos designs intemporais, oferece conforto e aquecimento, sendo ideal para os dias mais frescos. O seu design versátil adapta-se a diversas ocasiões, desde passeios urbanos a eventos mais descontraídos, adicionando um toque vintage ao seu look.",,,taxable,,1,12,2,0,0,0.2,,,,1,,,55,"Homem, Homem > Chapéus > Boinas","boina, la, azul, classico, vintage, masculina, chapéu, inverno, casual",,processed_images/professional/fotos site1/33-A.jpg,,,,,,,,,0,Material,La,1,0,Temporada,Inverno,1,0,0
,simple,CL-BOINA-0096,Boina Newsboy Lã Azul Marinho Vintage,1,0,visible,"Boina Newsboy em lã azul marinho, estilo vintage e casual para homem e mulher.","Esta boina newsboy de lã azul marinho oferece um toque clássico e intemporal ao seu estilo. Feita com material de lã de alta qualidade, proporciona conforto e calor, ideal para as estações mais frias. O seu design versátil adapta-se perfeitamente a looks casuais ou semi-formais, adicionando um charme vintage e sofisticado. Perfeita para um look elegante e descontraído.",,,taxable,,1,12,2,0,0,0.2,,,,1,,,45,"Unisex, Chapéus > Boinas","boina, newsboy, lã, azul, vintage, unisex, casual, inverno",,processed_images/professional/fotos site1/33-B.jpg,,,,,,,,,0,Material,La,1,0,Temporada,Inverno,1,0,0
,simple,CL-BOINA-0097,Boina de Lã Shetland Azul Clássica,1,0,visible,"Boina masculina azul em lã Shetland, estilo clássico e elegante, ideal para um toque vintage.","Boina clássica para homem, confecionada em autêntica lã Shetland azul de alta qualidade. Com um design elegante e atemporal, esta boina made in Italy oferece conforto superior e um toque sofisticado a qualquer look casual ou formal. O forro interno acolchoado garante calor e um ajuste perfeito, tornando-a ideal para os dias mais frios e para quem procura um estilo distintivo.",,,taxable,,1,15,2,0,0,0.2,,,,1,,,65,"Homem, Homem > Chapéus > Boinas","boina, la, masculina, azul, classica, shetland, inverno, vintage, madeinitaly",,processed_images/professional/fotos site1/33-C.jpg,,,,,,,,,0,Material,La,1,0,Temporada,Inverno,1,0,0
,simple,CL-BOINA-0098,Boina Clássica de Lã Azul Marinho,1,0,visible,"Boina clássica de lã azul marinho, perfeita para estilo casual ou formal em dias frios.","Esta boina clássica de lã azul marinho é o acessório perfeito para adicionar um toque de elegância intemporal ao seu guarda-roupa. Confeccionada em lã de alta qualidade, oferece conforto e aquecimento nos dias mais frios. O seu design versátil e a cor sóbria tornam-na ideal para combinar com diversos estilos, do casual ao mais formal. Um clássico reinventado que nunca sai de moda, garantindo estilo e proteção.",,,taxable,,1,15,2,0,0,0.2,,,,1,,,45,"Unisex, Chapéus > Boinas","boina, la, azul, classico",,processed_images/professional/fotos site1/33.jpg,,,,,,,,,0,Material,La,1,0,Temporada,Inverno,1,0,0
,simple,CL-BOINA-0099,Boina Clássica de Lã Preta Pierre Cardin,1,0,visible,"Boina preta de lã estilo clássico Pierre Cardin, perfeita para um look elegante e casual para homem.","Adicione um toque de elegância intemporal ao seu guarda-roupa com esta boina preta clássica da Pierre Cardin. Confeccionada em lã de alta qualidade, oferece conforto e aquecimento ideais para o outono e inverno. O design tradicional, com aba discreta, é perfeito para um estilo casual chic ou para complementar um visual mais formal. Um acessório masculino versátil e indispensável com o distintivo 'P' da marca.",,,taxable,,1,12,2,0,0,0.2,,,,1,,,55,"Homem, Homem > Chapéus > Boinas","boina, chapeu, masculino, preto, la, classico, casual, elegante, pierre cardin, inverno",,processed_images/professional/fotos site1/34-A.jpg,,,,,,,,,0,Material,La,1,0,Temporada,Meia-estacao,1,0,0
,simple,CL-BOINA-0100,Boina Clássica de Lã Preta,1,0,visible,"Boina de lã preta clássica, perfeita para um look casual e elegante no inverno. Unissexo e confortável.","Descubra a elegância intemporal com a nossa boina clássica em lã preta. Este acessório unissexo é ideal para adicionar um toque de sofisticação e calor aos seus looks de outono e inverno. Fabricada com materiais de alta qualidade, proporciona conforto e durabilidade. Perfeita para combinar com casacos de tweed ou para um estilo mais descontraído.",,,taxable,,1,12,2,0,0,0.2,,,,1,,,45,"Unisex, Chapéus > Boinas","boina, chapéu, preto, lã, clássico, unisex, inverno, acessório",,processed_images/professional/fotos site1/34-B.jpg,,,,,,,,,0,Material,La,1,0,Temporada,Inverno,1,0,0
,simple,CL-BOINA-0101,Boina Pierre Cardin Preta Forro Estampado,1,0,visible,Boina preta clássica Pierre Cardin com forro estampado. Estilo casual e confortável.,"Boina elegante Pierre Cardin na cor preta, ideal para um visual casual ou sofisticado. Confeccionada em lã de alta qualidade, oferece conforto e aquecimento. O forro interno vibrante com padrão geométrico em tons de laranja, azul e bege adiciona um toque moderno e distintivo. Um acessório atemporal para as estações mais frias.",,,taxable,,1,12,2,0,0,0.2,,,,1,,,55,"Unisex, Chapéus > Boinas","boina, preta, la, casual, pierre cardin, unisex, inverno, estampado",,processed_images/professional/fotos site1/34-C.jpg,,,,,,,,,0,Material,La,1,0,Temporada,Meia-estacao,1,0,0
,simple,CL-BOINA-0102,Boina Clássica de Lã Cinza Escura,1,0,visible,"Boina clássica unissexo em lã cinza escura, perfeita para um estilo intemporal e confortável.","Adicione um toque de elegância clássica ao seu guarda-roupa com esta boina unissexo de lã de alta qualidade. Ideal para as estações mais frias, oferece conforto e estilo intemporal. O seu tom cinza escuro versátil combina facilmente com diversas roupas, sendo perfeita para um look casual chic ou vintage. Um acessório essencial para o inverno e meia-estação.",,,taxable,,1,12,2,0,0,0.2,,,,1,,,45,"Unisex, Chapéus > Boinas","boina, lã, cinza, clássica, unissex, inverno, chapéu, acessório",,processed_images/professional/fotos site1/34-D.jpg,,,,,,,,,0,Material,La,1,0,Temporada,Inverno,1,0,0
,simple,CL-BOINA-0103,Boina Clássica Masculina Lã Cinza,1,0,visible,"Boina clássica de lã cinza para homem, estilo intemporal e sofisticado para qualquer ocasião.","Descubra a elegância intemporal com a nossa boina clássica masculina. Confeccionada em lã de alta qualidade na cor cinza escuro, é perfeita para adicionar um toque sofisticado e distinto a qualquer look. Ideal para meia-estação e inverno, esta boina oferece conforto, calor e estilo, seja para um passeio casual ou um evento mais formal. Um acessório essencial no guarda-roupa masculino.",,,taxable,,1,15,2,0,0,0.2,,,,1,,,49,"Homem, Homem > Chapéus > Boinas","boina, masculina, cinza, lã, clássica, acessório, chapéu, elegante, vintage, outono",,processed_images/professional/fotos site1/34-E.jpg,,,,,,,,,0,Material,La,1,0,Temporada,Meia-estacao,1,0,0
,simple,CL-BOINA-0104,Boina Casual de Lã Cinza Escuro,1,0,visible,"Boina clássica de lã cinza escura, perfeita para um look casual e elegante no inverno e meia-estação.","Apresentamos a Boina Casual de Lã na cor cinza escuro, um acessório intemporal que combina estilo e conforto. Confeccionada em lã de alta qualidade, esta boina oferece aquecimento e um toque suave. O seu design clássico e versátil torna-a ideal para complementar qualquer visual casual ou semi-formal, seja para um passeio no campo ou um encontro na cidade. Perfeita para as estações mais frias, é um must-have para quem aprecia elegância e praticidade.",,,taxable,,1,15,2,0,0,0.2,,,,1,,,45,"Unisex, Chapéus > Boinas","boina, chapéu de lã, cinza, inverno",,processed_images/professional/fotos site1/34-F.jpg,,,,,,,,,0,Material,La,1,0,Temporada,Inverno,1,0,0
,simple,CL-BOINA-0105,Boina Clássica de Lã Cinzenta Pierre Cardin,1,0,visible,Boina de lã cinzenta escura Pierre Cardin com forro estampado. Elegância e conforto para o dia a dia.,"Boina unissexo de estilo clássico da marca Pierre Cardin, confecionada em lã de alta qualidade num tom cinzento escuro intemporal. O interior é forrado com um tecido vibrante, apresentando um padrão geométrico em tons de bege, azul e branco que adiciona um toque de personalidade. Ideal para as estações mais frias, esta boina oferece conforto e um toque sofisticado a qualquer look, seja casual ou mais formal.",,,taxable,,1,15,2,0,0,0.2,,,,1,,,59,"Unisex, Chapéus > Boinas","boina, lã, cinzenta, Pierre Cardin, casual, classico, inverno, unissex, acessório",,processed_images/professional/fotos site1/34-G.jpg,,,,,,,,,0,Material,La,1,0,Temporada,Inverno,1,0,0
,simple,CL-BOINA-0106,Boina Clássica de Lã Preta,1,0,visible,"Boina clássica unissexo em lã preta, ideal para um toque elegante e casual em qualquer look.","A nossa boina clássica preta é um acessório intemporal e versátil, perfeito para complementar o seu estilo. Fabricada em lã de alta qualidade, proporciona calor e conforto, sendo ideal para as estações mais frias. O seu design elegante e cor neutra tornam-na adequada tanto para homem como para mulher, combinando facilmente com vestuário casual ou mais sofisticado. Um must-have para quem aprecia moda com tradição.",,,taxable,,1,12,2,0,0,0.2,,,,1,,,55,"Unisex, Chapéus > Boinas","boina, lã, preto, clássico",,processed_images/professional/fotos site1/34.jpg,,,,,,,,,0,Material,La,1,0,Temporada,Meia-estacao,1,0,0
,simple,CL-CAPELI-0107,Chapéu Capeline de Palha Natural,1,0,visible,"Chapéu capeline de palha leve e elegante, ideal para praia e verão. Proteção solar casual.","Desfrute do sol com este chapéu capeline de palha natural, com abas largas para máxima proteção solar e um estilo casual sofisticado. Perfeito para a praia, piscina ou passeios de verão, oferece leveza e conforto. O design intemporal em tom bege combina facilmente com qualquer look de verão. Inclui uma fita interna e cordão preto visível.",,,taxable,,1,12,2,0,0,0.2,,,,1,,,49,"Unisex, Chapéus > Capeline","chapéu de palha, capeline, verão, praia",,processed_images/professional/fotos site1/4.jpg,,,,,,,,,0,Material,Palha,1,0,Temporada,Verao,1,0,0
,simple,CL-GORRO-0108,Gorro Pierre Cardin Preto Canelado,1,0,visible,"Gorro Pierre Cardin preto canelado, acessório essencial para estilo e conforto em dias frios.","Este gorro Pierre Cardin preto é a escolha perfeita para adicionar um toque de estilo e aquecimento ao seu visual. Com um design canelado clássico e o icónico logótipo da marca discretamente visível, é ideal para o uso diário em climas mais frios. Confeccionado em material macio e confortável, garante um ajuste perfeito e durabilidade. Um acessório versátil para homem e mulher.",,,taxable,,1,12,2,0,0,0.2,,,,1,,,45,"Unisex, Chapéus > Gorros","gorro, preto, inverno, casual",,processed_images/professional/fotos site1/5-A.jpg,,,,,,,,,0,Material,Sintetico,1,0,Temporada,Inverno,1,0,0
,simple,CL-GORRO-0109,Gorro Unissexo Preto em Malha com Forro Fleece,1,0,visible,Gorro preto casual unissexo com forro em fleece para máximo conforto e aquecimento. Perfeito para o inverno.,"Mantenha-se quente e confortável com este gorro unissexo preto, essencial para os dias frios. Fabricado com uma camada exterior em malha durável e um interior forrado em fleece suave, proporciona isolamento térmico superior. O design clássico e versátil adapta-se a qualquer estilo casual ou desportivo, ideal para atividades ao ar livre ou para o dia a dia. Inclui etiqueta de marca.",,,taxable,,1,15,2,0,0,0.2,,,,1,,,39,"Unisex, Chapéus > Gorros","gorro, preto, fleece, inverno",,processed_images/professional/fotos site1/5-B.jpg,,,,,,,,,0,Material,Sintetico,1,0,Temporada,Inverno,1,0,0
,simple,CL-GORRO-0110,Gorro Pierre Cardin Preto Casual,1,0,visible,"Gorro preto Pierre Cardin, macio e quente, ideal para um look casual nos dias frios.","Este gorro preto unissexo da Pierre Cardin é uma peça essencial para o seu guarda-roupa de inverno. Confeccionado em material sintético de alta qualidade, oferece um toque macio e o calor necessário para os dias mais frios. O design clássico com a dobra na base e o logótipo distintivo da marca confere um toque de estilo discreto e moderno. Perfeito para complementar qualquer outfit casual, garantindo conforto e aquecimento.",,,taxable,,1,15,2,0,0,0.2,,,,1,,,45,"Unisex, Chapéus > Gorros","gorro, preto, casual, inverno, pierre cardin, unisex, beanie, malha",,processed_images/professional/fotos site1/5.jpg,,,,,,,,,0,Material,Sintetico,1,0,Temporada,Inverno,1,0,0
,simple,CL-BUCKET-0111,Bucket Hat Padrão Tropical Ondas Azuis e Verdes,1,0,visible,"Bucket hat vibrante com padrão de ondas e folhas tropicais em azul, verde e branco. Ideal para o verão.","Adicione um toque de frescura e estilo ao seu verão com o Bucket Hat Padrão Tropical. Este chapéu versátil apresenta um design cativante que mistura padrões de ondas dinâmicas em vários tons de azul e verde, complementados por elementos florais brancos e folhagem tropical. Confeccionado em algodão respirável, oferece conforto e proteção solar, sendo a escolha perfeita para a praia, festivais ou um passeio descontraído. Um acessório unisex que complementa qualquer look casual.",,,taxable,,1,12,2,0,0,0.2,,,,1,,,45,"Unisex, Chapéus > Bucket Hat","bucket-hat, tropical, verao, estampado, casual",,processed_images/professional/fotos site1/6 (1).jpg,,,,,,,,,0,Material,Algodao,1,0,Temporada,Verao,1,0,0
,simple,CL-BUCKET-0112,Bucket Hat Riscas Azuis e Brancas,1,0,visible,"Bucket hat moderno com padrão de riscas em azul e branco, ideal para um look casual e estiloso.","Este bucket hat unissexo apresenta um design arrojado com riscas diagonais em azul-marinho e branco, criando um padrão dinâmico. O rebordo inferior do chapéu é em preto liso, adicionando um contraste subtil. Confeccionado em algodão, é leve e confortável, perfeito para o verão ou festivais. O acessório ideal para complementar o seu visual descontraído.",,,taxable,,1,12,2,0,0,0.2,,,,1,,,45,"Unisex, Chapéus > Bucket Hat","bucket-hat, riscas, azul, branco, casual, verao, unisex, acessorios",,processed_images/professional/fotos site1/6 (10).jpg,,,,,,,,,0,Material,Algodao,1,0,Temporada,Verao,1,0,0
,simple,CL-BUCKET-0113,Bucket Hat Tropical Ondas Laranja,1,0,visible,Bucket hat vibrante com padrão de ondas e folhas tropicais em tons de laranja. Perfeito para o verão.,"Este bucket hat unissex e moderno apresenta um design exuberante com uma estampa abstrata de ondas em branco e folhas em rosa/laranja sobre um fundo laranja vívido. Confeccionado em tecido leve e respirável (provavelmente algodão), é ideal para proteção solar com estilo em dias quentes. Um acessório casual e indispensável para praia, piscina ou festivais.",,,taxable,,1,12,2,0,0,0.2,,,,1,,,45,"Unisex, Chapéus > Bucket Hat","bucket hat, verao, estampado, unisex, praia, laranja, casual, moderno",,processed_images/professional/fotos site1/6 (11).jpg,,,,,,,,,0,Material,Algodao,1,0,Temporada,Verao,1,0,0
,simple,CL-BUCKET-0114,Bucket Hat Tropical Ondas Verdes e Azuis,1,0,visible,Bucket hat colorido com padrão tropical e ondas em tons de verde e azul. Ideal para um look casual de verão.,"Este vibrante bucket hat apresenta um padrão artístico que combina folhas tropicais e ondas estilizadas em diversas tonalidades de verde e azul. Confeccionado em algodão leve e confortável, é o acessório perfeito para os dias quentes, oferecendo proteção solar com um toque de estilo. Versátil e moderno, é ideal para festivais, passeios na praia ou para complementar qualquer outfit casual de verão.",,,taxable,,1,12,2,0,0,0.2,,,,1,,,45,"Unisex, Chapéus > Bucket Hat","bucket-hat, verde, azul, estampado, tropical, verao, casual, unisex, algodao, chapeu",,processed_images/professional/fotos site1/6 (12).jpg,,,,,,,,,0,Material,Algodao,1,0,Temporada,Verao,1,0,0
,simple,CL-BUCKET-0115,Bucket Hat Tropical Folhas Vibrantes,1,0,visible,"Bucket hat unissexo com padrão de folhas tropicais em tons vibrantes de branco, verde e roxo. Perfeito para o verão.","Aposte no estilo descontraído com o nosso Bucket Hat de design tropical. Apresenta um padrão exuberante de folhas em tons de verde, roxo e azul sobre um fundo branco nítido, realçado por um acabamento verde vibrante na aba. Ideal para dias de praia, festivais ou para adicionar um toque de cor e originalidade aos seus looks de verão. Feito em material confortável e durável, este chapéu unissexo é um acessório indispensável para qualquer estação quente.",,,taxable,,1,12,2,0,0,0.2,,,,1,,,45,"Unisex, Chapéus > Bucket Hat","bucket-hat, estampado-tropical, verao, unisexo",,processed_images/professional/fotos site1/6 (2).jpg,,,,,,,,,0,Material,Algodao,1,0,Temporada,Verao,1,0,0
,simple,CL-BUCKET-0116,Bucket Hat Estampado Abstrato Vibrante,1,0,visible,Bucket Hat colorido e moderno com estampa abstrata. Perfeito para um look casual de verão.,"Desperte o seu espírito livre com o nosso Bucket Hat de estampa abstrata vibrante. Ideal para um toque de cor e estilo em dias de sol, este chapéu combina conforto e modernidade. Confeccionado em algodão leve, é perfeito para festivais, passeios na praia ou para complementar qualquer outfit casual com um toque original e artístico. A aba oferece proteção solar e o design unisex garante versatilidade. Adicione um acessório trendy ao seu guarda-roupa!",,,taxable,,1,12,2,0,0,0.2,,,,1,,,49,"Unisex, Chapéus > Bucket Hat","bucket hat, chapeu de verao, estampado, colorido, casual, unisex, moderno, tendencia",,processed_images/professional/fotos site1/6 (3).jpg,,,,,,,,,0,Material,Algodao,1,0,Temporada,Verao,1,0,0
,simple,CL-BUCKET-0117,Bucket Hat Estampa Tropical Vibrante,1,0,visible,"Bucket hat unissexo com estampa de folhas tropicais coloridas, perfeito para um look de verão.","Chapéu bucket hat unissexo, ideal para a primavera e o verão. Apresenta uma vibrante estampa de folhas tropicais em tons de azul, rosa, verde e fúcsia sobre um fundo branco imaculado, com um rebordo em fúcsia. Confeccionado em tecido leve e respirável (sintético), oferece conforto e estilo para dias de sol, festivais ou um toque divertido ao seu outfit casual. Um acessório trendy e versátil.",,,taxable,,1,12,2,0,0,0.2,,,,1,,,39,"Unisex, Chapéus > Bucket Hat","bucket hat, chapeu de verao, estampado tropical, moda praia, casual, unissexo, acessorio colorido, verao",,processed_images/professional/fotos site1/6 (4).jpg,,,,,,,,,0,Material,Sintetico,1,0,Temporada,Verao,1,0,0
,simple,CL-BUCKET-0118,Bucket Hat Unissexo Bege com Detalhe Verde,1,0,visible,"Bucket Hat casual unissexo em bege com pormenor verde, ideal para estilo e proteção solar.","Desfrute do verão com este Bucket Hat unissexo versátil em tom bege neutro, realçado por um vibrante detalhe verde na aba. Fabricado em algodão confortável, oferece um toque casual e moderno a qualquer look, ao mesmo tempo que protege do sol. Perfeito para festivais, passeios ou uso diário, é leve e fácil de combinar.",,,taxable,,1,15,2,0,0,0.2,,,,1,,,45,"Unisex, Chapéus > Bucket Hat","bucket hat, chapeu de sol, bege, verde, casual, unissexo, verao, algodao",,processed_images/professional/fotos site1/6 (5).jpg,,,,,,,,,0,Material,Algodao,1,0,Temporada,Verao,1,0,0
,simple,CL-BUCKET-0119,Chapéu Bucket Reversível Bege e Estampado,1,0,visible,"Chapéu bucket reversível bege com interior estampado tropical, ideal para um look casual e versátil.","Descubra a versatilidade do nosso chapéu bucket reversível. Com um lado em bege clássico e discreto, e outro com uma vibrante estampa tropical em tons de rosa, azul e verde, este chapéu é ideal para qualquer aventura. Feito de algodão durável, oferece proteção solar e conforto, adaptando-se facilmente ao seu estilo. Perfeito para a praia, passeios urbanos ou festivais, garantindo sempre um toque de cor e originalidade.",,,taxable,,1,12,2,0,0,0.2,,,,1,,,45,"Unisex, Chapéus > Bucket Hat","bucket hat, chapeu reversivel, moda verao, acessorio casual, estampado, bege, unisex, protecao solar",,processed_images/professional/fotos site1/6 (6).jpg,,,,,,,,,0,Material,Algodao,1,0,Temporada,Verao,1,0,0
,simple,CL-BUCKET-0120,Bucket Hat Estampado Folhas Tropicais,1,0,visible,"Bucket hat unisex com estampa de folhas tropicais, ideal para um estilo casual e descontraído.","Chapéu bucket hat moderno e versátil, perfeito para o verão. Apresenta uma vibrante estampa de folhas em tons de verde e castanho sobre fundo branco, complementado por uma fita decorativa em caramelo. Confeccionado em tecido leve e confortável, é ideal para praia, passeios ou festivais, adicionando um toque de estilo tropical ao seu look.",,,taxable,,1,15,2,0,0,0.2,,,,1,,,45,"Unisex, Chapéus > Bucket Hat","bucket hat, chapéu de verão, estampado, tropical, unisex, casual, praia, acessório",,processed_images/professional/fotos site1/6 (7).jpg,,,,,,,,,0,Material,Sintetico,1,0,Temporada,Verao,1,0,0
,simple,CL-BUCKET-0121,Bucket Hat Tropical Verão Laranja e Branco,1,0,visible,"Bucket hat unissexo com padrão tropical vibrante. Ideal para sol e praia, leve e estiloso.","Este bucket hat unissexo é a peça ideal para adicionar um toque de cor e descontração aos seus dias de sol. Apresenta um padrão tropical vibrante com folhas em tons de laranja, amarelo e castanho sobre um fundo branco imaculado. A fita decorativa em laranja puro na base da coroa complementa o design. Confeccionado em material leve e respirável, oferece proteção solar com muito estilo. Perfeito para a praia, festivais, passeios na cidade ou qualquer aventura de verão.",,,taxable,,1,12,2,0,0,0.2,,,,1,,,45,"Unisex, Chapéus > Bucket Hat","bucket hat, verao, tropical, unissexo, praia, laranja, estampado",,processed_images/professional/fotos site1/6 (8).jpg,,,,,,,,,0,Material,Algodao,1,0,Temporada,Verao,1,0,0
,simple,CL-BUCKET-0122,Bucket Hat Listrado Azul e Branco,1,0,visible,"Bucket hat moderno com padrão de riscas em azul e branco, ideal para um look casual e de verão.","Este bucket hat unissexo combina estilo e conforto com o seu design de riscas diagonais em azul-marinho e branco. Perfeito para proteger do sol em dias de verão, festivais ou simplesmente para adicionar um toque de moda ao seu outfit casual. Fabricado em tecido resistente, é leve e fácil de transportar, tornando-o um acessório indispensável para qualquer guarda-roupa.",,,taxable,,1,15,2,0,0,0.2,,,,1,,,45,"Unisex, Chapéus > Bucket Hat","bucket hat, chapéu de sol, riscas, azul e branco, casual, verão, unisex, moda praia",,processed_images/professional/fotos site1/6 (9).jpg,,,,,,,,,0,Material,Algodao,1,0,Temporada,Verao,1,0,0
,simple,CL-CAPELI-0123,Chapéu Capeline Vermelho Vibrante,1,0,visible,"Chapéu capeline vermelho vibrante, ideal para sol e praia.","Chapéu capeline vermelho vibrante e moderno, perfeito para os dias de verão. Fabricado em material sintético trançado, oferece uma aba larga para proteção solar eficaz, combinando estilo casual com funcionalidade. Leve e confortável, é o acessório ideal para a praia, piscina ou passeios ensolarados, adicionando um toque de cor e elegância ao seu look.",,,taxable,,1,12,2,0,0,0.2,,,,1,,,49,"Mulher, Mulher > Chapéus > Capeline","chapeu, capeline, vermelho, sol, verao, praia, mulher, acessorio, casual, protecao-solar",,processed_images/professional/fotos site1/CLOCHE/23-A (1).jpg,,,,,,,,,0,Material,Sintetico,1,0,Temporada,Verao,1,0,0
,simple,CL-CAPELI-0124,Chapéu Capeline de Palha Aba Larga,1,0,visible,Chapéu capeline de palha com aba extragrande para proteção solar e estilo elegante no verão.,"Desfrute do sol com estilo e proteção máxima usando este chapéu capeline de palha natural. A sua aba extragrande oferece uma excelente cobertura para o rosto e pescoço, ideal para a praia, piscina ou passeios ao ar livre. Leve e arejado, é o acessório perfeito para os dias quentes de verão, adicionando um toque de elegância a qualquer look casual.",,,taxable,,1,12,2,0,0,0.2,,,,1,,,45,"Mulher, Mulher > Chapéus > Capeline","chapeu, palha, capeline, aba-larga, verao, protecao-solar, feminino, praia",,processed_images/professional/fotos site1/CLOCHE/23-A (10).jpg,,,,,,,,,0,Material,Palha,1,0,Temporada,Verao,1,0,0
,simple,CL-CAPELI-0125,Chapéu Capeline de Palha Bege,1,0,visible,"Elegante chapéu capeline de palha bege, ideal para proteção solar e estilo casual de verão.","Proteja-se do sol com estilo neste chapéu capeline de palha em tom bege neutro. Perfeito para a praia, piscina ou um passeio relaxante, este acessório versátil complementa qualquer look de verão, oferecendo conforto e um toque de elegância natural. O seu design clássico com abas largas garante máxima proteção e um charme intemporal.",,,taxable,,1,12,2,0,0,0.2,,,,1,,,45,"Mulher, Mulher > Chapéus > Capeline","chapeu, capeline, palha, verao, praia, bege, protecao-solar, casual, mulher, acessorio",,processed_images/professional/fotos site1/CLOCHE/23-A (11).jpg,,,,,,,,,0,Material,Palha,1,0,Temporada,Verao,1,0,0
,simple,CL-CAPELI-0126,Chapéu Capeline Listrado Verão Preto e Branco,1,0,visible,"Chapéu capeline listrado em preto e branco, perfeito para o verão e proteção solar com estilo.","Desfrute do sol com este elegante chapéu capeline, apresentando um design clássico de riscas em preto e branco. A sua aba larga oferece uma excelente proteção contra os raios solares, sendo o acessório ideal para a praia, piscina ou qualquer atividade ao ar livre. Leve e confortável, adiciona um toque de sofisticação casual aos seus looks de verão.",,,taxable,,1,12,2,0,0,0.2,,,,1,,,45,"Mulher, Mulher > Chapéus > Capeline","chapeu-sol, capeline, listrado, verao, praia, feminino, protecao-solar, casual",,processed_images/professional/fotos site1/CLOCHE/23-A (12).jpg,,,,,,,,,0,Material,Sintetico,1,0,Temporada,Verao,1,0,0
,simple,CL-CAPELI-0127,Chapéu Capeline de Palha Bege Aba Larga,1,0,visible,"Chapéu capeline de palha bege, ideal para praia e verão. Proteção solar elegante.","Este elegante chapéu capeline em palha bege é o acessório perfeito para os seus dias de verão. Com a sua aba larga, oferece excelente proteção solar e um toque de sofisticação a qualquer look de praia ou piscina. Leve e confortável, é um must-have para a estação quente.",,,taxable,,1,15,2,0,0,0.2,,,,1,,,49,"Mulher, Mulher > Chapéus > Capeline","chapeu, palha, capeline, verao",,processed_images/professional/fotos site1/CLOCHE/23-A (13).jpg,,,,,,,,,0,Material,Palha,1,0,Temporada,Verao,1,0,0
,simple,CL-OUTROS-0128,Chapéu de Palha com Fita Caramelo,1,0,visible,"Chapéu de palha feminino estilo sun hat, perfeito para verão e proteção solar.","Este chapéu de palha feminino combina estilo e proteção solar, ideal para os dias quentes. Apresenta uma coroa redonda e uma aba média ligeiramente curvada, oferecendo um look elegante e funcional. A fita decorativa em tom caramelo, adornada com um discreto emblema metálico 'M', adiciona um toque sofisticado. Perfeito para passeios, praia, férias ou eventos ao ar livre, é leve, confortável e um acessório indispensável para o verão.",,,taxable,,1,12,2,0,0,0.2,,,,1,,,55,"Mulher, Mulher > Acessórios","chapeu-palha, verao, feminino, protecao-solar, casual, elegante, acessorio, praia",,processed_images/professional/fotos site1/CLOCHE/23-A (2).jpg,,,,,,,,,0,Material,Palha,1,0,Temporada,Verao,1,0,0
,simple,CL-CAPELI-0129,Chapéu Capeline de Palha Marrom Escuro,1,0,visible,"Chapéu capeline feminino de palha castanha com aba larga e banda interna preta, ideal para o verão.","Este elegante chapéu capeline de palha em tom castanho escuro é um acessório perfeito para o verão. Com sua aba larga, oferece excelente proteção solar e um toque de estilo casual sofisticado. Possui uma banda interna preta para maior conforto e um acabamento elegante. Ideal para a praia, piscina ou passeios ao ar livre.",,,taxable,,1,15,2,0,0,0.2,,,,1,,,48,"Mulher, Mulher > Chapéus > Capeline","verao, praia, sol, palha, feminino, casual, protecao-solar, acessorio-feminino",,processed_images/professional/fotos site1/CLOCHE/23-A (3).jpg,,,,,,,,,0,Material,Palha,1,0,Temporada,Verao,1,0,0
,simple,CL-OUTROS-0130,Chapéu de Palha Boater Branco com Fita Preta,1,0,visible,"Chapéu de palha estilo boater branco com fita preta, ideal para o verão e eventos elegantes.","Este chapéu de palha branco, no estilo boater (canotier), apresenta uma fita preta clássica e um delicado detalhe metálico """"M"""". Perfeito para um look sofisticado e proteção solar em dias de verão, passeios de barco ou eventos ao ar livre. Um acessório atemporal que adiciona elegância a qualquer guarda-roupa.",,,taxable,,1,12,2,0,0,0.2,,,,1,,,55,"Mulher, Mulher > Acessórios","chapeu, boater, canotier, palha, branco, preto, verao, feminino, elegante, praia, sol",,processed_images/professional/fotos site1/CLOCHE/23-A (4).jpg,,,,,,,,,0,Material,Palha,1,0,Temporada,Verao,1,0,0
,simple,CL-CAPELI-0131,Chapéu de Palha Bege com Laço Cinza,1,0,visible,"Elegante chapéu de palha feminino bege com laço cinza, ideal para o verão e proteção solar.","Este clássico chapéu de palha capeline bege é o acessório perfeito para os seus dias de verão. Com uma aba larga que oferece excelente proteção solar e um vistoso laço de gorgurão em cinza, combina elegância e funcionalidade. Ideal para praia, piscina ou passeios ao ar livre, adicionando um toque sofisticado ao seu look casual.",,,taxable,,1,15,2,0,0,0.2,,,,1,,,45,"Mulher, Mulher > Chapéus > Capeline","chapeu-palha, verao, feminino, protecao-solar",,processed_images/professional/fotos site1/CLOCHE/23-A (5).jpg,,,,,,,,,0,Material,Palha,1,0,Temporada,Verao,1,0,0
,simple,CL-CAPELI-0132,Capeline Preto com Fita Bege M,1,0,visible,"Capeline feminino preto de palha com fita bege, ideal para o verão e um look elegante.","Capeline elegante em palha preta, perfeito para proteger do sol com estilo. Apresenta uma fita decorativa bege claro e um detalhe metálico discreto com a letra 'M'. Ideal para passeios de verão, praia ou eventos ao ar livre, adicionando um toque de sofisticação a qualquer conjunto.",,,taxable,,1,12,2,0,0,0.2,,,,1,,,55,"Mulher, Mulher > Chapéus > Capeline","capeline, chapeu-de-sol, verao, feminino, palha, preto, bege, praia",,processed_images/professional/fotos site1/CLOCHE/23-A (6).jpg,,,,,,,,,0,Material,Palha,1,0,Temporada,Verao,1,0,0
,simple,CL-CAPELI-0133,Capeline de Palha com Laço Branco,1,0,visible,Elegante chapéu capeline de palha caramelo com fita branca para verão. Proteção solar e estilo.,"Desfrute do sol com este chapéu capeline de palha natural na cor caramelo. O seu design clássico e aba larga oferecem excelente proteção solar, enquanto o laço decorativo em fita branca adiciona um toque de elegância e feminilidade. Perfeito para a praia, piscina ou passeios de verão, combinando conforto e estilo.",,,taxable,,1,12,2,0,0,0.2,,,,1,,,49,"Mulher, Mulher > Chapéus > Capeline","chapeu-de-sol, palha, verao, feminino",,processed_images/professional/fotos site1/CLOCHE/23-A (7).jpg,,,,,,,,,0,Material,Palha,1,0,Temporada,Verao,1,0,0
,simple,CL-CAPELI-0134,Capeline Coral de Palha com Fita Preta,1,0,visible,"Chapéu capeline coral de palha com fita preta, elegante e perfeito para dias de sol.","Desfrute do verão com este elegante chapéu capeline coral, fabricado em palha natural de alta qualidade. Adornado com uma fita preta sofisticada e um detalhe metálico, oferece um toque de classe e proteção solar. Ideal para praia, passeios ou eventos ao ar livre, combinando estilo e conforto.",,,taxable,,1,12,2,0,0,0.2,,,,1,,,55,"Mulher, Mulher > Chapéus > Capeline","chapeu-de-palha, verao, feminino, elegante, praia, acessorio-sol, capeline-coral",,processed_images/professional/fotos site1/CLOCHE/23-A (8).jpg,,,,,,,,,0,Material,Palha,1,0,Temporada,Verao,1,0,0
,simple,CL-CAPELI-0135,Chapéu Capeline Preto de Verão,1,0,visible,"Chapéu capeline preto elegante, ideal para praia e proteção solar. Estilo casual e moderno.","Este chapéu capeline preto é o acessório perfeito para os dias de sol, seja na praia, piscina ou passeios ao ar livre. Fabricado em material sintético resistente e leve, oferece excelente proteção solar com a sua aba larga. O seu design intemporal e a cor preta versátil tornam-no fácil de combinar com qualquer guarda-roupa de verão, adicionando um toque de elegância casual.",,,taxable,,1,15,2,0,0,0.2,,,,1,,,45,"Mulher, Mulher > Chapéus > Capeline","chapéu de sol, capeline, preto, verão, praia, acessório feminino, proteção solar, casual",,processed_images/professional/fotos site1/CLOCHE/23-A (9).jpg,,,,,,,,,0,Material,Sintetico,1,0,Temporada,Verao,1,0,0
,simple,CL-OUTROS-0136,Chapéu Canotier de Palha Bege,1,0,visible,"Chapéu canotier de palha bege, ideal para um estilo clássico e elegante no verão.","Descubra o nosso chapéu canotier de palha bege, perfeito para adicionar um toque clássico e sofisticado aos seus looks de verão. Feito com palha natural de alta qualidade, possui uma fita em tom bege que complementa o design. Ideal para passeios à beira-mar, eventos ao ar livre ou para um visual elegante e intemporal.",,,taxable,,1,12,2,0,0,0.2,,,,1,,,55,"Unisex, Acessórios","chapéu de palha, canotier, verão, clássico",,processed_images/professional/fotos site1/PALHA/10-A.jpg,,,,,,,,,0,Material,Palha,1,0,Temporada,Verao,1,0,0
,simple,CL-CHAPEU-0137,Chapéu de Palha Panamá Leve Bege,1,0,visible,"Chapéu de palha estilo Panamá, leve e casual para verão. Proteção solar elegante.","Desfrute do verão com este chapéu de palha estilo Panamá, unissexo e versátil. Fabricado com palha leve e arejada na cor bege natural, oferece excelente proteção solar e um toque de elegância casual. Perfeito para praia, passeios ou eventos ao ar livre. O interior conta com uma fita preta confortável para um ajuste ideal.",,,taxable,,1,15,2,0,0,0.2,,,,1,,,49,"Unisex, Chapéus > Panama","chapéu de palha, verão, unisex, casual",,processed_images/professional/fotos site1/PALHA/10-B.jpg,,,,,,,,,0,Material,Palha,1,0,Temporada,Verao,1,0,0
,simple,CL-CHAPEU-0138,Chapéu Fedora Palha Bege,1,0,visible,"Chapéu Fedora de palha bege, estilo casual unissexo para verão. Elegante e confortável.","Descubra o nosso Chapéu Fedora de palha bege, um acessório unissexo indispensável para os dias quentes. Com um design clássico e fita decorativa em tom ligeiramente contrastante caramelo, este chapéu combina elegância e conforto. Ideal para praia, passeios urbanos ou eventos ao ar livre, protegendo-o com estilo nos dias de sol.",,,taxable,,1,12,2,0,0,0.2,,,,1,,,55,"Unisex, Chapéus > Fedora","chapéu, palha, fedora, verão, unissexo, casual, bege, acessório",,processed_images/professional/fotos site1/PALHA/10.jpg,,,,,,,,,0,Material,Palha,1,0,Temporada,Verao,1,0,0
,simple,CL-CHAPEU-0139,Chapéu Fedora de Palha Bege com Faixa Castanha,1,0,visible,"Chapéu fedora de palha bege unissexo, com faixa castanha, ideal para o verão e estilo casual.","Descubra o nosso elegante chapéu fedora de palha, perfeito para os dias de sol. Com um design clássico e intemporal, este chapéu unissexo apresenta uma trama de palha natural em tom bege e uma sofisticada faixa decorativa em tom castanho. Leve e confortável, é o acessório ideal para complementar o seu look casual de verão, seja na praia, na cidade ou em eventos ao ar livre.",,,taxable,,1,12,2,0,0,0.2,,,,1,,,55,"Unisex, Chapéus > Fedora","chapeu, palha, fedora, verao, unissex, casual, praia, sol",,processed_images/professional/fotos site1/PALHA/9-A.jpg,,,,,,,,,0,Material,Palha,1,0,Temporada,Verao,1,0,0
,simple,CL-CHAPEU-0140,Chapéu Fedora de Palha Trama Aberta,1,0,visible,"Chapéu fedora de palha unissex com trama aberta e faixa castanha, perfeito para o verão e estilo casual.","Este chapéu estilo fedora, feito de palha natural com trama aberta, é ideal para os dias quentes. Apresenta uma elegante faixa em material castanho com detalhes. Leve e arejado, oferece proteção solar com um toque de sofisticação casual. Perfeito para a praia, eventos ao ar livre ou para complementar o seu look diário com muito estilo.",,,taxable,,1,15,2,0,0,0.2,,,,1,,,45,"Unisex, Chapéus > Fedora","chapeu-palha, fedora, verao, casual, unissex, praia, acessorio, protecao-solar",,processed_images/professional/fotos site1/PALHA/9-B.jpg,,,,,,,,,0,Material,Palha,1,0,Temporada,Verao,1,0,0
,simple,CL-CHAPEU-0141,Chapéu Fedora de Palha Trama Aberta,1,0,visible,"Chapéu fedora de palha unissexo com faixa castanha, ideal para o verão e praia.","Elegante chapéu fedora de palha com trama aberta, perfeito para os dias quentes de verão. A faixa decorativa em castanho escuro, que parece ser de couro sintético ou camurça, adiciona um toque sofisticado. Leve e ventilado, é o acessório ideal para a praia, passeios ou eventos casuais. Um must-have unissexo que combina conforto e estilo para qualquer look de verão.",,,taxable,,1,12,2,0,0,0.2,,,,1,,,45,"Unisex, Chapéus > Fedora","chapeu, palha, fedora, verao, unissexo, praia, acessorio, casual",,processed_images/professional/fotos site1/PALHA/9-C.jpg,,,,,,,,,0,Material,Palha,1,0,Temporada,Verao,1,0,0
,simple,CL-OUTROS-0142,Chapéu de Palha Verão Clássico,1,0,visible,"Chapéu de palha natural leve e ventilado, ideal para dias de sol e férias. Estilo casual e confortável.","Desfrute do sol com este chapéu de palha natural, perfeito para proteção e estilo. Leve, ventilado e confortável, é ideal para praia, piscina, passeios de verão ou eventos ao ar livre. O seu design intemporal e cor neutra combinam facilmente com qualquer guarda-roupa de verão, oferecendo um toque casual e elegante. Produzido com palha durável e com uma fita interna para maior conforto.",,,taxable,,1,12,2,0,0,0.2,,,,1,,,45,"Unisex, Acessórios","chapeu-palha, verao, casual, protecao-solar",,processed_images/professional/fotos site1/PALHA/9-D.jpg,,,,,,,,,0,Material,Palha,1,0,Temporada,Verao,1,0,0
,simple,CL-CHAPEU-0143,Chapéu Fedora de Palha com Faixa Castanha,1,0,visible,"Chapéu de palha estilo fedora unissexo com faixa em castanho, perfeito para o verão e praia.","Descubra o nosso elegante chapéu de palha estilo fedora, ideal para homens e mulheres que procuram um acessório casual e sofisticado. Fabricado em palha natural com trama arejada, é perfeito para os dias quentes de verão. A faixa em imitação de pele castanha adiciona um toque vintage e distinto. Um complemento versátil para a praia, cidade ou eventos ao ar livre, oferecendo estilo e proteção solar.",,,taxable,,1,12,2,0,0,0.2,,,,1,,,49,"Unisex, Chapéus > Fedora","chapéu, palha, fedora, verão, unissexo, praia, casual, acessório, estilo",,processed_images/professional/fotos site1/PALHA/9-E.jpg,,,,,,,,,0,Material,Palha,1,0,Temporada,Verao,1,0,0
,simple,CL-CHAPEU-0144,Chapéu Fedora de Palha com Faixa de Couro,1,0,visible,"Chapéu Fedora unissexo em palha bege com faixa castanha, perfeito para verão e estilo casual.","Este chapéu fedora de palha bege claro oferece um toque elegante e natural. Com uma textura arejada ideal para o verão, possui uma faixa decorativa em pele castanha. Leve e confortável, é o acessório perfeito para praia, passeios ou para um look casual chic. Um clássico intemporal para proteção solar com estilo.",,,taxable,,1,12,2,0,0,0.2,,,,1,,,49,"Unisex, Chapéus > Fedora","chapéu de palha, fedora, verao, casual",,processed_images/professional/fotos site1/PALHA/9.jpg,,,,,,,,,0,Material,Palha,1,0,Temporada,Verao,1,0,0
,simple,CL-BUCKET-0145,Chapéu Bucket Desportivo Ventilado,1,0,visible,"Chapéu bucket desportivo em cinza com rede de ventilação e cordão ajustável, ideal para atividades ao ar livre.","Este chapéu bucket robusto em tecido sintético oferece conforto e proteção. Possui uma rede interna para ventilação superior e um cordão ajustável com stopper para garantir um ajuste seguro, perfeito para caminhadas, pesca ou uso diário em climas quentes. O design bicolor cinza escuro e bege claro adiciona um toque moderno e versátil. Fácil de dobrar e transportar, é o acessório ideal para qualquer aventura.",,,taxable,,1,12,2,0,0,0.2,,,,1,,,45,"Unisex, Chapéus > Bucket Hat","bucket-hat, unisex, verao, desportivo",,processed_images/professional/fotos site1/PROTEÇÃO UV/PROTECAO UV - CHAPEUS LISBOETAS - BOINA - IMPERMEAVEL (1).jpg,,,,,,,,,0,Material,Sintetico,1,0,Temporada,Verao,1,0,0
,simple,CL-BONE-0146,Bone Casual Respirável Bege Forro Rede,1,0,visible,Boné casual bege em tecido sintético leve com forro em rede para máxima ventilação e conforto.,"Descubra o conforto e a versatilidade deste boné casual bege, ideal para o dia a dia e atividades ao ar livre. Confeccionado em tecido sintético resistente e leve, possui um forro interno em rede que garante excelente respirabilidade, mantendo a cabeça fresca. O design discreto e a cor neutra fazem dele um acessório prático e moderno para qualquer guarda-roupa.",,,taxable,,1,12,2,0,0,0.2,,,,1,,,45,"Unisex, Bonés","bone, casual, respiravel, bege, sintetico, unisex, verao, outdoor",,processed_images/professional/fotos site1/PROTEÇÃO UV/PROTECAO UV - CHAPEUS LISBOETAS - BOINA - IMPERMEAVEL (10).jpg,,,,,,,,,0,Material,Sintetico,1,0,Temporada,Todas,1,0,0
,simple,CL-BUCKET-0147,Chapéu Bucket Proteção UV Verde,1,0,visible,"Chapéu bucket unissexo verde, com proteção UV 50+. Ideal para atividades ao ar livre.","Este chapéu bucket unissexo em tom verde-militar é perfeito para proteger do sol, com proteção UV 50+ incorporada. Fabricado em material sintético leve e de secagem rápida, possui cordão ajustável para maior segurança e conforto, ideal para praia, caminhadas ou pesca. Um acessório versátil para qualquer aventura ao ar livre.",,,taxable,,1,15,2,0,0,0.2,,,,1,,,39,"Unisex, Chapéus > Bucket Hat","chapéu, bucket, proteção UV, verão",,processed_images/professional/fotos site1/PROTEÇÃO UV/PROTECAO UV - CHAPEUS LISBOETAS - BOINA - IMPERMEAVEL (11).jpg,,,,,,,,,0,Material,Sintetico,1,0,Temporada,Verao,1,0,0
,simple,CL-BUCKET-0148,Bucket Hat Verde Ajustável Outdoor,1,0,visible,"Bucket hat verde militar em material sintético, com cordão ajustável, ideal para uso diário e outdoor.","Este bucket hat verde militar oferece proteção e estilo para qualquer aventura. Fabricado em material sintético leve e resistente, possui um cordão ajustável com stopper para um ajuste perfeito e seguro. Ideal para atividades ao ar livre, praia ou para um look urbano descontraído. Confortável e versátil para todas as estações.",,,taxable,,1,12,2,0,0,0.2,,,,1,,,45,"Unisex, Chapéus > Bucket Hat","bucket-hat, verde-militar, ajustavel, unisex, casual, verao, protecao-solar, outdoor",,processed_images/professional/fotos site1/PROTEÇÃO UV/PROTECAO UV - CHAPEUS LISBOETAS - BOINA - IMPERMEAVEL (12).jpg,,,,,,,,,0,Material,Sintetico,1,0,Temporada,Todas,1,0,0
,simple,CL-BUCKET-0149,Chapéu Bucket Explorer Ventilado,1,0,visible,"Chapéu bucket unissexo respirável com cordão, ideal para outdoor e proteção solar.","Chapéu bucket unissexo robusto e funcional, perfeito para aventuras ao ar livre, caminhadas e pesca. Confeccionado em material sintético de secagem rápida com painéis de malha para máxima ventilação. Possui um cordão ajustável para garantir um ajuste seguro em dias de vento. Design prático em bege com detalhes em verde, oferece estilo e funcionalidade para todas as estações.",,,taxable,,1,15,2,0,0,0.2,,,,1,,,45,"Unisex, Chapéus > Bucket Hat","bucket-hat, outdoor, unissexo, ventilado, protecao-solar, caminhada, pesca, casual, desportivo, verao",,processed_images/professional/fotos site1/PROTEÇÃO UV/PROTECAO UV - CHAPEUS LISBOETAS - BOINA - IMPERMEAVEL (13).jpg,,,,,,,,,0,Material,Sintetico,1,0,Temporada,Verao,1,0,0
,simple,CL-BUCKET-0150,Bucket Hat Explorer Verde Ajustável,1,0,visible,"Bucket hat unissexo verde-azeitona com cordão ajustável, ideal para proteção solar e estilo casual.","Desfrute de conforto e estilo com este bucket hat unissexo em verde-azeitona. Fabricado em material sintético resistente, oferece durabilidade e leveza. O cordão ajustável com stopper garante um ajuste seguro, tornando-o perfeito para atividades ao ar livre, viagens ou uso diário. Um acessório versátil para qualquer guarda-roupa casual.",,,taxable,,1,12,2,0,0,0.2,,,,1,,,45,"Unisex, Chapéus > Bucket Hat","bucket-hat, verde, unisex, casual, verao, protecao-solar, ajustavel, viagem, desportivo, pescador",,processed_images/professional/fotos site1/PROTEÇÃO UV/PROTECAO UV - CHAPEUS LISBOETAS - BOINA - IMPERMEAVEL (14).jpg,,,,,,,,,0,Material,Sintetico,1,0,Temporada,Verao,1,0,0
,simple,CL-BUCKET-0151,Chapéu Bucket Ajustável Bege,1,0,visible,Chapéu bucket versátil bege com cordão ajustável. Conforto e estilo para o dia a dia.,"Este chapéu bucket em tom bege neutro é perfeito para complementar qualquer look casual. Fabricado com material durável e leve, oferece conforto durante todo o dia. O cordão ajustável com stopper preto garante um ajuste seguro e personalizado, ideal para atividades ao ar livre ou para um toque de estilo urbano. Um acessório essencial e prático.",,,taxable,,1,12,2,0,0,0.2,,,,1,,,45,"Unisex, Chapéus > Bucket Hat","bucket-hat, bege, casual, unisex, verao, ajustavel, protecao-solar, pesca",,processed_images/professional/fotos site1/PROTEÇÃO UV/PROTECAO UV - CHAPEUS LISBOETAS - BOINA - IMPERMEAVEL (2).jpg,,,,,,,,,0,Material,Algodao,1,0,Temporada,Verao,1,0,0
,simple,CL-BUCKET-0152,Bucket Hat Proteção UV 50 Bege,1,0,visible,"Bucket hat unissexo bege com proteção UV 50, ideal para atividades ao ar livre.","Este versátil bucket hat em tom bege oferece estilo e funcionalidade com proteção UV 50. Fabricado em material sintético leve e resistente, é perfeito para atividades ao ar livre como caminhadas, praia ou pesca, protegendo eficazmente do sol. O seu design unissexo e cor neutra tornam-no um acessório indispensável para qualquer aventura.",,,taxable,,1,15,2,0,0,0.2,,,,1,,,45,"Unisex, Chapéus > Bucket Hat","bucket hat, proteção UV, chapéu de sol, chapéu unissexo, acessório verão, bege, desportivo, viagem",,processed_images/professional/fotos site1/PROTEÇÃO UV/PROTECAO UV - CHAPEUS LISBOETAS - BOINA - IMPERMEAVEL (3).jpg,,,,,,,,,0,Material,Sintetico,1,0,Temporada,Verao,1,0,0
,simple,CL-BUCKET-0153,Bucket Hat Casual Ajustável Bege,1,0,visible,Bucket hat bege casual com cordão ajustável para conforto e estilo em qualquer aventura.,"Este bucket hat em tom bege neutro é perfeito para um estilo casual e descomplicado. Fabricado em material sintético leve, oferece conforto e proteção. O cordão ajustável preto garante um ajuste seguro, ideal para atividades ao ar livre, praia ou uso diário. Um acessório versátil para qualquer guarda-roupa.",,,taxable,,1,12,2,0,0,0.2,,,,1,,,45,"Unisex, Chapéus > Bucket Hat","bucket hat, casual, unissexo, ajustável",,processed_images/professional/fotos site1/PROTEÇÃO UV/PROTECAO UV - CHAPEUS LISBOETAS - BOINA - IMPERMEAVEL (4).jpg,,,,,,,,,0,Material,Sintetico,1,0,Temporada,Verao,1,0,0
,simple,CL-BUCKET-0154,Chapéu Bucket Bege Proteção UV 50+,1,0,visible,"Chapéu bucket unissexo em bege com proteção UV 50+ e cordão ajustável, ideal para sol e atividades outdoor.","Descubra o chapéu bucket bege perfeito para os dias de sol. Este acessório unissexo oferece proteção UV 50+ certificada, garantindo segurança máxima contra os raios solares. Fabricado em material sintético leve e resistente, possui um cordão ajustável para um encaixe firme e confortável. Ideal para praia, caminhadas, pesca ou uso diário, combinando estilo casual com funcionalidade.",,,taxable,,1,15,2,0,0,0.2,,,,1,,,45,"Unisex, Chapéus > Bucket Hat","bucket hat, proteção UV, verao, casual, unissexo, bege, praia, viagem",,processed_images/professional/fotos site1/PROTEÇÃO UV/PROTECAO UV - CHAPEUS LISBOETAS - BOINA - IMPERMEAVEL (5).jpg,,,,,,,,,0,Material,Sintetico,1,0,Temporada,Verao,1,0,0
,simple,CL-BUCKET-0155,Chapéu Bucket Bege com Atilho Ajustável,1,0,visible,"Chapéu bucket bege unissexo com atilho ajustável, ideal para atividades ao ar livre e proteção solar.","Este chapéu bucket em tom bege neutro é perfeito para aventura e lazer. Fabricado em material resistente, oferece excelente proteção solar e conforto durante todo o dia. O atilho ajustável e removível garante um ajuste seguro, ideal para caminhadas, pesca ou festivais. Versátil e prático, um acessório essencial para o seu guarda-roupa casual de verão e meia-estação.",,,taxable,,1,12,2,0,0,0.2,,,,1,,,45,"Unisex, Chapéus > Bucket Hat","chapéu bucket, bege, unissexo, proteção solar, atilho, caminhada, pesca, casual, verão, acessório",,processed_images/professional/fotos site1/PROTEÇÃO UV/PROTECAO UV - CHAPEUS LISBOETAS - BOINA - IMPERMEAVEL (6).jpg,,,,,,,,,0,Material,Sintetico,1,0,Temporada,Verao,1,0,0
,simple,CL-BOINA-0156,Boina Casual Leve Bege Unisex,1,0,visible,Boina casual leve bege para homem e mulher. Ideal para um look descontraído e elegante.,"Complete o seu look com a nossa boina casual leve em tom bege sofisticado. Perfeita para um estilo descontraído mas elegante, adapta-se a diversas ocasiões e estações. Fabricada com material durável e confortável, oferece um ajuste excelente. Um acessório versátil para homem e mulher que procura conforto e um toque clássico.",,,taxable,,1,15,2,0,0,0.2,,,,1,,,55,"Unisex, Chapéus > Boinas","boina, casual, bege, unisex, chapéu, acessório, moda, primavera, outono",,processed_images/professional/fotos site1/PROTEÇÃO UV/PROTECAO UV - CHAPEUS LISBOETAS - BOINA - IMPERMEAVEL (7).jpg,,,,,,,,,0,Material,Sintetico,1,0,Temporada,Meia-estacao,1,0,0
,simple,CL-BOINA-0157,Boina Leve UV 50+ Bege,1,0,visible,Boina casual bege em material sintético leve com proteção UV 50+. Perfeita para o sol.,"Desfrute do sol com estilo e segurança. Esta boina casual bege, fabricada em material sintético leve e respirável, oferece proteção UV 50+ essencial para os dias mais quentes. O seu design clássico e intemporal adapta-se a qualquer look, ideal para passeios, viagens ou atividades ao ar livre, garantindo conforto e uma proteção eficaz contra os raios solares.",,,taxable,,1,15,2,0,0,0.2,,,,1,,,45,"Unisex, Chapéus > Boinas","boina, protecao UV, casual, unisex, bege, verao, leve, outdoor",,processed_images/professional/fotos site1/PROTEÇÃO UV/PROTECAO UV - CHAPEUS LISBOETAS - BOINA - IMPERMEAVEL (8).jpg,,,,,,,,,0,Material,Sintetico,1,0,Temporada,Verao,1,0,0
,simple,CL-BOINA-0158,Boina Casual Unissexo Bege com Ajuste,1,0,visible,"Boina casual unissexo bege, perfeita para adicionar um toque de estilo e conforto ao seu look diário. Versátil e prática.","Descubra a versatilidade desta boina casual unissexo num elegante tom bege. Confeccionada em material sintético leve e resistente, oferece conforto e durabilidade. O design clássico é complementado por um ajuste elástico na parte traseira, garantindo um encaixe perfeito. Ideal para complementar looks de primavera, verão ou outono, adicionando um toque sofisticado e prático ao seu estilo quotidiano.",,,taxable,,1,12,2,0,0,0.2,,,,1,,,45,"Unisex, Chapéus > Boinas","boina, casual, unissexo, bege, chapéu, acessório, moda, meia-estacao",,processed_images/professional/fotos site1/PROTEÇÃO UV/PROTECAO UV - CHAPEUS LISBOETAS - BOINA - IMPERMEAVEL (9).jpg,,,,,,,,,0,Material,Sintetico,1,0,Temporada,Meia-estacao,1,0,0
,simple,CL-OUTROS-0159,Pala de Sol em Palha Bege Ajustável,1,0,visible,Pala de sol elegante em palha bege para proteção solar casual no verão.,"Proteja-se do sol com estilo e conforto com esta pala de sol em palha bege. Ideal para dias de praia, piscina ou passeios ao ar livre. O seu design leve e ajustável proporciona um ajuste perfeito e um toque de elegância casual. Perfeita para completar o seu look de verão, oferecendo proteção solar sem sacrificar o estilo.",,,taxable,,1,15,2,0,0,0.2,,,,1,,,45,"Unisex, Acessórios","pala de sol, palha, verão, proteção solar, casual, bege, praia, ajustável",,processed_images/professional/fotos site1/VISEIRA/viseira - chapeus lisboetas - hats (1).jpg,,,,,,,,,0,Material,Palha,1,0,Temporada,Verao,1,0,0
,simple,CL-OUTROS-0160,Viseira Casual Verde Tecido Sintético,1,0,visible,"Viseira casual verde menta em tecido sintético leve, ideal para sol e praia. Conforto e estilo no verão.","Proteja-se do sol com estilo com a nossa viseira casual verde menta. Feita de um tecido sintético respirável com uma trama que simula o toque da palha, esta viseira é perfeita para os dias quentes de verão. O seu design leve e ajustável garante um ajuste confortável para diversas atividades, desde desporto ao ar livre a um relaxante dia na praia. Um acessório essencial e versátil para o seu guarda-roupa de verão.",,,taxable,,1,12,2,0,0,0.2,,,,1,,,39,"Unisex, Acessórios","viseira-verao, acessorios-praia, protecao-solar, moda-casual",,processed_images/professional/fotos site1/VISEIRA/viseira - chapeus lisboetas - hats (2).jpg,,,,,,,,,0,Material,Sintetico,1,0,Temporada,Verao,1,0,0
,simple,CL-OUTROS-0161,Viseira de Malha Ajustável Bege,1,0,visible,"Viseira bege em malha leve, perfeita para sol e desporto, com ajuste confortável.","Viseira moderna e funcional em malha respirável na cor bege. Ideal para proteger o rosto do sol durante atividades desportivas, passeios ou momentos de lazer. Possui uma tira ajustável com fivela discreta na parte de trás para um encaixe perfeito e confortável. Leve e versátil, é um acessório essencial para o verão. Confeccionada com material de qualidade, oferece durabilidade e estilo casual.",,,taxable,,1,12,2,0,0,0.2,,,,1,,,39,"Unisex, Acessórios","viseira, bege, malha, desporto, verao, unisex, protecao-solar, casual",,processed_images/professional/fotos site1/VISEIRA/viseira - chapeus lisboetas - hats (3).jpg,,,,,,,,,0,Material,Algodao,1,0,Temporada,Verao,1,0,0
,simple,CL-OUTROS-0162,Viseira de Malha Ajustável Bege,1,0,visible,"Viseira em malha bege, respirável e ajustável, ideal para verão e atividades ao ar livre.","Desfrute do sol com estilo e proteção usando esta viseira moderna em malha bege. O seu design leve e respirável oferece conforto máximo, perfeita para passeios, desporto ou um dia na praia. Equipada com uma fivela ajustável na parte traseira, garante um ajuste perfeito para qualquer tamanho. Uma peça versátil e essencial para os dias mais quentes.",,,taxable,,1,15,2,0,0,0.2,,,,1,,,39.99,"Unisex, Acessórios","viseira, malha, bege, verao, casual, protecao-solar, ajustavel, acessorios",,processed_images/professional/fotos site1/VISEIRA/viseira - chapeus lisboetas - hats (4).jpg,,,,,,,,,0,Material,Sintetico,1,0,Temporada,Verao,1,0,0
,simple,CL-OUTROS-0163,Viseira Preta Textura Palha,1,0,visible,"Viseira preta casual com textura de palha, ideal para proteção solar e estilo no verão.","Viseira elegante e funcional em preto clássico, com textura sofisticada que simula palha, perfeita para os dias quentes. Oferece proteção solar e um toque de estilo para outfits casuais de verão, seja na praia, cidade ou durante atividades ao ar livre. Design ajustável para máximo conforto.",,,taxable,,1,15,2,0,0,0.2,,,,1,,,45,"Unisex, Acessórios","viseira, verao, protecao-solar, casual, preto, acessorio-praia, unisex, palha-sintetica",,processed_images/professional/fotos site1/VISEIRA/viseira - chapeus lisboetas - hats (5).jpg,,,,,,,,,0,Material,Palha,1,0,Temporada,Verao,1,0,0
,simple,CL-OUTROS-0164,Viseira Desportiva Azul Marinho em Malha,1,0,visible,"Viseira azul marinho em malha respirável, perfeita para desporto e lazer ao ar livre no verão.","Proteja-se do sol com estilo e conforto usando esta viseira azul marinho. Fabricada em malha respirável, oferece ventilação ideal para dias quentes. O design prático e leve é perfeito para atividades desportivas, passeios na praia ou simplesmente para um look casual e moderno. Ajuste fácil para um encaixe perfeito. Um acessório indispensável para o verão.",,,taxable,,1,12,2,0,0,0.2,,,,1,,,35,"Unisex, Acessórios","viseira, verao, desporto, protecao-solar, casual, azul-marinho, malha",,processed_images/professional/fotos site1/VISEIRA/viseira - chapeus lisboetas - hats (6).jpg,,,,,,,,,0,Material,Sintetico,1,0,Temporada,Verao,1,0,0
,simple,CL-OUTROS-0165,Viseira de Palha Fúcsia Verão,1,0,visible,"Viseira de palha fúcsia vibrante, ideal para o verão e atividades ao ar livre. Proteção solar com estilo.","Adicione um toque vibrante aos seus looks de verão com esta viseira de palha fúcsia. Perfeita para praia, piscina ou desporto, oferece proteção solar eficaz com um design leve e respirável. O seu material de palha sintética garante durabilidade e conforto, tornando-a essencial para um estilo casual e moderno sob o sol.",,,taxable,,1,15,2,0,0,0.2,,,,1,,,45,"Mulher, Mulher > Acessórios","viseira, verao, palha, casual",,processed_images/professional/fotos site1/VISEIRA/viseira - chapeus lisboetas - hats (7).jpg,,,,,,,,,0,Material,Palha,1,0,Temporada,Verao,1,0,0
,simple,CL-CHAPEU-0166,Chapéu Fedora Lavanda com Faixa Castanha,1,0,visible,Chapéu fedora unisex em feltro lavanda com faixa decorativa castanha para um estilo casual.,"Desfrute de um toque de cor e estilo com este chapéu fedora lavanda, ideal para qualquer género. Fabricado em feltro de lã suave, apresenta uma faixa decorativa em pele sintética castanha com detalhes metálicos, adicionando um charme rústico. Perfeito para complementar looks casuais e de meia-estação, oferecendo elegância e proteção solar moderada.",,,taxable,,1,12,2,0,0,0.2,,,,1,,,55,"Unisex, Chapéus > Fedora","fedora, lavanda, chapéu-feltro, unisex, casual, acessório-moda, meia-estacao",,processed_images/professional/fotos site1/destaques instagram/Art-181054-Indigo-1.jpg,,,,,,,,,0,Material,La,1,0,Temporada,Meia-estacao,1,0,0
,simple,CL-BOINA-0167,Boina Newsboy Vintage Xadrez Tartan Azul e Verde,1,0,visible,Boina newsboy vintage em lã xadrez tartan azul e verde. Estilo clássico e confortável para o dia a dia.,"A Boina Newsboy Vintage é um acessório clássico e elegante, perfeito para adicionar um toque retro ao seu look. Confeccionada em lã de alta qualidade, apresenta um padrão xadrez tartan intemporal em tons de azul escuro e verde, com detalhes em branco. O seu design estruturado e aba curta oferecem conforto e estilo. Ideal para homens e mulheres que apreciam um visual distintivo e sofisticado em dias mais frescos.",,,taxable,,1,15,2,0,0,0.2,,,,1,,,55,"Unisex, Chapéus > Boinas","boina, xadrez, vintage, lã",,processed_images/professional/fotos site2/25010-00.jpg,,,,,,,,,0,Material,La,1,0,Temporada,Meia-estacao,1,0,0
,simple,CL-BOINA-0168,Boina Xadrez Lã Estilo Newsboy,1,0,visible,"Boina de lã xadrez estilo vintage, perfeita para um look casual e elegante no outono/inverno.","Adicione um toque de charme retro ao seu visual com esta boina de lã xadrez. Com um padrão clássico em tons de cinza escuro, verde e branco, esta boina estilo Newsboy oferece conforto e estilo. Ideal para dias mais frios, é um acessório versátil que complementa tanto looks casuais quanto semi-formais. A sua textura macia e o design atemporal tornam-na uma peça essencial.",,,taxable,,1,15,2,0,0,0.2,,,,1,,,49,"Unisex, Chapéus > Boinas","boina, xadrez, lã, vintage, unisex, acessório, inverno, casual",,processed_images/professional/fotos site2/25010-1 (2).jpg,,,,,,,,,0,Material,La,1,0,Temporada,Meia-estacao,1,0,0
,simple,CL-BOINA-0169,Boina Gatsby Xadrez Escocês Azul e Verde,1,0,visible,"Boina estilo Gatsby em xadrez escocês, perfeita para um toque vintage e casual.","Desfrute do charme intemporal com esta boina estilo Gatsby, confeccionada em tecido de lã de alta qualidade com um elegante padrão xadrez escocês em tons de azul escuro e verde. Ideal para adicionar um toque vintage e sofisticado a qualquer look casual ou de meia-estação. Confortável e versátil, perfeita para homens e mulheres.",,,taxable,,1,12,2,0,0,0.2,,,,1,,,55,"Unisex, Chapéus > Boinas","boina, gatsby, xadrez, vintage, la, casual, escoces, acessorios",,processed_images/professional/fotos site2/25010-1.jpg,,,,,,,,,0,Material,La,1,0,Temporada,Meia-estacao,1,0,0
,simple,CL-BOINA-0170,Boina Newsboy Xadrez Tartan Azul e Verde,1,0,visible,"Boina masculina estilo newsboy em lã xadrez azul e verde, ideal para um look vintage casual.","Adicione um toque de elegância vintage ao seu guarda-roupa com esta boina clássica de oito gomos em padrão xadrez Tartan. Confeccionada em lã macia de alta qualidade, combina tons de azul escuro com detalhes em verde e linhas brancas. Perfeita para os dias mais frios, oferece conforto e estilo, complementando tanto outfits casuais quanto semi-formais. Um acessório atemporal para o homem moderno.",,,taxable,,1,15,2,0,0,0.2,,,,1,,,49,"Homem, Homem > Chapéus > Boinas","boina, masculino, xadrez, vintage, lã, newsboy, inverno, acessório",,processed_images/professional/fotos site2/25010-3.jpg,,,,,,,,,0,Material,La,1,0,Temporada,Inverno,1,0,0
,simple,CL-BOINA-0171,Boina Newsboy Xadrez Bege Bordeaux,1,0,visible,"Boina Newsboy xadrez em bege e bordeaux, estilo vintage, perfeita para um look casual e elegante.","Adicione um toque de charme clássico ao seu guarda-roupa com esta boina newsboy de oito gomos. Confeccionada em material semelhante a lã, apresenta um padrão xadrez intemporal em tons de bege e bordeaux. Ideal para homens e mulheres que procuram um acessório versátil e confortável para a meia-estação e inverno, complementando outfits casuais ou mais arrumados.",,,taxable,,1,12,2,0,0,0.2,,,,1,,,45,"Unisex, Chapéus > Boinas","boina, newsboy, xadrez, vintage, bege, bordeaux, la, meia-estacao, casual, acessorios",,processed_images/professional/fotos site2/25010-4.jpg,,,,,,,,,0,Material,La,1,0,Temporada,Meia-estacao,1,0,0
,simple,CL-BOINA-0172,Boina Newsboy Vintage Xadrez Verde Lã,1,0,visible,Boina Newsboy em lã verde com padrão xadrez amarelo. Estilo vintage clássico e intemporal.,"Adicione um toque de elegância intemporal ao seu visual com esta boina Newsboy. Confeccionada em lã de qualidade superior, apresenta um encantador padrão xadrez em tons de verde escuro e amarelo mostarda. É o acessório perfeito para complementar um look casual ou vintage nas estações mais frescas, oferecendo conforto e um estilo distinto. Ideal para homem ou mulher.",,,taxable,,1,15,2,0,0,0.2,,,,1,,,59,"Unisex, Chapéus > Boinas","boina, newsboy, la, xadrez, vintage, verde, acessorio, meia-estacao",,processed_images/professional/fotos site2/25010-5.jpg,,,,,,,,,0,Material,La,1,0,Temporada,Meia-estacao,1,0,0
,simple,CL-BOINA-0173,Boina Vintage Bordeaux Xadrez,1,0,visible,"Boina estilo newsboy vintage em bordeaux com padrão xadrez, ideal para um look clássico e elegante.","Desfrute do charme intemporal com esta boina estilo newsboy vintage, em um tom bordeaux profundo e com um discreto padrão xadrez preto. Confeccionada em lã de alta qualidade, proporciona conforto e aquecimento, sendo perfeita para as estações mais frescas. Adicione um toque sofisticado e casual-chic a qualquer conjunto, seja para homem ou mulher.",,,taxable,,1,15,2,0,0,0.2,,,,1,,,49,"Unisex, Chapéus > Boinas","boina, vintage, bordeaux, xadrez, lã, newsboy, outono-inverno, elegante",,processed_images/professional/fotos site2/25010-6.jpg,,,,,,,,,0,Material,La,1,0,Temporada,Meia-estacao,1,0,0
,simple,CL-BOINA-0174,Boina Newsboy Xadrez Cinza e Rosa,1,0,visible,"Boina estilo newsboy em lã xadrez cinza com detalhes em rosa, ideal para um toque vintage e elegante.","Esta boina clássica estilo newsboy é confecionada em lã de alta qualidade, apresentando um padrão xadrez atemporal em tons de cinza com linhas subtis em rosa. O seu design estruturado e a pala frontal conferem um look sofisticado e vintage, perfeito para complementar outfits casuais ou semi-formais. É uma peça confortável e versátil, ideal para as estações mais frescas, adicionando charme e personalidade ao seu estilo.",,,taxable,,1,15,2,0,0,0.2,,,,1,,,59,"Unisex, Chapéus > Boinas","boina, xadrez, lã, vintage",,processed_images/professional/fotos site2/25010-7.jpg,,,,,,,,,0,Material,La,1,0,Temporada,Meia-estacao,1,0,0
,simple,CL-BOINA-0175,Boina Newsboy Xadrez Lã Cinza e Azul,1,0,visible,"Boina Newsboy unissexo em lã com padrão xadrez cinza e azul, estilo vintage casual.","Adicione um toque de elegância vintage ao seu guarda-roupa com esta boina Newsboy unissexo. Confeccionada em lã de alta qualidade, apresenta um sofisticado padrão xadrez em tons de cinza com detalhes em azul e castanho. Ideal para um look casual chic em dias mais frescos. Perfeita para complementar qualquer estilo com personalidade.",,,taxable,,1,15,2,0,0,0.2,,,,1,,,55,"Unisex, Chapéus > Boinas","boina, newsboy, xadrez, vintage, lã, unisex, casual, cinza, azul",,processed_images/professional/fotos site2/25010-8.jpg,,,,,,,,,0,Material,La,1,0,Temporada,Meia-estacao,1,0,0
,simple,CL-BOINA-0176,Boina Patchwork de Lã e Tweed,1,0,visible,Boina patchwork de lã e tweed com padrões xadrez e espinha de peixe. Estilo vintage e casual.,"A Boina Patchwork de Lã e Tweed é um acessório vintage e distinto, perfeito para adicionar um toque de personalidade ao seu look. Confeccionada com diferentes retalhos de lã em padrões xadrez, tartan e espinha de peixe (herringbone), esta boina oferece uma paleta de cores rica em tons de bordeaux, azul, laranja e castanho. Ideal para o outono/inverno, combina com estilos casuais e elegantes, proporcionando conforto e um toque único de charme.",,,taxable,,1,12,2,0,0,0.2,,,,1,,,55,"Unisex, Chapéus > Boinas","boina, patchwork, lã, tweed, vintage, outono, inverno, xadrez, unisex, casual",,processed_images/professional/fotos site2/741083349-Orange-1.jpg,,,,,,,,,0,Material,La,1,0,Temporada,Inverno,1,0,0
,simple,CL-BOINA-0177,Boina Xadrez Multicolorida Clássica,1,0,visible,"Boina unissexo em lã xadrez com padrão clássico, perfeita para um look casual ou vintage.","Esta boina de estilo intemporal apresenta um padrão xadrez vibrante em tons de bordeaux, cinza e azul, ideal para adicionar um toque de cor e sofisticação a qualquer outfit. Fabricada com um material que aparenta ser lã para um toque quente e confortável, possui um forro interior acolchoado para maior conforto e calor. Um acessório versátil para outono/inverno.",,,taxable,,1,12,2,0,0,0.2,,,,1,,,55,"Unisex, Chapéus > Boinas","boina, xadrez, lã, vintage, casual, inverno, acessório",,processed_images/professional/fotos site2/741083349-Orange-2.jpg,,,,,,,,,0,Material,La,1,0,Temporada,Inverno,1,0,0
,simple,CL-BOINA-0178,Boina Patchwork Tweed Clássica,1,0,visible,"Boina patchwork de lã estilo tweed, perfeita para um look casual e vintage.","Descubra a Boina Patchwork Tweed, um acessório clássico e elegante para o dia a dia. Confeccionada com diversos retalhos de lã em padrões tweed e xadrez, oferece um visual único e sofisticado. Ideal para as estações mais frias, adiciona um toque de charme vintage a qualquer guarda-roupa.",,,taxable,,1,12,2,0,0,0.2,,,,1,,,55,"Unisex, Chapéus > Boinas","boina, patchwork, tweed, lã, xadrez, vintage, casual, unisex, meia-estacao",,processed_images/professional/fotos site2/741083349-Orange-4.jpg,,,,,,,,,0,Material,La,1,0,Temporada,Meia-estacao,1,0,0
,simple,CL-BOINA-0179,Boina Patchwork de Tweed Clássica,1,0,visible,"Boina estilo irlandês em patchwork de lã tweed multicolorido, ideal para um toque vintage e casual.","Desfrute do charme intemporal com esta boina de patchwork de tweed, meticulosamente trabalhada com diferentes padrões xadrez e espinha de peixe em tons ricos de bordeaux, azul, laranja e cinza. Feita de lã de alta qualidade, esta boina oferece conforto e calor, sendo perfeita para um estilo casual, clássico ou vintage. Um acessório único que complementa qualquer guarda-roupa de meia-estação.",,,taxable,,1,15,2,0,0,0.2,,,,1,,,59,"Unisex, Chapéus > Boinas","boina, patchwork, tweed, lã, vintage, casual, unisex, chapéu, estilo-irlandês",,processed_images/professional/fotos site2/741083349-Orange-5.jpg,,,,,,,,,0,Material,La,1,0,Temporada,Meia-estacao,1,0,0
,simple,CL-BOINA-0180,Boina Patchwork Tweed Multicolor,1,0,visible,"Boina patchwork em lã de tweed, com padrões xadrez e espinha de peixe. Estilo vintage e casual.","A boina patchwork em lã de tweed oferece um toque vintage e sofisticado. Com múltiplos padrões e cores vibrantes como caramelo, azul, bordeaux e cinza, é perfeita para um estilo casual-chique. Confortável e quente, ideal para dias mais frios e para quem procura um acessório único. Perfeita para outono e inverno.",,,taxable,,1,12,2,0,0,0.2,,,,1,,,55,"Unisex, Chapéus > Boinas","boina, patchwork, tweed, vintage, outono-inverno, casual, lã",,processed_images/professional/fotos site2/741083349-Orange-6.jpg,,,,,,,,,0,Material,La,1,0,Temporada,Meia-estacao,1,0,0
