SKU,Nome,Categoria Sheet,Preço Sheet,Preço Site,Status importação,Pendências detectadas,Sugestão,Sheet fotos (count),Site fotos (count),WooCommerce fotos (count),Fotos Sheet,Fotos Site,Fotos WooCommerce,Fotos filtradas (motivo),Descrição curta Sheet,Descrição curta Site,Descrição longa Sheet (preview),Descrição longa Site (preview),Tags Sheet,Tags Site,Especificações Sheet,Especificações Site,URL fornecedor,Slug / produto site
Porte-Monnaie – 5657,CARTEIRAS,ARTIGOS EM PELE,35.00,35.00,Completo,,,1,1,1,images/artigos em pele/porte-monnaie-5657/img_01.jpg,images/artigos em pele/porte-monnaie-5657/img_01.jpg,http://localhost:8080/wp-content/uploads/catalogo2025/artigos%20em%20pele/porte-monnaie-5657/img_01.jpg,,,,Découvrez notre Porte-Monnaie - 5657 au prix de grossiste pour votre boutique sur Hologramme Paris.,Découvrez notre Porte-Monnaie - 5657 au prix de grossiste pour votre boutique sur Hologramme Paris.,CARTEIRAS,CARTEIRAS,{},"{""COULEUR"": ""Bleu, Bordeaux, Cognac, Marron, Noir, Taupe"", ""VENDU PAR"": ""Unitaire""}",https://hologrammeparis.com/product/porte-monnaie-5657/,porte-monnaie-5657
18220MI,BOINA OITAVADA PURE WOOL,BOINAS INVERNO,45.00,45.00,Completo,,,4,4,4,"images/boinas inverno/18220mi/img_01.jpg, images/boinas inverno/18220mi/img_02.jpg, images/boinas inverno/18220mi/img_03.jpg, images/boinas inverno/18220mi/img_04.jpg","images/boinas inverno/18220mi/img_01.jpg, images/boinas inverno/18220mi/img_02.jpg, images/boinas inverno/18220mi/img_03.jpg, images/boinas inverno/18220mi/img_04.jpg","http://localhost:8080/wp-content/uploads/catalogo2025/boinas%20inverno/18220mi/img_01.jpg, http://localhost:8080/wp-content/uploads/catalogo2025/boinas%20inverno/18220mi/img_02.jpg, http://localhost:8080/wp-content/uploads/catalogo2025/boinas%20inverno/18220mi/img_03.jpg, http://localhost:8080/wp-content/uploads/catalogo2025/boinas%20inverno/18220mi/img_04.jpg",,,"Boina oitavada em 100% lã pura Shetland, fabricada na Itália",100% Pure Laine Shetland,100% Pure Laine Shetland,"Fabricado na Itália, Inverno, Lã Pura","Fabricado na Itália, Inverno, Lã Pura","{""Cor"": ""Marinha"", ""Tamanho"": ""55 , 56 , 57 , 58 , 59 , 60 , 61"", ""Composição"": ""100% Lã"", ""Pack"": ""Unitário""}","{""COR"": ""Marinha"", ""TAMANHO"": ""55 , 56 , 57 , 58 , 59 , 60 , 61"", ""VENDIDO POR"": ""Unitário"", ""COMPOSIÇÃO"": ""100% Lã""}",https://hologrammeparis.com/product/casquette-18220mi-new/,18220mi
Boné – 18279K Boné – 18279MA Boné – 18279MI Boné – 18279BG Boné – 18279G,BOINA SEXTAVADA COM BOMBAZINE,BOINAS INVERNO,45.00,45.00,Completo,,,12,12,12,"images/boinas inverno/bone-18279k-bone-18279ma-bone-18279mi-bone-18279bg-bone-18279g/img_01.jpg, images/boinas inverno/bone-18279k-bone-18279ma-bone-18279mi-bone-18279bg-bone-18279g/img_02.jpg, images/boinas inverno/bone-18279k-bone-18279ma-bone-18279mi-bone-18279bg-bone-18279g/img_03.jpg, images/boinas inverno/bone-18279k-bone-18279ma-bone-18279mi-bone-18279bg-bone-18279g/img_04.jpg, images/boinas inverno/bone-18279k-bone-18279ma-bone-18279mi-bone-18279bg-bone-18279g/img_05.jpg, images/boinas inverno/bone-18279k-bone-18279ma-bone-18279mi-bone-18279bg-bone-18279g/img_06.jpg, images/boinas inverno/bone-18279k-bone-18279ma-bone-18279mi-bone-18279bg-bone-18279g/img_07.jpg, images/boinas inverno/bone-18279k-bone-18279ma-bone-18279mi-bone-18279bg-bone-18279g/img_08.jpg, images/boinas inverno/bone-18279k-bone-18279ma-bone-18279mi-bone-18279bg-bone-18279g/img_09.jpg, images/boinas inverno/bone-18279k-bone-18279ma-bone-18279mi-bone-18279bg-bone-18279g/img_10.jpg, images/boinas inverno/bone-18279k-bone-18279ma-bone-18279mi-bone-18279bg-bone-18279g/img_11.jpg, images/boinas inverno/bone-18279k-bone-18279ma-bone-18279mi-bone-18279bg-bone-18279g/img_12.jpg","images/boinas inverno/bone-18279k-bone-18279ma-bone-18279mi-bone-18279bg-bone-18279g/img_01.jpg, images/boinas inverno/bone-18279k-bone-18279ma-bone-18279mi-bone-18279bg-bone-18279g/img_02.jpg, images/boinas inverno/bone-18279k-bone-18279ma-bone-18279mi-bone-18279bg-bone-18279g/img_03.jpg, images/boinas inverno/bone-18279k-bone-18279ma-bone-18279mi-bone-18279bg-bone-18279g/img_04.jpg, images/boinas inverno/bone-18279k-bone-18279ma-bone-18279mi-bone-18279bg-bone-18279g/img_05.jpg, images/boinas inverno/bone-18279k-bone-18279ma-bone-18279mi-bone-18279bg-bone-18279g/img_06.jpg, images/boinas inverno/bone-18279k-bone-18279ma-bone-18279mi-bone-18279bg-bone-18279g/img_07.jpg, images/boinas inverno/bone-18279k-bone-18279ma-bone-18279mi-bone-18279bg-bone-18279g/img_08.jpg, images/boinas inverno/bone-18279k-bone-18279ma-bone-18279mi-bone-18279bg-bone-18279g/img_09.jpg, images/boinas inverno/bone-18279k-bone-18279ma-bone-18279mi-bone-18279bg-bone-18279g/img_10.jpg, images/boinas inverno/bone-18279k-bone-18279ma-bone-18279mi-bone-18279bg-bone-18279g/img_11.jpg, images/boinas inverno/bone-18279k-bone-18279ma-bone-18279mi-bone-18279bg-bone-18279g/img_12.jpg","http://localhost:8080/wp-content/uploads/catalogo2025/boinas%20inverno/bone-18279k-bone-18279ma-bone-18279mi-bone-18279bg-bone-18279g/img_01.jpg, http://localhost:8080/wp-content/uploads/catalogo2025/boinas%20inverno/bone-18279k-bone-18279ma-bone-18279mi-bone-18279bg-bone-18279g/img_02.jpg, http://localhost:8080/wp-content/uploads/catalogo2025/boinas%20inverno/bone-18279k-bone-18279ma-bone-18279mi-bone-18279bg-bone-18279g/img_03.jpg, http://localhost:8080/wp-content/uploads/catalogo2025/boinas%20inverno/bone-18279k-bone-18279ma-bone-18279mi-bone-18279bg-bone-18279g/img_04.jpg, http://localhost:8080/wp-content/uploads/catalogo2025/boinas%20inverno/bone-18279k-bone-18279ma-bone-18279mi-bone-18279bg-bone-18279g/img_05.jpg, http://localhost:8080/wp-content/uploads/catalogo2025/boinas%20inverno/bone-18279k-bone-18279ma-bone-18279mi-bone-18279bg-bone-18279g/img_06.jpg, http://localhost:8080/wp-content/uploads/catalogo2025/boinas%20inverno/bone-18279k-bone-18279ma-bone-18279mi-bone-18279bg-bone-18279g/img_07.jpg, http://localhost:8080/wp-content/uploads/catalogo2025/boinas%20inverno/bone-18279k-bone-18279ma-bone-18279mi-bone-18279bg-bone-18279g/img_08.jpg, http://localhost:8080/wp-content/uploads/catalogo2025/boinas%20inverno/bone-18279k-bone-18279ma-bone-18279mi-bone-18279bg-bone-18279g/img_09.jpg, http://localhost:8080/wp-content/uploads/catalogo2025/boinas%20inverno/bone-18279k-bone-18279ma-bone-18279mi-bone-18279bg-bone-18279g/img_10.jpg, http://localhost:8080/wp-content/uploads/catalogo2025/boinas%20inverno/bone-18279k-bone-18279ma-bone-18279mi-bone-18279bg-bone-18279g/img_11.jpg, http://localhost:8080/wp-content/uploads/catalogo2025/boinas%20inverno/bone-18279k-bone-18279ma-bone-18279mi-bone-18279bg-bone-18279g/img_12.jpg",,,"Boina sextavada em bombazine, fabricada na Itália",Découvrez notre Casquette - 18279K au prix de grossiste pour votre boutique sur Hologramme Paris.,Découvrez notre Casquette - 18279K au prix de grossiste pour votre boutique sur Hologramme Paris.,"Fabricado na Itália, Inverno","Fabricado na Itália, Inverno","{""Cor"": ""Azul, Preto, Bege, Marrom, Cinza, Verde"", ""Tamanho"": ""55 , 56 , 57 , 58 , 59 , 60 , 61"", ""Composição"": ""61% Poliéster – 31% Viscose – 8% Elastano , Forro: Poliéster"", ""Pack"": ""Unitário""}","{""COR"": ""Azul, Preto, Bege, Marrom, Cinza, Verde"", ""TAMANHO"": ""55 , 56 , 57 , 58 , 59 , 60 , 61"", ""VENDIDO POR"": ""Unitário"", ""COMPOSIÇÃO"": ""61% Poliéster – 31% Viscose – 8% Elastano , Forro: Poliéster""}",https://hologrammeparis.com/product/casquette-18279k/,bone-18279k-bone-18279ma-bone-18279mi-bone-18279bg-bone-18279g
Boné – 18438MC 18502MI,BOINA OITAVA HARRIS TWEED,BOINAS INVERNO,85.00,85.00,Completo,,,4,4,4,"images/boinas inverno/bone-18438mc-18502mi/img_01.jpg, images/boinas inverno/bone-18438mc-18502mi/img_02.jpg, images/boinas inverno/bone-18438mc-18502mi/img_03.jpg, images/boinas inverno/bone-18438mc-18502mi/img_04.jpg","images/boinas inverno/bone-18438mc-18502mi/img_01.jpg, images/boinas inverno/bone-18438mc-18502mi/img_02.jpg, images/boinas inverno/bone-18438mc-18502mi/img_03.jpg, images/boinas inverno/bone-18438mc-18502mi/img_04.jpg","http://localhost:8080/wp-content/uploads/catalogo2025/boinas%20inverno/bone-18438mc-18502mi/img_01.jpg, http://localhost:8080/wp-content/uploads/catalogo2025/boinas%20inverno/bone-18438mc-18502mi/img_02.jpg, http://localhost:8080/wp-content/uploads/catalogo2025/boinas%20inverno/bone-18438mc-18502mi/img_03.jpg, http://localhost:8080/wp-content/uploads/catalogo2025/boinas%20inverno/bone-18438mc-18502mi/img_04.jpg",,Harris Tweed 100% lã virgem,Harris Tweed 100% lã virgem,,Harris Tweed 100% Laine vierge,"Fabricado na Itália, Harris Tweed, Inverno, Lã Pura","Fabricado na Itália, Harris Tweed, Inverno, Lã Pura","{""Cor"": ""Multicolorido"", ""Tamanho"": ""55 , 56 , 57 , 58 , 59 , 60 , 61"", ""Composição"": ""100% Lã"", ""Pack"": ""Unitário""}","{""COR"": ""Multicolorido"", ""TAMANHO"": ""55 , 56 , 57 , 58 , 59 , 60 , 61"", ""VENDIDO POR"": ""Unitário"", ""COMPOSIÇÃO"": ""100% Lã""}",https://hologrammeparis.com/product/casquette-18438mc/,bone-18438mc-18502mi
Boné – 18439OL,BOINA PURE WOOL QUADRADOS,BOINAS INVERNO,45.00,45.00,Completo,,,4,4,4,"images/boinas inverno/bone-18439ol/img_01.jpg, images/boinas inverno/bone-18439ol/img_02.jpg, images/boinas inverno/bone-18439ol/img_03.jpg, images/boinas inverno/bone-18439ol/img_04.jpg","images/boinas inverno/bone-18439ol/img_01.jpg, images/boinas inverno/bone-18439ol/img_02.jpg, images/boinas inverno/bone-18439ol/img_03.jpg, images/boinas inverno/bone-18439ol/img_04.jpg","http://localhost:8080/wp-content/uploads/catalogo2025/boinas%20inverno/bone-18439ol/img_01.jpg, http://localhost:8080/wp-content/uploads/catalogo2025/boinas%20inverno/bone-18439ol/img_02.jpg, http://localhost:8080/wp-content/uploads/catalogo2025/boinas%20inverno/bone-18439ol/img_03.jpg, http://localhost:8080/wp-content/uploads/catalogo2025/boinas%20inverno/bone-18439ol/img_04.jpg",,Lã Pura,Lã Pura,Découvrez notre Casquette - 18439OL au prix de grossiste pour votre boutique sur Hologramme Paris.,Découvrez notre Casquette - 18439OL au prix de grossiste pour votre boutique sur Hologramme Paris.,"Fabricado na Itália, Inverno, Lã Pura","Fabricado na Itália, Inverno, Lã Pura","{""Cor"": ""Oliva"", ""Tamanho"": ""55 , 56 , 57 , 58 , 59 , 60 , 61"", ""Composição"": ""100% Lã"", ""Pack"": ""Unitário""}","{""COR"": ""Oliva"", ""TAMANHO"": ""55 , 56 , 57 , 58 , 59 , 60 , 61"", ""VENDIDO POR"": ""Unitário"", ""COMPOSIÇÃO"": ""100% Lã""}",https://hologrammeparis.com/product/casquette-18439ol/,bone-18439ol
Boné – 18440OL,BOINA OITAVADA PURE WOOL XADREZ,BOINAS INVERNO,45.00,45.00,Completo,,,4,4,4,"images/boinas inverno/bone-18440ol/img_01.jpg, images/boinas inverno/bone-18440ol/img_02.jpg, images/boinas inverno/bone-18440ol/img_03.jpg, images/boinas inverno/bone-18440ol/img_04.jpg","images/boinas inverno/bone-18440ol/img_01.jpg, images/boinas inverno/bone-18440ol/img_02.jpg, images/boinas inverno/bone-18440ol/img_03.jpg, images/boinas inverno/bone-18440ol/img_04.jpg","http://localhost:8080/wp-content/uploads/catalogo2025/boinas%20inverno/bone-18440ol/img_01.jpg, http://localhost:8080/wp-content/uploads/catalogo2025/boinas%20inverno/bone-18440ol/img_02.jpg, http://localhost:8080/wp-content/uploads/catalogo2025/boinas%20inverno/bone-18440ol/img_03.jpg, http://localhost:8080/wp-content/uploads/catalogo2025/boinas%20inverno/bone-18440ol/img_04.jpg",,,"Boina oitavada em 100% lã pura com padrão xadrez, fabricada na Itália",Découvrez notre Casquette - 18440OL au prix de grossiste pour votre boutique sur Hologramme Paris.,Découvrez notre Casquette - 18440OL au prix de grossiste pour votre boutique sur Hologramme Paris.,"Fabricado na Itália, Inverno, Lã Pura","Fabricado na Itália, Inverno, Lã Pura","{""Cor"": ""Oliva"", ""Tamanho"": ""55 , 56 , 57 , 58 , 59 , 60 , 61"", ""Composição"": ""100% Lã"", ""Pack"": ""Unitário""}","{""COR"": ""Oliva"", ""TAMANHO"": ""55 , 56 , 57 , 58 , 59 , 60 , 61"", ""VENDIDO POR"": ""Unitário"", ""COMPOSIÇÃO"": ""100% Lã""}",https://hologrammeparis.com/product/casquette-18440ol/,bone-18440ol
Boné – 18445MI Boné – 18445K Boné – 18445N Boné – 18445GR Boné – 18445CA,BOINA PIEMONTE CASHMERE,BOINAS INVERNO,29.90,29.90,Completo,,,20,20,20,"images/boinas inverno/bone-18445mi-bone-18445k-bone-18445n-bone-18445gr-bone-18445ca/img_01.jpg, images/boinas inverno/bone-18445mi-bone-18445k-bone-18445n-bone-18445gr-bone-18445ca/img_02.jpg, images/boinas inverno/bone-18445mi-bone-18445k-bone-18445n-bone-18445gr-bone-18445ca/img_03.jpg, images/boinas inverno/bone-18445mi-bone-18445k-bone-18445n-bone-18445gr-bone-18445ca/img_04.jpg, images/boinas inverno/bone-18445mi-bone-18445k-bone-18445n-bone-18445gr-bone-18445ca/img_05.jpg, images/boinas inverno/bone-18445mi-bone-18445k-bone-18445n-bone-18445gr-bone-18445ca/img_06.jpg, images/boinas inverno/bone-18445mi-bone-18445k-bone-18445n-bone-18445gr-bone-18445ca/img_07.jpg, images/boinas inverno/bone-18445mi-bone-18445k-bone-18445n-bone-18445gr-bone-18445ca/img_08.jpg, images/boinas inverno/bone-18445mi-bone-18445k-bone-18445n-bone-18445gr-bone-18445ca/img_09.jpg, images/boinas inverno/bone-18445mi-bone-18445k-bone-18445n-bone-18445gr-bone-18445ca/img_10.jpg, images/boinas inverno/bone-18445mi-bone-18445k-bone-18445n-bone-18445gr-bone-18445ca/img_11.jpg, images/boinas inverno/bone-18445mi-bone-18445k-bone-18445n-bone-18445gr-bone-18445ca/img_12.jpg, images/boinas inverno/bone-18445mi-bone-18445k-bone-18445n-bone-18445gr-bone-18445ca/img_13.jpg, images/boinas inverno/bone-18445mi-bone-18445k-bone-18445n-bone-18445gr-bone-18445ca/img_14.jpg, images/boinas inverno/bone-18445mi-bone-18445k-bone-18445n-bone-18445gr-bone-18445ca/img_15.jpg, images/boinas inverno/bone-18445mi-bone-18445k-bone-18445n-bone-18445gr-bone-18445ca/img_16.jpg, images/boinas inverno/bone-18445mi-bone-18445k-bone-18445n-bone-18445gr-bone-18445ca/img_17.jpg, images/boinas inverno/bone-18445mi-bone-18445k-bone-18445n-bone-18445gr-bone-18445ca/img_18.jpg, images/boinas inverno/bone-18445mi-bone-18445k-bone-18445n-bone-18445gr-bone-18445ca/img_19.jpg, images/boinas inverno/bone-18445mi-bone-18445k-bone-18445n-bone-18445gr-bone-18445ca/img_20.jpg","images/boinas inverno/bone-18445mi-bone-18445k-bone-18445n-bone-18445gr-bone-18445ca/img_01.jpg, images/boinas inverno/bone-18445mi-bone-18445k-bone-18445n-bone-18445gr-bone-18445ca/img_02.jpg, images/boinas inverno/bone-18445mi-bone-18445k-bone-18445n-bone-18445gr-bone-18445ca/img_03.jpg, images/boinas inverno/bone-18445mi-bone-18445k-bone-18445n-bone-18445gr-bone-18445ca/img_04.jpg, images/boinas inverno/bone-18445mi-bone-18445k-bone-18445n-bone-18445gr-bone-18445ca/img_05.jpg, images/boinas inverno/bone-18445mi-bone-18445k-bone-18445n-bone-18445gr-bone-18445ca/img_06.jpg, images/boinas inverno/bone-18445mi-bone-18445k-bone-18445n-bone-18445gr-bone-18445ca/img_07.jpg, images/boinas inverno/bone-18445mi-bone-18445k-bone-18445n-bone-18445gr-bone-18445ca/img_08.jpg, images/boinas inverno/bone-18445mi-bone-18445k-bone-18445n-bone-18445gr-bone-18445ca/img_09.jpg, images/boinas inverno/bone-18445mi-bone-18445k-bone-18445n-bone-18445gr-bone-18445ca/img_10.jpg, images/boinas inverno/bone-18445mi-bone-18445k-bone-18445n-bone-18445gr-bone-18445ca/img_11.jpg, images/boinas inverno/bone-18445mi-bone-18445k-bone-18445n-bone-18445gr-bone-18445ca/img_12.jpg, images/boinas inverno/bone-18445mi-bone-18445k-bone-18445n-bone-18445gr-bone-18445ca/img_13.jpg, images/boinas inverno/bone-18445mi-bone-18445k-bone-18445n-bone-18445gr-bone-18445ca/img_14.jpg, images/boinas inverno/bone-18445mi-bone-18445k-bone-18445n-bone-18445gr-bone-18445ca/img_15.jpg, images/boinas inverno/bone-18445mi-bone-18445k-bone-18445n-bone-18445gr-bone-18445ca/img_16.jpg, images/boinas inverno/bone-18445mi-bone-18445k-bone-18445n-bone-18445gr-bone-18445ca/img_17.jpg, images/boinas inverno/bone-18445mi-bone-18445k-bone-18445n-bone-18445gr-bone-18445ca/img_18.jpg, images/boinas inverno/bone-18445mi-bone-18445k-bone-18445n-bone-18445gr-bone-18445ca/img_19.jpg, images/boinas inverno/bone-18445mi-bone-18445k-bone-18445n-bone-18445gr-bone-18445ca/img_20.jpg","http://localhost:8080/wp-content/uploads/catalogo2025/boinas%20inverno/bone-18445mi-bone-18445k-bone-18445n-bone-18445gr-bone-18445ca/img_01.jpg, http://localhost:8080/wp-content/uploads/catalogo2025/boinas%20inverno/bone-18445mi-bone-18445k-bone-18445n-bone-18445gr-bone-18445ca/img_02.jpg, http://localhost:8080/wp-content/uploads/catalogo2025/boinas%20inverno/bone-18445mi-bone-18445k-bone-18445n-bone-18445gr-bone-18445ca/img_03.jpg, http://localhost:8080/wp-content/uploads/catalogo2025/boinas%20inverno/bone-18445mi-bone-18445k-bone-18445n-bone-18445gr-bone-18445ca/img_04.jpg, http://localhost:8080/wp-content/uploads/catalogo2025/boinas%20inverno/bone-18445mi-bone-18445k-bone-18445n-bone-18445gr-bone-18445ca/img_05.jpg, http://localhost:8080/wp-content/uploads/catalogo2025/boinas%20inverno/bone-18445mi-bone-18445k-bone-18445n-bone-18445gr-bone-18445ca/img_06.jpg, http://localhost:8080/wp-content/uploads/catalogo2025/boinas%20inverno/bone-18445mi-bone-18445k-bone-18445n-bone-18445gr-bone-18445ca/img_07.jpg, http://localhost:8080/wp-content/uploads/catalogo2025/boinas%20inverno/bone-18445mi-bone-18445k-bone-18445n-bone-18445gr-bone-18445ca/img_08.jpg, http://localhost:8080/wp-content/uploads/catalogo2025/boinas%20inverno/bone-18445mi-bone-18445k-bone-18445n-bone-18445gr-bone-18445ca/img_09.jpg, http://localhost:8080/wp-content/uploads/catalogo2025/boinas%20inverno/bone-18445mi-bone-18445k-bone-18445n-bone-18445gr-bone-18445ca/img_10.jpg, http://localhost:8080/wp-content/uploads/catalogo2025/boinas%20inverno/bone-18445mi-bone-18445k-bone-18445n-bone-18445gr-bone-18445ca/img_11.jpg, http://localhost:8080/wp-content/uploads/catalogo2025/boinas%20inverno/bone-18445mi-bone-18445k-bone-18445n-bone-18445gr-bone-18445ca/img_12.jpg, http://localhost:8080/wp-content/uploads/catalogo2025/boinas%20inverno/bone-18445mi-bone-18445k-bone-18445n-bone-18445gr-bone-18445ca/img_13.jpg, http://localhost:8080/wp-content/uploads/catalogo2025/boinas%20inverno/bone-18445mi-bone-18445k-bone-18445n-bone-18445gr-bone-18445ca/img_14.jpg, http://localhost:8080/wp-content/uploads/catalogo2025/boinas%20inverno/bone-18445mi-bone-18445k-bone-18445n-bone-18445gr-bone-18445ca/img_15.jpg, http://localhost:8080/wp-content/uploads/catalogo2025/boinas%20inverno/bone-18445mi-bone-18445k-bone-18445n-bone-18445gr-bone-18445ca/img_16.jpg, http://localhost:8080/wp-content/uploads/catalogo2025/boinas%20inverno/bone-18445mi-bone-18445k-bone-18445n-bone-18445gr-bone-18445ca/img_17.jpg, http://localhost:8080/wp-content/uploads/catalogo2025/boinas%20inverno/bone-18445mi-bone-18445k-bone-18445n-bone-18445gr-bone-18445ca/img_18.jpg, http://localhost:8080/wp-content/uploads/catalogo2025/boinas%20inverno/bone-18445mi-bone-18445k-bone-18445n-bone-18445gr-bone-18445ca/img_19.jpg, http://localhost:8080/wp-content/uploads/catalogo2025/boinas%20inverno/bone-18445mi-bone-18445k-bone-18445n-bone-18445gr-bone-18445ca/img_20.jpg",,WOOL & CASHEMERE,WOOL & CASHEMERE,Découvrez notre Casquette - 18445MI au prix de grossiste pour votre boutique sur Hologramme Paris.,Découvrez notre Casquette - 18445MI au prix de grossiste pour votre boutique sur Hologramme Paris.,"Fabricado na Itália, Inverno, cashmere","Fabricado na Itália, Inverno, cashmere","{""Cor"": ""Marinho, Cáqui, Preto, Cinza, Camel"", ""Tamanho"": ""55 , 56 , 57 , 58 , 59 , 60 , 61"", ""Composição"": ""70% Lã – 20% Poliamida – 10% Caxemira"", ""Pack"": ""Unitário""}","{""COR"": ""Marinho, Cáqui, Preto, Cinza, Camel"", ""TAMANHO"": ""55 , 56 , 57 , 58 , 59 , 60 , 61"", ""VENDIDO POR"": ""Unitário"", ""COMPOSIÇÃO"": ""70% Lã – 20% Poliamida – 10% Caxemira""}",https://hologrammeparis.com/product/casquette-18445mi/,bone-18445mi-bone-18445k-bone-18445n-bone-18445gr-bone-18445ca
Boné – 18456G,BOINA PIEMONTE HARRINGBONE,BOINAS INVERNO,45.00,45.00,Completo,,,16,16,16,"images/boinas inverno/bone-18456g/img_01.jpg, images/boinas inverno/bone-18456g/img_02.jpg, images/boinas inverno/bone-18456g/img_03.jpg, images/boinas inverno/bone-18456g/img_04.jpg, images/boinas inverno/bone-18456g/img_05.jpg, images/boinas inverno/bone-18456g/img_06.jpg, images/boinas inverno/bone-18456g/img_07.jpg, images/boinas inverno/bone-18456g/img_08.jpg, images/boinas inverno/bone-18456g/img_09.jpg, images/boinas inverno/bone-18456g/img_10.jpg, images/boinas inverno/bone-18456g/img_11.jpg, images/boinas inverno/bone-18456g/img_12.jpg, images/boinas inverno/bone-18456g/img_13.jpg, images/boinas inverno/bone-18456g/img_14.jpg, images/boinas inverno/bone-18456g/img_15.jpg, images/boinas inverno/bone-18456g/img_16.jpg","images/boinas inverno/bone-18456g/img_01.jpg, images/boinas inverno/bone-18456g/img_02.jpg, images/boinas inverno/bone-18456g/img_03.jpg, images/boinas inverno/bone-18456g/img_04.jpg, images/boinas inverno/bone-18456g/img_05.jpg, images/boinas inverno/bone-18456g/img_06.jpg, images/boinas inverno/bone-18456g/img_07.jpg, images/boinas inverno/bone-18456g/img_08.jpg, images/boinas inverno/bone-18456g/img_09.jpg, images/boinas inverno/bone-18456g/img_10.jpg, images/boinas inverno/bone-18456g/img_11.jpg, images/boinas inverno/bone-18456g/img_12.jpg, images/boinas inverno/bone-18456g/img_13.jpg, images/boinas inverno/bone-18456g/img_14.jpg, images/boinas inverno/bone-18456g/img_15.jpg, images/boinas inverno/bone-18456g/img_16.jpg","http://localhost:8080/wp-content/uploads/catalogo2025/boinas%20inverno/bone-18456g/img_01.jpg, http://localhost:8080/wp-content/uploads/catalogo2025/boinas%20inverno/bone-18456g/img_02.jpg, http://localhost:8080/wp-content/uploads/catalogo2025/boinas%20inverno/bone-18456g/img_03.jpg, http://localhost:8080/wp-content/uploads/catalogo2025/boinas%20inverno/bone-18456g/img_04.jpg, http://localhost:8080/wp-content/uploads/catalogo2025/boinas%20inverno/bone-18456g/img_05.jpg, http://localhost:8080/wp-content/uploads/catalogo2025/boinas%20inverno/bone-18456g/img_06.jpg, http://localhost:8080/wp-content/uploads/catalogo2025/boinas%20inverno/bone-18456g/img_07.jpg, http://localhost:8080/wp-content/uploads/catalogo2025/boinas%20inverno/bone-18456g/img_08.jpg, http://localhost:8080/wp-content/uploads/catalogo2025/boinas%20inverno/bone-18456g/img_09.jpg, http://localhost:8080/wp-content/uploads/catalogo2025/boinas%20inverno/bone-18456g/img_10.jpg, http://localhost:8080/wp-content/uploads/catalogo2025/boinas%20inverno/bone-18456g/img_11.jpg, http://localhost:8080/wp-content/uploads/catalogo2025/boinas%20inverno/bone-18456g/img_12.jpg, http://localhost:8080/wp-content/uploads/catalogo2025/boinas%20inverno/bone-18456g/img_13.jpg, http://localhost:8080/wp-content/uploads/catalogo2025/boinas%20inverno/bone-18456g/img_14.jpg, http://localhost:8080/wp-content/uploads/catalogo2025/boinas%20inverno/bone-18456g/img_15.jpg, http://localhost:8080/wp-content/uploads/catalogo2025/boinas%20inverno/bone-18456g/img_16.jpg",,Lã Pura,Lã Pura,Découvrez notre Casquette - 18456MI au prix de grossiste pour votre boutique sur Hologramme Paris.,Découvrez notre Casquette - 18456MI au prix de grossiste pour votre boutique sur Hologramme Paris.,"Fabricado na Itália, Inverno, Lã Pura","Fabricado na Itália, Inverno, Lã Pura","{""Cor"": ""Marinho, Cinza, Castanho, Verde"", ""Tamanho"": ""55 , 56 , 57 , 58 , 59 , 60 , 61"", ""Composição"": ""100% Lã"", ""Pack"": ""Unitário""}","{""COR"": ""Marinho, Cinza, Castanho, Verde"", ""TAMANHO"": ""55 , 56 , 57 , 58 , 59 , 60 , 61"", ""VENDIDO POR"": ""Unitário"", ""COMPOSIÇÃO"": ""100% Lã""}",https://hologrammeparis.com/product/casquette-18456mi/,bone-18456g
Boné – 18500MI,BOINA HARRIS TWEED QUADRADOS,BOINAS INVERNO,85.00,85.00,Completo,,,4,4,4,"images/boinas inverno/bone-18500mi/img_01.jpg, images/boinas inverno/bone-18500mi/img_02.jpg, images/boinas inverno/bone-18500mi/img_03.jpg, images/boinas inverno/bone-18500mi/img_04.jpg","images/boinas inverno/bone-18500mi/img_01.jpg, images/boinas inverno/bone-18500mi/img_02.jpg, images/boinas inverno/bone-18500mi/img_03.jpg, images/boinas inverno/bone-18500mi/img_04.jpg","http://localhost:8080/wp-content/uploads/catalogo2025/boinas%20inverno/bone-18500mi/img_01.jpg, http://localhost:8080/wp-content/uploads/catalogo2025/boinas%20inverno/bone-18500mi/img_02.jpg, http://localhost:8080/wp-content/uploads/catalogo2025/boinas%20inverno/bone-18500mi/img_03.jpg, http://localhost:8080/wp-content/uploads/catalogo2025/boinas%20inverno/bone-18500mi/img_04.jpg",,Harris Tweed 100% lã virgem,Harris Tweed 100% lã virgem,Harris Tweed 100% Laine vierge,Harris Tweed 100% Laine vierge,"Fabricado na Itália, Harris Tweed, Inverno, Lã Pura","Fabricado na Itália, Harris Tweed, Inverno, Lã Pura","{""Cor"": ""Marinho"", ""Tamanho"": ""55 , 56 , 57 , 58 , 59 , 60 , 61"", ""Composição"": ""100% Lã"", ""Pack"": ""Unitário""}","{""COR"": ""Marinho"", ""TAMANHO"": ""55 , 56 , 57 , 58 , 59 , 60 , 61"", ""VENDIDO POR"": ""Unitário"", ""COMPOSIÇÃO"": ""100% Lã""}",https://hologrammeparis.com/product/casquette-18500mi/,bone-18500mi
Boné – 18501MI,BOINA HARRIS TWEED PATCHWORK,BOINAS INVERNO,85.00,85.00,Completo,,,4,4,4,"images/boinas inverno/bone-18501mi/img_01.jpg, images/boinas inverno/bone-18501mi/img_02.jpg, images/boinas inverno/bone-18501mi/img_03.jpg, images/boinas inverno/bone-18501mi/img_04.jpg","images/boinas inverno/bone-18501mi/img_01.jpg, images/boinas inverno/bone-18501mi/img_02.jpg, images/boinas inverno/bone-18501mi/img_03.jpg, images/boinas inverno/bone-18501mi/img_04.jpg","http://localhost:8080/wp-content/uploads/catalogo2025/boinas%20inverno/bone-18501mi/img_01.jpg, http://localhost:8080/wp-content/uploads/catalogo2025/boinas%20inverno/bone-18501mi/img_02.jpg, http://localhost:8080/wp-content/uploads/catalogo2025/boinas%20inverno/bone-18501mi/img_03.jpg, http://localhost:8080/wp-content/uploads/catalogo2025/boinas%20inverno/bone-18501mi/img_04.jpg",,Harris Tweed 100% lã virgem,Harris Tweed 100% lã virgem,Harris Tweed 100% Laine vierge,Harris Tweed 100% Laine vierge,"Fabricado na Itália, Harris Tweed, Inverno, Lã Pura","Fabricado na Itália, Harris Tweed, Inverno, Lã Pura","{""Cor"": ""Marinho"", ""Tamanho"": ""55 , 56 , 57 , 58 , 59 , 60 , 61"", ""Composição"": ""100% Lã"", ""Pack"": ""Unitário""}","{""COR"": ""Marinho"", ""TAMANHO"": ""55 , 56 , 57 , 58 , 59 , 60 , 61"", ""VENDIDO POR"": ""Unitário"", ""COMPOSIÇÃO"": ""100% Lã""}",https://hologrammeparis.com/product/casquette-18501mi/,bone-18501mi
Boné – 18508MI 18452,BOINA SEXTAVADA PURE WOOL,BOINAS INVERNO,55.00,55.00,Completo,,,16,16,16,"images/boinas inverno/bone-18508mi-18452/img_01.jpg, images/boinas inverno/bone-18508mi-18452/img_02.jpg, images/boinas inverno/bone-18508mi-18452/img_03.jpg, images/boinas inverno/bone-18508mi-18452/img_04.jpg, images/boinas inverno/bone-18508mi-18452/img_05.jpg, images/boinas inverno/bone-18508mi-18452/img_06.jpg, images/boinas inverno/bone-18508mi-18452/img_07.jpg, images/boinas inverno/bone-18508mi-18452/img_08.jpg, images/boinas inverno/bone-18508mi-18452/img_09.jpg, images/boinas inverno/bone-18508mi-18452/img_10.jpg, images/boinas inverno/bone-18508mi-18452/img_11.jpg, images/boinas inverno/bone-18508mi-18452/img_12.jpg, images/boinas inverno/bone-18508mi-18452/img_13.jpg, images/boinas inverno/bone-18508mi-18452/img_14.jpg, images/boinas inverno/bone-18508mi-18452/img_15.jpg, images/boinas inverno/bone-18508mi-18452/img_16.jpg","images/boinas inverno/bone-18508mi-18452/img_01.jpg, images/boinas inverno/bone-18508mi-18452/img_02.jpg, images/boinas inverno/bone-18508mi-18452/img_03.jpg, images/boinas inverno/bone-18508mi-18452/img_04.jpg, images/boinas inverno/bone-18508mi-18452/img_05.jpg, images/boinas inverno/bone-18508mi-18452/img_06.jpg, images/boinas inverno/bone-18508mi-18452/img_07.jpg, images/boinas inverno/bone-18508mi-18452/img_08.jpg, images/boinas inverno/bone-18508mi-18452/img_09.jpg, images/boinas inverno/bone-18508mi-18452/img_10.jpg, images/boinas inverno/bone-18508mi-18452/img_11.jpg, images/boinas inverno/bone-18508mi-18452/img_12.jpg, images/boinas inverno/bone-18508mi-18452/img_13.jpg, images/boinas inverno/bone-18508mi-18452/img_14.jpg, images/boinas inverno/bone-18508mi-18452/img_15.jpg, images/boinas inverno/bone-18508mi-18452/img_16.jpg","http://localhost:8080/wp-content/uploads/catalogo2025/boinas%20inverno/bone-18508mi-18452/img_01.jpg, http://localhost:8080/wp-content/uploads/catalogo2025/boinas%20inverno/bone-18508mi-18452/img_02.jpg, http://localhost:8080/wp-content/uploads/catalogo2025/boinas%20inverno/bone-18508mi-18452/img_03.jpg, http://localhost:8080/wp-content/uploads/catalogo2025/boinas%20inverno/bone-18508mi-18452/img_04.jpg, http://localhost:8080/wp-content/uploads/catalogo2025/boinas%20inverno/bone-18508mi-18452/img_05.jpg, http://localhost:8080/wp-content/uploads/catalogo2025/boinas%20inverno/bone-18508mi-18452/img_06.jpg, http://localhost:8080/wp-content/uploads/catalogo2025/boinas%20inverno/bone-18508mi-18452/img_07.jpg, http://localhost:8080/wp-content/uploads/catalogo2025/boinas%20inverno/bone-18508mi-18452/img_08.jpg, http://localhost:8080/wp-content/uploads/catalogo2025/boinas%20inverno/bone-18508mi-18452/img_09.jpg, http://localhost:8080/wp-content/uploads/catalogo2025/boinas%20inverno/bone-18508mi-18452/img_10.jpg, http://localhost:8080/wp-content/uploads/catalogo2025/boinas%20inverno/bone-18508mi-18452/img_11.jpg, http://localhost:8080/wp-content/uploads/catalogo2025/boinas%20inverno/bone-18508mi-18452/img_12.jpg, http://localhost:8080/wp-content/uploads/catalogo2025/boinas%20inverno/bone-18508mi-18452/img_13.jpg, http://localhost:8080/wp-content/uploads/catalogo2025/boinas%20inverno/bone-18508mi-18452/img_14.jpg, http://localhost:8080/wp-content/uploads/catalogo2025/boinas%20inverno/bone-18508mi-18452/img_15.jpg, http://localhost:8080/wp-content/uploads/catalogo2025/boinas%20inverno/bone-18508mi-18452/img_16.jpg",,,"Boina sextavada em 100% lã pura, fabricada na Itália",Découvrez notre Casquette - 18508MI au prix de grossiste pour votre boutique sur Hologramme Paris.,Découvrez notre Casquette - 18508MI au prix de grossiste pour votre boutique sur Hologramme Paris.,"Fabricado na Itália, Inverno, Lã Pura","Fabricado na Itália, Inverno, Lã Pura","{""Cor"": ""Marinha, Caqui, Marrom"", ""Tamanho"": ""55 , 56 , 57 , 58 , 59 , 60 , 61"", ""Composição"": ""100% Lã"", ""Pack"": ""Unitário""}","{""COR"": ""Marinha, Caqui, Marrom"", ""TAMANHO"": ""55 , 56 , 57 , 58 , 59 , 60 , 61"", ""VENDIDO POR"": ""Unitário"", ""COMPOSIÇÃO"": ""100% Lã""}",https://hologrammeparis.com/product/casquette-18508mi/,bone-18508mi-18452
Boné – 22182,BOINA BICO DE PATO AJUSTÁVEL,BOINAS INVERNO,27.50,27.50,Completo,,,9,9,9,"images/boinas inverno/bone-22182/img_01.jpg, images/boinas inverno/bone-22182/img_02.jpg, images/boinas inverno/bone-22182/img_03.jpg, images/boinas inverno/bone-22182/img_04.jpg, images/boinas inverno/bone-22182/img_05.jpg, images/boinas inverno/bone-22182/img_06.jpg, images/boinas inverno/bone-22182/img_07.jpg, images/boinas inverno/bone-22182/img_08.jpg, images/boinas inverno/bone-22182/img_09.jpg","images/boinas inverno/bone-22182/img_01.jpg, images/boinas inverno/bone-22182/img_02.jpg, images/boinas inverno/bone-22182/img_03.jpg, images/boinas inverno/bone-22182/img_04.jpg, images/boinas inverno/bone-22182/img_05.jpg, images/boinas inverno/bone-22182/img_06.jpg, images/boinas inverno/bone-22182/img_07.jpg, images/boinas inverno/bone-22182/img_08.jpg, images/boinas inverno/bone-22182/img_09.jpg","http://localhost:8080/wp-content/uploads/catalogo2025/boinas%20inverno/bone-22182/img_01.jpg, http://localhost:8080/wp-content/uploads/catalogo2025/boinas%20inverno/bone-22182/img_02.jpg, http://localhost:8080/wp-content/uploads/catalogo2025/boinas%20inverno/bone-22182/img_03.jpg, http://localhost:8080/wp-content/uploads/catalogo2025/boinas%20inverno/bone-22182/img_04.jpg, http://localhost:8080/wp-content/uploads/catalogo2025/boinas%20inverno/bone-22182/img_05.jpg, http://localhost:8080/wp-content/uploads/catalogo2025/boinas%20inverno/bone-22182/img_06.jpg, http://localhost:8080/wp-content/uploads/catalogo2025/boinas%20inverno/bone-22182/img_07.jpg, http://localhost:8080/wp-content/uploads/catalogo2025/boinas%20inverno/bone-22182/img_08.jpg, http://localhost:8080/wp-content/uploads/catalogo2025/boinas%20inverno/bone-22182/img_09.jpg",,Tamanho ajustável,Tamanho ajustável,"Paquet de 12 pcs assorties: 4*Noir, 3*Marron, 2*Beige, 1*Kaki, 1*Gris, 1*Camel","Paquet de 12 pcs assorties: 4*Noir, 3*Marron, 2*Beige, 1*Kaki, 1*Gris, 1*Camel","Inverno, Tamanho ajustável","Inverno, Tamanho ajustável","{""Cor"": ""Sortido"", ""Tamanho"": ""Tamanho único ajustável"", ""Composição"": ""100% Poliéster"", ""Pack"": ""Pacote 12""}","{""COR"": ""Sortido"", ""TAMANHO"": ""Tamanho único ajustável"", ""VENDIDO POR"": ""Pacote 12"", ""COMPOSIÇÃO"": ""100% Poliéster""}",https://hologrammeparis.com/product/casquette-22224/,bone-22182
Boné – 22195,BOINA OITAVA XADREZ,BOINAS INVERNO,29.90,29.90,Completo,,,7,7,7,"images/boinas inverno/bone-22195/img_01.jpg, images/boinas inverno/bone-22195/img_02.jpg, images/boinas inverno/bone-22195/img_03.jpg, images/boinas inverno/bone-22195/img_04.jpg, images/boinas inverno/bone-22195/img_05.jpg, images/boinas inverno/bone-22195/img_06.jpg, images/boinas inverno/bone-22195/img_07.jpg","images/boinas inverno/bone-22195/img_01.jpg, images/boinas inverno/bone-22195/img_02.jpg, images/boinas inverno/bone-22195/img_03.jpg, images/boinas inverno/bone-22195/img_04.jpg, images/boinas inverno/bone-22195/img_05.jpg, images/boinas inverno/bone-22195/img_06.jpg, images/boinas inverno/bone-22195/img_07.jpg","http://localhost:8080/wp-content/uploads/catalogo2025/boinas%20inverno/bone-22195/img_01.jpg, http://localhost:8080/wp-content/uploads/catalogo2025/boinas%20inverno/bone-22195/img_02.jpg, http://localhost:8080/wp-content/uploads/catalogo2025/boinas%20inverno/bone-22195/img_03.jpg, http://localhost:8080/wp-content/uploads/catalogo2025/boinas%20inverno/bone-22195/img_04.jpg, http://localhost:8080/wp-content/uploads/catalogo2025/boinas%20inverno/bone-22195/img_05.jpg, http://localhost:8080/wp-content/uploads/catalogo2025/boinas%20inverno/bone-22195/img_06.jpg, http://localhost:8080/wp-content/uploads/catalogo2025/boinas%20inverno/bone-22195/img_07.jpg",,,"Boina oitavada xadrez com mistura de lã, cores sortidas","Paquet de 12 pcs assorties: 4*Blanc, 3*Rouille, 3*Taupe, 2*Moutarde","Paquet de 12 pcs assorties: 4*Blanc, 3*Rouille, 3*Taupe, 2*Moutarde","boina oitavada, Inverno, Mistura de lã","boina oitavada, Inverno, Mistura de lã","{""Cor"": ""Sortido"", ""Tamanho"": ""57 , 59"", ""Composição"": ""70% Poliéster – 15% Algodão – 15% Lã"", ""Pack"": ""Pacote 12""}","{""COR"": ""Sortido"", ""TAMANHO"": ""57 , 59"", ""VENDIDO POR"": ""Pacote 12"", ""COMPOSIÇÃO"": ""70% Poliéster – 15% Algodão – 15% Lã""}",https://hologrammeparis.com/product/casquette-22195/,bone-22195
Boné – 25023,BOINA OITAVADA HARRINGBONE,BOINAS INVERNO,29.90,29.90,Completo,,,7,7,7,"images/boinas inverno/bone-25023/img_01.jpg, images/boinas inverno/bone-25023/img_02.jpg, images/boinas inverno/bone-25023/img_03.jpg, images/boinas inverno/bone-25023/img_04.jpg, images/boinas inverno/bone-25023/img_05.jpg, images/boinas inverno/bone-25023/img_06.jpg, images/boinas inverno/bone-25023/img_07.jpg","images/boinas inverno/bone-25023/img_01.jpg, images/boinas inverno/bone-25023/img_02.jpg, images/boinas inverno/bone-25023/img_03.jpg, images/boinas inverno/bone-25023/img_04.jpg, images/boinas inverno/bone-25023/img_05.jpg, images/boinas inverno/bone-25023/img_06.jpg, images/boinas inverno/bone-25023/img_07.jpg","http://localhost:8080/wp-content/uploads/catalogo2025/boinas%20inverno/bone-25023/img_01.jpg, http://localhost:8080/wp-content/uploads/catalogo2025/boinas%20inverno/bone-25023/img_02.jpg, http://localhost:8080/wp-content/uploads/catalogo2025/boinas%20inverno/bone-25023/img_03.jpg, http://localhost:8080/wp-content/uploads/catalogo2025/boinas%20inverno/bone-25023/img_04.jpg, http://localhost:8080/wp-content/uploads/catalogo2025/boinas%20inverno/bone-25023/img_05.jpg, http://localhost:8080/wp-content/uploads/catalogo2025/boinas%20inverno/bone-25023/img_06.jpg, http://localhost:8080/wp-content/uploads/catalogo2025/boinas%20inverno/bone-25023/img_07.jpg",,,"Boina oitavada harringbone com mistura de lã, cores sortidas","Paquet de 12 pcs assorties: 5*Noir, 3*Beige, 3*Gris, 1*Marron","Paquet de 12 pcs assorties: 5*Noir, 3*Beige, 3*Gris, 1*Marron","boina oitavada, Inverno, Mistura de lã","boina oitavada, Inverno, Mistura de lã","{""Cor"": ""Sortido"", ""Tamanho"": ""57 , 59"", ""Composição"": ""51,5% Poliéster – 25,4% Acrílico – 6,2% Rayon – 13,5% Algodão – 3,4% Lã"", ""Pack"": ""Pacote 12""}","{""COR"": ""Sortido"", ""TAMANHO"": ""57 , 59"", ""VENDIDO POR"": ""Pacote 12"", ""COMPOSIÇÃO"": ""51,5% Poliéster – 25,4% Acrílico – 6,2% Rayon – 13,5% Algodão – 3,4% Lã""}",https://hologrammeparis.com/product/casquette-25023/,bone-25023
Boné – 25025,BOINA OITAVA INVERNO,BOINAS INVERNO,29.90,29.90,Completo,,,9,9,9,"images/boinas inverno/bone-25025/img_01.jpg, images/boinas inverno/bone-25025/img_02.jpg, images/boinas inverno/bone-25025/img_03.jpg, images/boinas inverno/bone-25025/img_04.jpg, images/boinas inverno/bone-25025/img_05.jpg, images/boinas inverno/bone-25025/img_06.jpg, images/boinas inverno/bone-25025/img_07.jpg, images/boinas inverno/bone-25025/img_08.jpg, images/boinas inverno/bone-25025/img_09.jpg","images/boinas inverno/bone-25025/img_01.jpg, images/boinas inverno/bone-25025/img_02.jpg, images/boinas inverno/bone-25025/img_03.jpg, images/boinas inverno/bone-25025/img_04.jpg, images/boinas inverno/bone-25025/img_05.jpg, images/boinas inverno/bone-25025/img_06.jpg, images/boinas inverno/bone-25025/img_07.jpg, images/boinas inverno/bone-25025/img_08.jpg, images/boinas inverno/bone-25025/img_09.jpg","http://localhost:8080/wp-content/uploads/catalogo2025/boinas%20inverno/bone-25025/img_01.jpg, http://localhost:8080/wp-content/uploads/catalogo2025/boinas%20inverno/bone-25025/img_02.jpg, http://localhost:8080/wp-content/uploads/catalogo2025/boinas%20inverno/bone-25025/img_03.jpg, http://localhost:8080/wp-content/uploads/catalogo2025/boinas%20inverno/bone-25025/img_04.jpg, http://localhost:8080/wp-content/uploads/catalogo2025/boinas%20inverno/bone-25025/img_05.jpg, http://localhost:8080/wp-content/uploads/catalogo2025/boinas%20inverno/bone-25025/img_06.jpg, http://localhost:8080/wp-content/uploads/catalogo2025/boinas%20inverno/bone-25025/img_07.jpg, http://localhost:8080/wp-content/uploads/catalogo2025/boinas%20inverno/bone-25025/img_08.jpg, http://localhost:8080/wp-content/uploads/catalogo2025/boinas%20inverno/bone-25025/img_09.jpg",,,"Boina oitavada em poliéster e rayon, cores sortidas","Paquet de 12 pcs assorties: 4*Noir, 2*Bordeaux, 2*Gris Clair, 1*Gris Fonce, 1*Marine, 1*Marron, 1*Kaki","Paquet de 12 pcs assorties: 4*Noir, 2*Bordeaux, 2*Gris Clair, 1*Gris Fonce, 1*Marine, 1*Marron, 1*Kaki","Inverno, boina oitavada","Inverno, boina oitavada","{""Cor"": ""Sortido"", ""Tamanho"": ""57 , 59"", ""Composição"": ""67,3% Poliéster – 32,7% Rayon"", ""Pack"": ""Pacote 12""}","{""COR"": ""Sortido"", ""TAMANHO"": ""57 , 59"", ""VENDIDO POR"": ""Pacote 12"", ""COMPOSIÇÃO"": ""67,3% Poliéster – 32,7% Rayon""}",https://hologrammeparis.com/product/casquette-25025/,bone-25025
Boné – 12805,BOINA OITAVADA LINHO,BOINAS VERÃO,27.50,27.50,Completo,,,9,9,9,"images/boinas verão/bone-12805/img_01.jpg, images/boinas verão/bone-12805/img_02.jpg, images/boinas verão/bone-12805/img_03.jpg, images/boinas verão/bone-12805/img_04.jpg, images/boinas verão/bone-12805/img_05.jpg, images/boinas verão/bone-12805/img_06.jpg, images/boinas verão/bone-12805/img_07.jpg, images/boinas verão/bone-12805/img_08.jpg, images/boinas verão/bone-12805/img_09.jpg","images/boinas verão/bone-12805/img_01.jpg, images/boinas verão/bone-12805/img_02.jpg, images/boinas verão/bone-12805/img_03.jpg, images/boinas verão/bone-12805/img_04.jpg, images/boinas verão/bone-12805/img_05.jpg, images/boinas verão/bone-12805/img_06.jpg, images/boinas verão/bone-12805/img_07.jpg, images/boinas verão/bone-12805/img_08.jpg, images/boinas verão/bone-12805/img_09.jpg","http://localhost:8080/wp-content/uploads/catalogo2025/boinas%20verão/bone-12805/img_01.jpg, http://localhost:8080/wp-content/uploads/catalogo2025/boinas%20verão/bone-12805/img_02.jpg, http://localhost:8080/wp-content/uploads/catalogo2025/boinas%20verão/bone-12805/img_03.jpg, http://localhost:8080/wp-content/uploads/catalogo2025/boinas%20verão/bone-12805/img_04.jpg, http://localhost:8080/wp-content/uploads/catalogo2025/boinas%20verão/bone-12805/img_05.jpg, http://localhost:8080/wp-content/uploads/catalogo2025/boinas%20verão/bone-12805/img_06.jpg, http://localhost:8080/wp-content/uploads/catalogo2025/boinas%20verão/bone-12805/img_07.jpg, http://localhost:8080/wp-content/uploads/catalogo2025/boinas%20verão/bone-12805/img_08.jpg, http://localhost:8080/wp-content/uploads/catalogo2025/boinas%20verão/bone-12805/img_09.jpg",,,"Boina oitavada em linho e viscose, leve e fresca para verão","Paquet de 24 pcs assorties: 4*Noir, 4*Marine, 5*Gris, 4*Vert, 3*Camel, 4*Beige","Paquet de 24 pcs assorties: 4*Noir, 4*Marine, 5*Gris, 4*Vert, 3*Camel, 4*Beige",Verão 2023,Verão 2023,"{""Cor"": ""Sortido"", ""Tamanho"": ""57 , 59"", ""Composição"": ""85% Viscose – 15% Linho"", ""Pack"": ""Pacote 24""}","{""COR"": ""Sortido"", ""TAMANHO"": ""57 , 59"", ""VENDIDO POR"": ""Pacote 24"", ""COMPOSIÇÃO"": ""85% Viscose – 15% Linho""}",https://hologrammeparis.com/product/casquette-12805/,bone-12805
Boné – 15266F Boné – 15266C,BOINA SEXTAVADA ALGODÃO,BOINAS VERÃO,16.90,16.90,Completo,,,34,34,34,"images/boinas verão/bone-15266f-bone-15266c/img_01.jpg, images/boinas verão/bone-15266f-bone-15266c/img_02.jpg, images/boinas verão/bone-15266f-bone-15266c/img_03.jpg, images/boinas verão/bone-15266f-bone-15266c/img_04.jpg, images/boinas verão/bone-15266f-bone-15266c/img_05.jpg, images/boinas verão/bone-15266f-bone-15266c/img_06.jpg, images/boinas verão/bone-15266f-bone-15266c/img_07.jpg, images/boinas verão/bone-15266f-bone-15266c/img_08.jpg, images/boinas verão/bone-15266f-bone-15266c/img_09.jpg, images/boinas verão/bone-15266f-bone-15266c/img_10.jpg, images/boinas verão/bone-15266f-bone-15266c/img_11.jpg, images/boinas verão/bone-15266f-bone-15266c/img_12.jpg, images/boinas verão/bone-15266f-bone-15266c/img_13.jpg, images/boinas verão/bone-15266f-bone-15266c/img_14.jpg, images/boinas verão/bone-15266f-bone-15266c/img_15.jpg, images/boinas verão/bone-15266f-bone-15266c/img_16.jpg, images/boinas verão/bone-15266f-bone-15266c/img_17.jpg, images/boinas verão/bone-15266f-bone-15266c/img_18.jpg, images/boinas verão/bone-15266f-bone-15266c/img_19.jpg, images/boinas verão/bone-15266f-bone-15266c/img_20.jpg, images/boinas verão/bone-15266f-bone-15266c/img_21.jpg, images/boinas verão/bone-15266f-bone-15266c/img_22.jpg, images/boinas verão/bone-15266f-bone-15266c/img_23.jpg, images/boinas verão/bone-15266f-bone-15266c/img_24.jpg, images/boinas verão/bone-15266f-bone-15266c/img_25.jpg, images/boinas verão/bone-15266f-bone-15266c/img_26.jpg, images/boinas verão/bone-15266f-bone-15266c/img_27.jpg, images/boinas verão/bone-15266f-bone-15266c/img_28.jpg, images/boinas verão/bone-15266f-bone-15266c/img_29.jpg, images/boinas verão/bone-15266f-bone-15266c/img_30.jpg, images/boinas verão/bone-15266f-bone-15266c/img_31.jpg, images/boinas verão/bone-15266f-bone-15266c/img_32.jpg, images/boinas verão/bone-15266f-bone-15266c/img_33.jpg, images/boinas verão/bone-15266f-bone-15266c/img_34.jpg","images/boinas verão/bone-15266f-bone-15266c/img_01.jpg, images/boinas verão/bone-15266f-bone-15266c/img_02.jpg, images/boinas verão/bone-15266f-bone-15266c/img_03.jpg, images/boinas verão/bone-15266f-bone-15266c/img_04.jpg, images/boinas verão/bone-15266f-bone-15266c/img_05.jpg, images/boinas verão/bone-15266f-bone-15266c/img_06.jpg, images/boinas verão/bone-15266f-bone-15266c/img_07.jpg, images/boinas verão/bone-15266f-bone-15266c/img_08.jpg, images/boinas verão/bone-15266f-bone-15266c/img_09.jpg, images/boinas verão/bone-15266f-bone-15266c/img_10.jpg, images/boinas verão/bone-15266f-bone-15266c/img_11.jpg, images/boinas verão/bone-15266f-bone-15266c/img_12.jpg, images/boinas verão/bone-15266f-bone-15266c/img_13.jpg, images/boinas verão/bone-15266f-bone-15266c/img_14.jpg, images/boinas verão/bone-15266f-bone-15266c/img_15.jpg, images/boinas verão/bone-15266f-bone-15266c/img_16.jpg, images/boinas verão/bone-15266f-bone-15266c/img_17.jpg, images/boinas verão/bone-15266f-bone-15266c/img_18.jpg, images/boinas verão/bone-15266f-bone-15266c/img_19.jpg, images/boinas verão/bone-15266f-bone-15266c/img_20.jpg, images/boinas verão/bone-15266f-bone-15266c/img_21.jpg, images/boinas verão/bone-15266f-bone-15266c/img_22.jpg, images/boinas verão/bone-15266f-bone-15266c/img_23.jpg, images/boinas verão/bone-15266f-bone-15266c/img_24.jpg, images/boinas verão/bone-15266f-bone-15266c/img_25.jpg, images/boinas verão/bone-15266f-bone-15266c/img_26.jpg, images/boinas verão/bone-15266f-bone-15266c/img_27.jpg, images/boinas verão/bone-15266f-bone-15266c/img_28.jpg, images/boinas verão/bone-15266f-bone-15266c/img_29.jpg, images/boinas verão/bone-15266f-bone-15266c/img_30.jpg, images/boinas verão/bone-15266f-bone-15266c/img_31.jpg, images/boinas verão/bone-15266f-bone-15266c/img_32.jpg, images/boinas verão/bone-15266f-bone-15266c/img_33.jpg, images/boinas verão/bone-15266f-bone-15266c/img_34.jpg","http://localhost:8080/wp-content/uploads/catalogo2025/boinas%20verão/bone-15266f-bone-15266c/img_01.jpg, http://localhost:8080/wp-content/uploads/catalogo2025/boinas%20verão/bone-15266f-bone-15266c/img_02.jpg, http://localhost:8080/wp-content/uploads/catalogo2025/boinas%20verão/bone-15266f-bone-15266c/img_03.jpg, http://localhost:8080/wp-content/uploads/catalogo2025/boinas%20verão/bone-15266f-bone-15266c/img_04.jpg, http://localhost:8080/wp-content/uploads/catalogo2025/boinas%20verão/bone-15266f-bone-15266c/img_05.jpg, http://localhost:8080/wp-content/uploads/catalogo2025/boinas%20verão/bone-15266f-bone-15266c/img_06.jpg, http://localhost:8080/wp-content/uploads/catalogo2025/boinas%20verão/bone-15266f-bone-15266c/img_07.jpg, http://localhost:8080/wp-content/uploads/catalogo2025/boinas%20verão/bone-15266f-bone-15266c/img_08.jpg, http://localhost:8080/wp-content/uploads/catalogo2025/boinas%20verão/bone-15266f-bone-15266c/img_09.jpg, http://localhost:8080/wp-content/uploads/catalogo2025/boinas%20verão/bone-15266f-bone-15266c/img_10.jpg, http://localhost:8080/wp-content/uploads/catalogo2025/boinas%20verão/bone-15266f-bone-15266c/img_11.jpg, http://localhost:8080/wp-content/uploads/catalogo2025/boinas%20verão/bone-15266f-bone-15266c/img_12.jpg, http://localhost:8080/wp-content/uploads/catalogo2025/boinas%20verão/bone-15266f-bone-15266c/img_13.jpg, http://localhost:8080/wp-content/uploads/catalogo2025/boinas%20verão/bone-15266f-bone-15266c/img_14.jpg, http://localhost:8080/wp-content/uploads/catalogo2025/boinas%20verão/bone-15266f-bone-15266c/img_15.jpg, http://localhost:8080/wp-content/uploads/catalogo2025/boinas%20verão/bone-15266f-bone-15266c/img_16.jpg, http://localhost:8080/wp-content/uploads/catalogo2025/boinas%20verão/bone-15266f-bone-15266c/img_17.jpg, http://localhost:8080/wp-content/uploads/catalogo2025/boinas%20verão/bone-15266f-bone-15266c/img_18.jpg, http://localhost:8080/wp-content/uploads/catalogo2025/boinas%20verão/bone-15266f-bone-15266c/img_19.jpg, http://localhost:8080/wp-content/uploads/catalogo2025/boinas%20verão/bone-15266f-bone-15266c/img_20.jpg, http://localhost:8080/wp-content/uploads/catalogo2025/boinas%20verão/bone-15266f-bone-15266c/img_21.jpg, http://localhost:8080/wp-content/uploads/catalogo2025/boinas%20verão/bone-15266f-bone-15266c/img_22.jpg, http://localhost:8080/wp-content/uploads/catalogo2025/boinas%20verão/bone-15266f-bone-15266c/img_23.jpg, http://localhost:8080/wp-content/uploads/catalogo2025/boinas%20verão/bone-15266f-bone-15266c/img_24.jpg, http://localhost:8080/wp-content/uploads/catalogo2025/boinas%20verão/bone-15266f-bone-15266c/img_25.jpg, http://localhost:8080/wp-content/uploads/catalogo2025/boinas%20verão/bone-15266f-bone-15266c/img_26.jpg, http://localhost:8080/wp-content/uploads/catalogo2025/boinas%20verão/bone-15266f-bone-15266c/img_27.jpg, http://localhost:8080/wp-content/uploads/catalogo2025/boinas%20verão/bone-15266f-bone-15266c/img_28.jpg, http://localhost:8080/wp-content/uploads/catalogo2025/boinas%20verão/bone-15266f-bone-15266c/img_29.jpg, http://localhost:8080/wp-content/uploads/catalogo2025/boinas%20verão/bone-15266f-bone-15266c/img_30.jpg, http://localhost:8080/wp-content/uploads/catalogo2025/boinas%20verão/bone-15266f-bone-15266c/img_31.jpg, http://localhost:8080/wp-content/uploads/catalogo2025/boinas%20verão/bone-15266f-bone-15266c/img_32.jpg, http://localhost:8080/wp-content/uploads/catalogo2025/boinas%20verão/bone-15266f-bone-15266c/img_33.jpg, http://localhost:8080/wp-content/uploads/catalogo2025/boinas%20verão/bone-15266f-bone-15266c/img_34.jpg",,,"Boina sextavada em algodão, leve e versátil",Paquet de 24 pcs assorties: 2 de chaque couleur,Paquet de 24 pcs assorties: 2 de chaque couleur,"verão, cotton","verão, cotton",{},"{""COULEUR"": ""Assorties"", ""TAILLE"": ""57, 59"", ""VENDU PAR"": ""Pack 24"", ""COMPOSITION"": ""100% Coton""}",https://hologrammeparis.com/fr/product/casquette-15266f/,bone-15266f-bone-15266c
Boné – 18107 Boné – 18515,"Tag: Fabricado na Itália, Linho",BOINAS VERÃO,47.50,47.50,Completo,,,10,10,10,"images/boinas verão/bone-18107-bone-18515/img_01.jpg, images/boinas verão/bone-18107-bone-18515/img_02.jpg, images/boinas verão/bone-18107-bone-18515/img_03.jpg, images/boinas verão/bone-18107-bone-18515/img_04.jpg, images/boinas verão/bone-18107-bone-18515/img_05.jpg, images/boinas verão/bone-18107-bone-18515/img_06.jpg, images/boinas verão/bone-18107-bone-18515/img_07.jpg, images/boinas verão/bone-18107-bone-18515/img_08.jpg, images/boinas verão/bone-18107-bone-18515/img_09.jpg, images/boinas verão/bone-18107-bone-18515/img_10.jpg","images/boinas verão/bone-18107-bone-18515/img_01.jpg, images/boinas verão/bone-18107-bone-18515/img_02.jpg, images/boinas verão/bone-18107-bone-18515/img_03.jpg, images/boinas verão/bone-18107-bone-18515/img_04.jpg, images/boinas verão/bone-18107-bone-18515/img_05.jpg, images/boinas verão/bone-18107-bone-18515/img_06.jpg, images/boinas verão/bone-18107-bone-18515/img_07.jpg, images/boinas verão/bone-18107-bone-18515/img_08.jpg, images/boinas verão/bone-18107-bone-18515/img_09.jpg, images/boinas verão/bone-18107-bone-18515/img_10.jpg","http://localhost:8080/wp-content/uploads/catalogo2025/boinas%20verão/bone-18107-bone-18515/img_01.jpg, http://localhost:8080/wp-content/uploads/catalogo2025/boinas%20verão/bone-18107-bone-18515/img_02.jpg, http://localhost:8080/wp-content/uploads/catalogo2025/boinas%20verão/bone-18107-bone-18515/img_03.jpg, http://localhost:8080/wp-content/uploads/catalogo2025/boinas%20verão/bone-18107-bone-18515/img_04.jpg, http://localhost:8080/wp-content/uploads/catalogo2025/boinas%20verão/bone-18107-bone-18515/img_05.jpg, http://localhost:8080/wp-content/uploads/catalogo2025/boinas%20verão/bone-18107-bone-18515/img_06.jpg, http://localhost:8080/wp-content/uploads/catalogo2025/boinas%20verão/bone-18107-bone-18515/img_07.jpg, http://localhost:8080/wp-content/uploads/catalogo2025/boinas%20verão/bone-18107-bone-18515/img_08.jpg, http://localhost:8080/wp-content/uploads/catalogo2025/boinas%20verão/bone-18107-bone-18515/img_09.jpg, http://localhost:8080/wp-content/uploads/catalogo2025/boinas%20verão/bone-18107-bone-18515/img_10.jpg",,"COR        
Verde, Azul, Bege

TAMANHO                
55 , 56 , 57 , 58 , 59 , 60 , 61

VENDIDO POR        
Unidade

COMPOSIÇÃO                
100% Linho","COR        
Verde, Azul, Bege

TAMANHO                
55 , 56 , 57 , 58 , 59 , 60 , 61

VENDIDO POR        
Unidade

COMPOSIÇÃO                
100% Linho",Découvrez notre Casquette - E18107BL au prix de grossiste pour votre boutique sur Hologramme Paris.,Découvrez notre Casquette - E18107BL au prix de grossiste pour votre boutique sur Hologramme Paris.,"Fabricado na Itália, Linho","Fabricado na Itália, Linho","{""Cor"": ""Verde, Azul, Bege"", ""Tamanho"": ""55 , 56 , 57 , 58 , 59 , 60 , 61"", ""Composição"": ""100% Linho"", ""Pack"": ""Unidade""}","{""COR"": ""Verde, Azul, Bege"", ""TAMANHO"": ""55 , 56 , 57 , 58 , 59 , 60 , 61"", ""VENDIDO POR"": ""Unidade"", ""COMPOSIÇÃO"": ""100% Linho""}",https://hologrammeparis.com/product/casquette-e18107bl/,bone-18107-bone-18515
Boné – 18474,BOINA SEXTAVADA CORES NA PALA,BOINAS VERÃO,45.00,45.00,Completo,,,8,8,8,"images/boinas verão/bone-18474/img_01.jpg, images/boinas verão/bone-18474/img_02.jpg, images/boinas verão/bone-18474/img_03.jpg, images/boinas verão/bone-18474/img_04.jpg, images/boinas verão/bone-18474/img_05.jpg, images/boinas verão/bone-18474/img_06.jpg, images/boinas verão/bone-18474/img_07.jpg, images/boinas verão/bone-18474/img_08.jpg","images/boinas verão/bone-18474/img_01.jpg, images/boinas verão/bone-18474/img_02.jpg, images/boinas verão/bone-18474/img_03.jpg, images/boinas verão/bone-18474/img_04.jpg, images/boinas verão/bone-18474/img_05.jpg, images/boinas verão/bone-18474/img_06.jpg, images/boinas verão/bone-18474/img_07.jpg, images/boinas verão/bone-18474/img_08.jpg","http://localhost:8080/wp-content/uploads/catalogo2025/boinas%20verão/bone-18474/img_01.jpg, http://localhost:8080/wp-content/uploads/catalogo2025/boinas%20verão/bone-18474/img_02.jpg, http://localhost:8080/wp-content/uploads/catalogo2025/boinas%20verão/bone-18474/img_03.jpg, http://localhost:8080/wp-content/uploads/catalogo2025/boinas%20verão/bone-18474/img_04.jpg, http://localhost:8080/wp-content/uploads/catalogo2025/boinas%20verão/bone-18474/img_05.jpg, http://localhost:8080/wp-content/uploads/catalogo2025/boinas%20verão/bone-18474/img_06.jpg, http://localhost:8080/wp-content/uploads/catalogo2025/boinas%20verão/bone-18474/img_07.jpg, http://localhost:8080/wp-content/uploads/catalogo2025/boinas%20verão/bone-18474/img_08.jpg",,,Boina sextavada com detalhes coloridos na pala,Découvrez notre Casquette - 18474OL = 18519OL au prix de grossiste pour votre boutique sur Hologramme Paris.,Découvrez notre Casquette - 18474OL = 18519OL au prix de grossiste pour votre boutique sur Hologramme Paris.,BOINA SEXTAVADA CORES NA PALA,BOINA SEXTAVADA CORES NA PALA,"{""Cor"": ""Verde, Bege, Azul, Cinza"", ""Tamanho"": ""55 , 56 , 57 , 58 , 59 , 60 , 61"", ""Composição"": ""50% Polyester – 50% Viscose"", ""Pack"": ""Unitário""}","{""COR"": ""Verde, Bege, Azul, Cinza"", ""TAMANHO"": ""55 , 56 , 57 , 58 , 59 , 60 , 61"", ""VENDIDO POR"": ""Unitário"", ""COMPOSIÇÃO"": ""50% Polyester – 50% Viscose""}",https://hologrammeparis.com/product/casquette-18474ol/,bone-18474
Boné – 18521A,BOINA PIEMONTE ALGODÃO,BOINAS VERÃO,35.00,35.00,Completo,,,4,4,4,"images/boinas verão/bone-18521a/img_01.jpg, images/boinas verão/bone-18521a/img_02.jpg, images/boinas verão/bone-18521a/img_03.jpg, images/boinas verão/bone-18521a/img_04.jpg","images/boinas verão/bone-18521a/img_01.jpg, images/boinas verão/bone-18521a/img_02.jpg, images/boinas verão/bone-18521a/img_03.jpg, images/boinas verão/bone-18521a/img_04.jpg","http://localhost:8080/wp-content/uploads/catalogo2025/boinas%20verão/bone-18521a/img_01.jpg, http://localhost:8080/wp-content/uploads/catalogo2025/boinas%20verão/bone-18521a/img_02.jpg, http://localhost:8080/wp-content/uploads/catalogo2025/boinas%20verão/bone-18521a/img_03.jpg, http://localhost:8080/wp-content/uploads/catalogo2025/boinas%20verão/bone-18521a/img_04.jpg",,,"Boina Piemonte em algodão, fabricada na Itália",Découvrez notre Casquette - 18521A au prix de grossiste pour votre boutique sur Hologramme Paris.,Découvrez notre Casquette - 18521A au prix de grossiste pour votre boutique sur Hologramme Paris.,"Fabricado na Itália, Algodão","Fabricado na Itália, Algodão","{""Cor"": ""Azul, Bege, Marinho"", ""Tamanho"": ""55 , 56 , 57 , 58 , 59 , 60 , 61"", ""Composição"": ""100% Algodão"", ""Pack"": ""Unidade""}","{""COR"": ""Azul, Bege, Marinho"", ""TAMANHO"": ""55 , 56 , 57 , 58 , 59 , 60 , 61"", ""VENDIDO POR"": ""Unidade"", ""COMPOSIÇÃO"": ""100% Algodão""}",https://hologrammeparis.com/fr/product/casquette-18521a/,bone-18521a
Boné – 15263,BONÉS TRUCKER,BONÉS,12.90,12.90,Completo,,,21,21,21,"images/bonés/bone-15263/img_01.jpg, images/bonés/bone-15263/img_02.jpg, images/bonés/bone-15263/img_03.jpg, images/bonés/bone-15263/img_04.jpg, images/bonés/bone-15263/img_05.jpg, images/bonés/bone-15263/img_06.jpg, images/bonés/bone-15263/img_07.jpg, images/bonés/bone-15263/img_08.jpg, images/bonés/bone-15263/img_09.jpg, images/bonés/bone-15263/img_10.jpg, images/bonés/bone-15263/img_11.jpg, images/bonés/bone-15263/img_12.jpg, images/bonés/bone-15263/img_13.jpg, images/bonés/bone-15263/img_14.jpg, images/bonés/bone-15263/img_15.jpg, images/bonés/bone-15263/img_16.jpg, images/bonés/bone-15263/img_17.jpg, images/bonés/bone-15263/img_18.jpg, images/bonés/bone-15263/img_19.jpg, images/bonés/bone-15263/img_20.jpg, images/bonés/bone-15263/img_21.jpg","images/bonés/bone-15263/img_01.jpg, images/bonés/bone-15263/img_02.jpg, images/bonés/bone-15263/img_03.jpg, images/bonés/bone-15263/img_04.jpg, images/bonés/bone-15263/img_05.jpg, images/bonés/bone-15263/img_06.jpg, images/bonés/bone-15263/img_07.jpg, images/bonés/bone-15263/img_08.jpg, images/bonés/bone-15263/img_09.jpg, images/bonés/bone-15263/img_10.jpg, images/bonés/bone-15263/img_11.jpg, images/bonés/bone-15263/img_12.jpg, images/bonés/bone-15263/img_13.jpg, images/bonés/bone-15263/img_14.jpg, images/bonés/bone-15263/img_15.jpg, images/bonés/bone-15263/img_16.jpg, images/bonés/bone-15263/img_17.jpg, images/bonés/bone-15263/img_18.jpg, images/bonés/bone-15263/img_19.jpg, images/bonés/bone-15263/img_20.jpg, images/bonés/bone-15263/img_21.jpg","http://localhost:8080/wp-content/uploads/catalogo2025/bonés/bone-15263/img_01.jpg, http://localhost:8080/wp-content/uploads/catalogo2025/bonés/bone-15263/img_02.jpg, http://localhost:8080/wp-content/uploads/catalogo2025/bonés/bone-15263/img_03.jpg, http://localhost:8080/wp-content/uploads/catalogo2025/bonés/bone-15263/img_04.jpg, http://localhost:8080/wp-content/uploads/catalogo2025/bonés/bone-15263/img_05.jpg, http://localhost:8080/wp-content/uploads/catalogo2025/bonés/bone-15263/img_06.jpg, http://localhost:8080/wp-content/uploads/catalogo2025/bonés/bone-15263/img_07.jpg, http://localhost:8080/wp-content/uploads/catalogo2025/bonés/bone-15263/img_08.jpg, http://localhost:8080/wp-content/uploads/catalogo2025/bonés/bone-15263/img_09.jpg, http://localhost:8080/wp-content/uploads/catalogo2025/bonés/bone-15263/img_10.jpg, http://localhost:8080/wp-content/uploads/catalogo2025/bonés/bone-15263/img_11.jpg, http://localhost:8080/wp-content/uploads/catalogo2025/bonés/bone-15263/img_12.jpg, http://localhost:8080/wp-content/uploads/catalogo2025/bonés/bone-15263/img_13.jpg, http://localhost:8080/wp-content/uploads/catalogo2025/bonés/bone-15263/img_14.jpg, http://localhost:8080/wp-content/uploads/catalogo2025/bonés/bone-15263/img_15.jpg, http://localhost:8080/wp-content/uploads/catalogo2025/bonés/bone-15263/img_16.jpg, http://localhost:8080/wp-content/uploads/catalogo2025/bonés/bone-15263/img_17.jpg, http://localhost:8080/wp-content/uploads/catalogo2025/bonés/bone-15263/img_18.jpg, http://localhost:8080/wp-content/uploads/catalogo2025/bonés/bone-15263/img_19.jpg, http://localhost:8080/wp-content/uploads/catalogo2025/bonés/bone-15263/img_20.jpg, http://localhost:8080/wp-content/uploads/catalogo2025/bonés/bone-15263/img_21.jpg",,,,Découvrez notre Casquette - 15263 au prix de grossiste pour votre boutique sur Hologramme Paris.,Découvrez notre Casquette - 15263 au prix de grossiste pour votre boutique sur Hologramme Paris.,BONÉS TRUCKER,BONÉS TRUCKER,"{""Cor"": ""ou unidade"", ""Tamanho"": ""575"", ""Composição"": ""100% algodão"", ""Pack"": ""Pacote por""}","{""COR"": ""ou unidade"", ""VENDIDO POR"": ""Pacote por"", ""TAMANHO"": 575, ""COMPOSIÇÃO"": ""100% algodão""}",https://hologrammeparis.com/fr/product/casquette-15263/,bone-15263
HOLOGRAMME,,COWBOY,8.00,8.00,Completo,,,4,4,4,"images/cowboy/hologramme/img_01.jpg, images/cowboy/hologramme/img_02.jpg, images/cowboy/hologramme/img_03.jpg, images/cowboy/hologramme/img_04.jpg","images/cowboy/hologramme/img_01.jpg, images/cowboy/hologramme/img_02.jpg, images/cowboy/hologramme/img_03.jpg, images/cowboy/hologramme/img_04.jpg","http://localhost:8080/wp-content/uploads/catalogo2025/cowboy/hologramme/img_01.jpg, http://localhost:8080/wp-content/uploads/catalogo2025/cowboy/hologramme/img_02.jpg, http://localhost:8080/wp-content/uploads/catalogo2025/cowboy/hologramme/img_03.jpg, http://localhost:8080/wp-content/uploads/catalogo2025/cowboy/hologramme/img_04.jpg",,,"COR        
Bege, Castanho, Verde, Azul, Bordo, Marinho

TAMANHO                
55 , 56 , 57 , 58 , 59 , 60 , 61

VENDIDO POR        
Pacote 24

COMPOSIÇÃO                
69% Poliéster – 31% Algodão / Forro 100% Algodão",Découvrez notre Casquette - 18474OL = 18519OL au prix de grossiste pour votre boutique sur Hologramme Paris.,Découvrez notre Casquette - Pierre Cardin Noir au prix de grossiste pour votre boutique sur Hologramme Paris.,,VISEIRA  FEMININA,{},"{""COR"": ""Pink, verde, preto, azul, bege, camel"", ""TAMANHO"": ""55 , 56 , 57 , 58 , 59 , 60 , 61"", ""COMPOSIÇÃO"": ""69% Poliéster – 31% Algodão / Forro 100% Algodão"", ""VENDIDO POR"": ""Pacote 24""}",https://hologrammeparis.com/product/casquette-18474ol/,hologramme
Boné – 22238,BOINA COM PALA PIED POULE,FEMININO,29.90,29.90,Completo,,,6,6,6,"images/feminino/bone-22238/img_01.jpg, images/feminino/bone-22238/img_02.jpg, images/feminino/bone-22238/img_03.jpg, images/feminino/bone-22238/img_04.jpg, images/feminino/bone-22238/img_05.jpg, images/feminino/bone-22238/img_06.jpg","images/feminino/bone-22238/img_01.jpg, images/feminino/bone-22238/img_02.jpg, images/feminino/bone-22238/img_03.jpg, images/feminino/bone-22238/img_04.jpg, images/feminino/bone-22238/img_05.jpg, images/feminino/bone-22238/img_06.jpg","http://localhost:8080/wp-content/uploads/catalogo2025/feminino/bone-22238/img_01.jpg, http://localhost:8080/wp-content/uploads/catalogo2025/feminino/bone-22238/img_02.jpg, http://localhost:8080/wp-content/uploads/catalogo2025/feminino/bone-22238/img_03.jpg, http://localhost:8080/wp-content/uploads/catalogo2025/feminino/bone-22238/img_04.jpg, http://localhost:8080/wp-content/uploads/catalogo2025/feminino/bone-22238/img_05.jpg, http://localhost:8080/wp-content/uploads/catalogo2025/feminino/bone-22238/img_06.jpg",,,,"Paquet de 12 pcs assorties: 5*Gris Fonce, 4*Gris Clair, 3*Beige","Paquet de 12 pcs assorties: 5*Gris Fonce, 4*Gris Clair, 3*Beige",BOINA COM PALA PIED POULE,BOINA COM PALA PIED POULE,"{""Cor"": ""Sortido"", ""Tamanho"": ""56 , 58"", ""Composição"": ""50% Lã – 50% Poliéster"", ""Pack"": ""Pacote 12""}","{""COR"": ""Sortido"", ""TAMANHO"": ""56 , 58"", ""VENDIDO POR"": ""Pacote 12"", ""COMPOSIÇÃO"": ""50% Lã – 50% Poliéster""}",https://hologrammeparis.com/product/casquette-22238/,bone-22238
Boné Veludo – 22138 (ou 2019110),BONÉS TRUCKER,BONÉS,,,Ignorar (sem preço),Sem preço no Sheet (não importar),Cliente precisa informar preço no Sheet (regra solicitada: não importar sem preço).,17,17,17,"images/bonés/bone-veludo-22138-ou-2019110/img_01.jpg, images/bonés/bone-veludo-22138-ou-2019110/img_06.jpg, images/bonés/bone-veludo-22138-ou-2019110/img_07.jpg, images/bonés/bone-veludo-22138-ou-2019110/img_08.jpg, images/bonés/bone-veludo-22138-ou-2019110/img_09.jpg, images/bonés/bone-veludo-22138-ou-2019110/img_10.jpg, images/bonés/bone-veludo-22138-ou-2019110/img_11.jpg, images/bonés/bone-veludo-22138-ou-2019110/img_12.jpg, images/bonés/bone-veludo-22138-ou-2019110/img_13.jpg, images/bonés/bone-veludo-22138-ou-2019110/img_14.jpg, images/bonés/bone-veludo-22138-ou-2019110/img_15.jpg, images/bonés/bone-veludo-22138-ou-2019110/img_17.jpg, images/bonés/bone-veludo-22138-ou-2019110/img_18.jpg, images/bonés/bone-veludo-22138-ou-2019110/img_19.jpg, images/bonés/bone-veludo-22138-ou-2019110/img_20.jpg, images/bonés/bone-veludo-22138-ou-2019110/img_21.jpg, images/bonés/bone-veludo-22138-ou-2019110/img_22.jpg","images/bonés/bone-veludo-22138-ou-2019110/img_01.jpg, images/bonés/bone-veludo-22138-ou-2019110/img_06.jpg, images/bonés/bone-veludo-22138-ou-2019110/img_07.jpg, images/bonés/bone-veludo-22138-ou-2019110/img_08.jpg, images/bonés/bone-veludo-22138-ou-2019110/img_09.jpg, images/bonés/bone-veludo-22138-ou-2019110/img_10.jpg, images/bonés/bone-veludo-22138-ou-2019110/img_11.jpg, images/bonés/bone-veludo-22138-ou-2019110/img_12.jpg, images/bonés/bone-veludo-22138-ou-2019110/img_13.jpg, images/bonés/bone-veludo-22138-ou-2019110/img_14.jpg, images/bonés/bone-veludo-22138-ou-2019110/img_15.jpg, images/bonés/bone-veludo-22138-ou-2019110/img_17.jpg, images/bonés/bone-veludo-22138-ou-2019110/img_18.jpg, images/bonés/bone-veludo-22138-ou-2019110/img_19.jpg, images/bonés/bone-veludo-22138-ou-2019110/img_20.jpg, images/bonés/bone-veludo-22138-ou-2019110/img_21.jpg, images/bonés/bone-veludo-22138-ou-2019110/img_22.jpg","http://localhost:8080/wp-content/uploads/catalogo2025/bonés/bone-veludo-22138-ou-2019110/img_01.jpg, http://localhost:8080/wp-content/uploads/catalogo2025/bonés/bone-veludo-22138-ou-2019110/img_06.jpg, http://localhost:8080/wp-content/uploads/catalogo2025/bonés/bone-veludo-22138-ou-2019110/img_07.jpg, http://localhost:8080/wp-content/uploads/catalogo2025/bonés/bone-veludo-22138-ou-2019110/img_08.jpg, http://localhost:8080/wp-content/uploads/catalogo2025/bonés/bone-veludo-22138-ou-2019110/img_09.jpg, http://localhost:8080/wp-content/uploads/catalogo2025/bonés/bone-veludo-22138-ou-2019110/img_10.jpg, http://localhost:8080/wp-content/uploads/catalogo2025/bonés/bone-veludo-22138-ou-2019110/img_11.jpg, http://localhost:8080/wp-content/uploads/catalogo2025/bonés/bone-veludo-22138-ou-2019110/img_12.jpg, http://localhost:8080/wp-content/uploads/catalogo2025/bonés/bone-veludo-22138-ou-2019110/img_13.jpg, http://localhost:8080/wp-content/uploads/catalogo2025/bonés/bone-veludo-22138-ou-2019110/img_14.jpg, http://localhost:8080/wp-content/uploads/catalogo2025/bonés/bone-veludo-22138-ou-2019110/img_15.jpg, http://localhost:8080/wp-content/uploads/catalogo2025/bonés/bone-veludo-22138-ou-2019110/img_17.jpg, http://localhost:8080/wp-content/uploads/catalogo2025/bonés/bone-veludo-22138-ou-2019110/img_18.jpg, http://localhost:8080/wp-content/uploads/catalogo2025/bonés/bone-veludo-22138-ou-2019110/img_19.jpg, http://localhost:8080/wp-content/uploads/catalogo2025/bonés/bone-veludo-22138-ou-2019110/img_20.jpg, http://localhost:8080/wp-content/uploads/catalogo2025/bonés/bone-veludo-22138-ou-2019110/img_21.jpg, http://localhost:8080/wp-content/uploads/catalogo2025/bonés/bone-veludo-22138-ou-2019110/img_22.jpg",low_resolution (533x800); low_resolution (533x800); low_resolution (533x800); low_resolution (533x800); low_resolution (533x800),,,"Découvrez notre casquette en velours, un incontournable pour les boutiques de mode et les enseignes d’accessoires.","Découvrez notre casquette en velours, un incontournable pour les boutiques de mode et les enseignes d’accessoires.",BONÉS TRUCKER,BONÉS TRUCKER,"{""Cor"": ""Sortido , Bege , Bordeaux , Cinza , Azul Marinho , Castanho Claro , Castanho Escuro , Preto , Vermelho"", ""Composição"": ""100% Poliéster"", ""Pack"": ""Pacote 12""}","{""COR"": ""Sortido , Bege , Bordeaux , Cinza , Azul Marinho , Castanho Claro , Castanho Escuro , Preto , Vermelho"", ""VENDIDO POR"": ""Pacote 12"", ""COMPOSIÇÃO"": ""100% Poliéster""}",https://hologrammeparis.com/product/casquette-2019110/?attribute_pa_couleur=noir,bone-veludo-22138-ou-2019110
Boné – 12614 Boné – 15112,BONÉS CUBANOS,BONÉS,,,Ignorar (sem preço),Sem preço no Sheet (não importar),Cliente precisa informar preço no Sheet (regra solicitada: não importar sem preço).,16,16,16,"images/bonés/bone-12614-bone-15112/img_01.jpg, images/bonés/bone-12614-bone-15112/img_13.jpg, images/bonés/bone-12614-bone-15112/img_14.jpg, images/bonés/bone-12614-bone-15112/img_15.jpg, images/bonés/bone-12614-bone-15112/img_16.jpg, images/bonés/bone-12614-bone-15112/img_17.jpg, images/bonés/bone-12614-bone-15112/img_18.jpg, images/bonés/bone-12614-bone-15112/img_19.jpg, images/bonés/bone-12614-bone-15112/img_20.jpg, images/bonés/bone-12614-bone-15112/img_21.jpg, images/bonés/bone-12614-bone-15112/img_22.jpg, images/bonés/bone-12614-bone-15112/img_23.jpg, images/bonés/bone-12614-bone-15112/img_24.jpg, images/bonés/bone-12614-bone-15112/img_25.jpg, images/bonés/bone-12614-bone-15112/img_26.jpg, images/bonés/bone-12614-bone-15112/img_27.jpg","images/bonés/bone-12614-bone-15112/img_01.jpg, images/bonés/bone-12614-bone-15112/img_13.jpg, images/bonés/bone-12614-bone-15112/img_14.jpg, images/bonés/bone-12614-bone-15112/img_15.jpg, images/bonés/bone-12614-bone-15112/img_16.jpg, images/bonés/bone-12614-bone-15112/img_17.jpg, images/bonés/bone-12614-bone-15112/img_18.jpg, images/bonés/bone-12614-bone-15112/img_19.jpg, images/bonés/bone-12614-bone-15112/img_20.jpg, images/bonés/bone-12614-bone-15112/img_21.jpg, images/bonés/bone-12614-bone-15112/img_22.jpg, images/bonés/bone-12614-bone-15112/img_23.jpg, images/bonés/bone-12614-bone-15112/img_24.jpg, images/bonés/bone-12614-bone-15112/img_25.jpg, images/bonés/bone-12614-bone-15112/img_26.jpg, images/bonés/bone-12614-bone-15112/img_27.jpg","http://localhost:8080/wp-content/uploads/catalogo2025/bonés/bone-12614-bone-15112/img_01.jpg, http://localhost:8080/wp-content/uploads/catalogo2025/bonés/bone-12614-bone-15112/img_13.jpg, http://localhost:8080/wp-content/uploads/catalogo2025/bonés/bone-12614-bone-15112/img_14.jpg, http://localhost:8080/wp-content/uploads/catalogo2025/bonés/bone-12614-bone-15112/img_15.jpg, http://localhost:8080/wp-content/uploads/catalogo2025/bonés/bone-12614-bone-15112/img_16.jpg, http://localhost:8080/wp-content/uploads/catalogo2025/bonés/bone-12614-bone-15112/img_17.jpg, http://localhost:8080/wp-content/uploads/catalogo2025/bonés/bone-12614-bone-15112/img_18.jpg, http://localhost:8080/wp-content/uploads/catalogo2025/bonés/bone-12614-bone-15112/img_19.jpg, http://localhost:8080/wp-content/uploads/catalogo2025/bonés/bone-12614-bone-15112/img_20.jpg, http://localhost:8080/wp-content/uploads/catalogo2025/bonés/bone-12614-bone-15112/img_21.jpg, http://localhost:8080/wp-content/uploads/catalogo2025/bonés/bone-12614-bone-15112/img_22.jpg, http://localhost:8080/wp-content/uploads/catalogo2025/bonés/bone-12614-bone-15112/img_23.jpg, http://localhost:8080/wp-content/uploads/catalogo2025/bonés/bone-12614-bone-15112/img_24.jpg, http://localhost:8080/wp-content/uploads/catalogo2025/bonés/bone-12614-bone-15112/img_25.jpg, http://localhost:8080/wp-content/uploads/catalogo2025/bonés/bone-12614-bone-15112/img_26.jpg, http://localhost:8080/wp-content/uploads/catalogo2025/bonés/bone-12614-bone-15112/img_27.jpg",low_resolution (533x800); low_resolution (533x800); low_resolution (533x800); low_resolution (533x800); low_resolution (533x800); low_resolution (533x800); low_resolution (533x800); low_resolution (533x800); low_resolution (533x800); low_resolution (533x800); low_resolution (533x800),,,"Paquet de 24 pcs assorties: 2*Bleu, 2*Moutarde, 2*Rouge, 2*Kaki, 4*Noir, 3*Camel, 3*Gris, 4*Marine, 2*Vert","Paquet de 24 pcs assorties: 2*Bleu, 2*Moutarde, 2*Rouge, 2*Kaki, 4*Noir, 3*Camel, 3*Gris, 4*Marine, 2*Vert","2*Azul, 2*Mostarda, 2*Vermelho, 2*Cáqui, 4*Preto, 3*Camelo, 3*Cinza, 4*Marinha, 2*Verde, 3 * cinza escuro, 3 * bege, 2 * cáqui, 2 * preto, 2 * verde maçã, 2 * laranja, 2 * marrom 2 * azul, 2 * verde abeto, 2 * vermelho, 2 * Cinza claro","2*Azul, 2*Mostarda, 2*Vermelho, 2*Cáqui, 4*Preto, 3*Camelo, 3*Cinza, 4*Marinha, 2*Verde, 3 * cinza escuro, 3 * bege, 2 * cáqui, 2 * preto, 2 * verde maçã, 2 * laranja, 2 * marrom 2 * azul, 2 * verde abeto, 2 * vermelho, 2 * Cinza claro","{""Cor"": ""Azul , Camelo , Cinza , Cáqui , Marinho , Mostarda , Preto , Vermelho , Verde"", ""Composição"": ""100% algodão"", ""Pack"": ""Pacote 12""}","{""COR"": ""Azul , Camelo , Cinza , Cáqui , Marinho , Mostarda , Preto , Vermelho , Verde"", ""VENDIDO POR"": ""Pacote 12"", ""COMPOSIÇÃO"": ""100% algodão""}",https://hologrammeparis.com/product/casquette-12614/,bone-12614-bone-15112
Boné – 12694,BONÉS CUBANOS,BONÉS,,,Ignorar (sem preço),Sem preço no Sheet (não importar),Cliente precisa informar preço no Sheet (regra solicitada: não importar sem preço).,17,17,17,"images/bonés/bone-12694/img_01.jpg, images/bonés/bone-12694/img_02.jpg, images/bonés/bone-12694/img_03.jpg, images/bonés/bone-12694/img_04.jpg, images/bonés/bone-12694/img_05.jpg, images/bonés/bone-12694/img_06.jpg, images/bonés/bone-12694/img_07.jpg, images/bonés/bone-12694/img_08.jpg, images/bonés/bone-12694/img_09.jpg, images/bonés/bone-12694/img_10.jpg, images/bonés/bone-12694/img_11.jpg, images/bonés/bone-12694/img_12.jpg, images/bonés/bone-12694/img_13.jpg, images/bonés/bone-12694/img_14.jpg, images/bonés/bone-12694/img_15.jpg, images/bonés/bone-12694/img_16.jpg, images/bonés/bone-12694/img_17.jpg","images/bonés/bone-12694/img_01.jpg, images/bonés/bone-12694/img_02.jpg, images/bonés/bone-12694/img_03.jpg, images/bonés/bone-12694/img_04.jpg, images/bonés/bone-12694/img_05.jpg, images/bonés/bone-12694/img_06.jpg, images/bonés/bone-12694/img_07.jpg, images/bonés/bone-12694/img_08.jpg, images/bonés/bone-12694/img_09.jpg, images/bonés/bone-12694/img_10.jpg, images/bonés/bone-12694/img_11.jpg, images/bonés/bone-12694/img_12.jpg, images/bonés/bone-12694/img_13.jpg, images/bonés/bone-12694/img_14.jpg, images/bonés/bone-12694/img_15.jpg, images/bonés/bone-12694/img_16.jpg, images/bonés/bone-12694/img_17.jpg","http://localhost:8080/wp-content/uploads/catalogo2025/bonés/bone-12694/img_01.jpg, http://localhost:8080/wp-content/uploads/catalogo2025/bonés/bone-12694/img_02.jpg, http://localhost:8080/wp-content/uploads/catalogo2025/bonés/bone-12694/img_03.jpg, http://localhost:8080/wp-content/uploads/catalogo2025/bonés/bone-12694/img_04.jpg, http://localhost:8080/wp-content/uploads/catalogo2025/bonés/bone-12694/img_05.jpg, http://localhost:8080/wp-content/uploads/catalogo2025/bonés/bone-12694/img_06.jpg, http://localhost:8080/wp-content/uploads/catalogo2025/bonés/bone-12694/img_07.jpg, http://localhost:8080/wp-content/uploads/catalogo2025/bonés/bone-12694/img_08.jpg, http://localhost:8080/wp-content/uploads/catalogo2025/bonés/bone-12694/img_09.jpg, http://localhost:8080/wp-content/uploads/catalogo2025/bonés/bone-12694/img_10.jpg, http://localhost:8080/wp-content/uploads/catalogo2025/bonés/bone-12694/img_11.jpg, http://localhost:8080/wp-content/uploads/catalogo2025/bonés/bone-12694/img_12.jpg, http://localhost:8080/wp-content/uploads/catalogo2025/bonés/bone-12694/img_13.jpg, http://localhost:8080/wp-content/uploads/catalogo2025/bonés/bone-12694/img_14.jpg, http://localhost:8080/wp-content/uploads/catalogo2025/bonés/bone-12694/img_15.jpg, http://localhost:8080/wp-content/uploads/catalogo2025/bonés/bone-12694/img_16.jpg, http://localhost:8080/wp-content/uploads/catalogo2025/bonés/bone-12694/img_17.jpg",,,,"Paquet de 24 pcs assorties: 3*Noir, 3*Marine, 2*Rouge, 2*Orange, 2*Bleu, 2*Moutarde, 2*Kaki, 2*Gris, 2*Beige, 2*Camel, 1*Rose, 1*Gris Fonce","Paquet de 24 pcs assorties: 3*Noir, 3*Marine, 2*Rouge, 2*Orange, 2*Bleu, 2*Moutarde, 2*Kaki, 2*Gris, 2*Beige, 2*Camel, 1*Rose, 1*Gris Fonce",BONÉS CUBANOS,BONÉS CUBANOS,"{""Cor"": ""Sortido"", ""Composição"": ""72,2% Algodão – 27,8% Viscose"", ""Pack"": ""Pacote 12""}","{""COR"": ""Sortido"", ""VENDIDO POR"": ""Pacote 12"", ""COMPOSIÇÃO"": ""72,2% Algodão – 27,8% Viscose""}",https://hologrammeparis.com/product/casquette-12694/,bone-12694
Boné – 12849,BONÉS CUBANOS,BONÉS,,,Ignorar (sem preço),Sem preço no Sheet (não importar),Cliente precisa informar preço no Sheet (regra solicitada: não importar sem preço).,14,14,14,"images/bonés/bone-12849/img_01.jpg, images/bonés/bone-12849/img_02.jpg, images/bonés/bone-12849/img_03.jpg, images/bonés/bone-12849/img_04.jpg, images/bonés/bone-12849/img_05.jpg, images/bonés/bone-12849/img_06.jpg, images/bonés/bone-12849/img_07.jpg, images/bonés/bone-12849/img_08.jpg, images/bonés/bone-12849/img_09.jpg, images/bonés/bone-12849/img_10.jpg, images/bonés/bone-12849/img_11.jpg, images/bonés/bone-12849/img_12.jpg, images/bonés/bone-12849/img_13.jpg, images/bonés/bone-12849/img_14.jpg","images/bonés/bone-12849/img_01.jpg, images/bonés/bone-12849/img_02.jpg, images/bonés/bone-12849/img_03.jpg, images/bonés/bone-12849/img_04.jpg, images/bonés/bone-12849/img_05.jpg, images/bonés/bone-12849/img_06.jpg, images/bonés/bone-12849/img_07.jpg, images/bonés/bone-12849/img_08.jpg, images/bonés/bone-12849/img_09.jpg, images/bonés/bone-12849/img_10.jpg, images/bonés/bone-12849/img_11.jpg, images/bonés/bone-12849/img_12.jpg, images/bonés/bone-12849/img_13.jpg, images/bonés/bone-12849/img_14.jpg","http://localhost:8080/wp-content/uploads/catalogo2025/bonés/bone-12849/img_01.jpg, http://localhost:8080/wp-content/uploads/catalogo2025/bonés/bone-12849/img_02.jpg, http://localhost:8080/wp-content/uploads/catalogo2025/bonés/bone-12849/img_03.jpg, http://localhost:8080/wp-content/uploads/catalogo2025/bonés/bone-12849/img_04.jpg, http://localhost:8080/wp-content/uploads/catalogo2025/bonés/bone-12849/img_05.jpg, http://localhost:8080/wp-content/uploads/catalogo2025/bonés/bone-12849/img_06.jpg, http://localhost:8080/wp-content/uploads/catalogo2025/bonés/bone-12849/img_07.jpg, http://localhost:8080/wp-content/uploads/catalogo2025/bonés/bone-12849/img_08.jpg, http://localhost:8080/wp-content/uploads/catalogo2025/bonés/bone-12849/img_09.jpg, http://localhost:8080/wp-content/uploads/catalogo2025/bonés/bone-12849/img_10.jpg, http://localhost:8080/wp-content/uploads/catalogo2025/bonés/bone-12849/img_11.jpg, http://localhost:8080/wp-content/uploads/catalogo2025/bonés/bone-12849/img_12.jpg, http://localhost:8080/wp-content/uploads/catalogo2025/bonés/bone-12849/img_13.jpg, http://localhost:8080/wp-content/uploads/catalogo2025/bonés/bone-12849/img_14.jpg",,,,"Paquet de 24 pcs assorties: 3*Noir, 3*Gris Clair, 3*Marine, 4*Beige, 2*Bleu Canard, 2*Rouge, 2*Jean, 2*Gris Fonce, 2*Blanc, 1*Moutarde","Paquet de 24 pcs assorties: 3*Noir, 3*Gris Clair, 3*Marine, 4*Beige, 2*Bleu Canard, 2*Rouge, 2*Jean, 2*Gris Fonce, 2*Blanc, 1*Moutarde",BONÉS CUBANOS,BONÉS CUBANOS,"{""Cor"": ""Sortido"", ""Tamanho"": ""575"", ""Composição"": ""85% Viscose – 15% Linho"", ""Pack"": ""Pacote 24""}","{""COR"": ""Sortido"", ""TAMANHO"": 575, ""VENDIDO POR"": ""Pacote 24"", ""COMPOSIÇÃO"": ""85% Viscose – 15% Linho""}",https://hologrammeparis.com/product/casquette-12849/,bone-12849
Boné – 15116,BONÉS CUBANOS,BONÉS,,,Ignorar (sem preço),Sem preço no Sheet (não importar),Cliente precisa informar preço no Sheet (regra solicitada: não importar sem preço).,22,22,22,"images/bonés/bone-15116/img_01.jpg, images/bonés/bone-15116/img_02.jpg, images/bonés/bone-15116/img_03.jpg, images/bonés/bone-15116/img_04.jpg, images/bonés/bone-15116/img_05.jpg, images/bonés/bone-15116/img_06.jpg, images/bonés/bone-15116/img_07.jpg, images/bonés/bone-15116/img_08.jpg, images/bonés/bone-15116/img_09.jpg, images/bonés/bone-15116/img_10.jpg, images/bonés/bone-15116/img_11.jpg, images/bonés/bone-15116/img_12.jpg, images/bonés/bone-15116/img_13.jpg, images/bonés/bone-15116/img_14.jpg, images/bonés/bone-15116/img_15.jpg, images/bonés/bone-15116/img_16.jpg, images/bonés/bone-15116/img_17.jpg, images/bonés/bone-15116/img_18.jpg, images/bonés/bone-15116/img_19.jpg, images/bonés/bone-15116/img_20.jpg, images/bonés/bone-15116/img_21.jpg, images/bonés/bone-15116/img_22.jpg","images/bonés/bone-15116/img_01.jpg, images/bonés/bone-15116/img_02.jpg, images/bonés/bone-15116/img_03.jpg, images/bonés/bone-15116/img_04.jpg, images/bonés/bone-15116/img_05.jpg, images/bonés/bone-15116/img_06.jpg, images/bonés/bone-15116/img_07.jpg, images/bonés/bone-15116/img_08.jpg, images/bonés/bone-15116/img_09.jpg, images/bonés/bone-15116/img_10.jpg, images/bonés/bone-15116/img_11.jpg, images/bonés/bone-15116/img_12.jpg, images/bonés/bone-15116/img_13.jpg, images/bonés/bone-15116/img_14.jpg, images/bonés/bone-15116/img_15.jpg, images/bonés/bone-15116/img_16.jpg, images/bonés/bone-15116/img_17.jpg, images/bonés/bone-15116/img_18.jpg, images/bonés/bone-15116/img_19.jpg, images/bonés/bone-15116/img_20.jpg, images/bonés/bone-15116/img_21.jpg, images/bonés/bone-15116/img_22.jpg","http://localhost:8080/wp-content/uploads/catalogo2025/bonés/bone-15116/img_01.jpg, http://localhost:8080/wp-content/uploads/catalogo2025/bonés/bone-15116/img_02.jpg, http://localhost:8080/wp-content/uploads/catalogo2025/bonés/bone-15116/img_03.jpg, http://localhost:8080/wp-content/uploads/catalogo2025/bonés/bone-15116/img_04.jpg, http://localhost:8080/wp-content/uploads/catalogo2025/bonés/bone-15116/img_05.jpg, http://localhost:8080/wp-content/uploads/catalogo2025/bonés/bone-15116/img_06.jpg, http://localhost:8080/wp-content/uploads/catalogo2025/bonés/bone-15116/img_07.jpg, http://localhost:8080/wp-content/uploads/catalogo2025/bonés/bone-15116/img_08.jpg, http://localhost:8080/wp-content/uploads/catalogo2025/bonés/bone-15116/img_09.jpg, http://localhost:8080/wp-content/uploads/catalogo2025/bonés/bone-15116/img_10.jpg, http://localhost:8080/wp-content/uploads/catalogo2025/bonés/bone-15116/img_11.jpg, http://localhost:8080/wp-content/uploads/catalogo2025/bonés/bone-15116/img_12.jpg, http://localhost:8080/wp-content/uploads/catalogo2025/bonés/bone-15116/img_13.jpg, http://localhost:8080/wp-content/uploads/catalogo2025/bonés/bone-15116/img_14.jpg, http://localhost:8080/wp-content/uploads/catalogo2025/bonés/bone-15116/img_15.jpg, http://localhost:8080/wp-content/uploads/catalogo2025/bonés/bone-15116/img_16.jpg, http://localhost:8080/wp-content/uploads/catalogo2025/bonés/bone-15116/img_17.jpg, http://localhost:8080/wp-content/uploads/catalogo2025/bonés/bone-15116/img_18.jpg, http://localhost:8080/wp-content/uploads/catalogo2025/bonés/bone-15116/img_19.jpg, http://localhost:8080/wp-content/uploads/catalogo2025/bonés/bone-15116/img_20.jpg, http://localhost:8080/wp-content/uploads/catalogo2025/bonés/bone-15116/img_21.jpg, http://localhost:8080/wp-content/uploads/catalogo2025/bonés/bone-15116/img_22.jpg",,,,Paquet de 24 pcs assorties: 2 de chaque couleur,Paquet de 24 pcs assorties: 2 de chaque couleur,BONÉS CUBANOS,BONÉS CUBANOS,"{""Cor"": ""Sortido"", ""Tamanho"": ""575"", ""Composição"": ""100% algodão"", ""Pack"": ""Pacote 24""}","{""COR"": ""Sortido"", ""TAMANHO"": 575, ""VENDIDO POR"": ""Pacote 24"", ""COMPOSIÇÃO"": ""100% algodão""}",https://hologrammeparis.com/product/casquette-15116/,bone-15116
Boné – 15165,BONÉS CUBANOS,BONÉS,,,Ignorar (sem preço),Sem preço no Sheet (não importar),Cliente precisa informar preço no Sheet (regra solicitada: não importar sem preço).,15,15,15,"images/bonés/bone-15165/img_01.jpg, images/bonés/bone-15165/img_02.jpg, images/bonés/bone-15165/img_03.jpg, images/bonés/bone-15165/img_04.jpg, images/bonés/bone-15165/img_05.jpg, images/bonés/bone-15165/img_06.jpg, images/bonés/bone-15165/img_07.jpg, images/bonés/bone-15165/img_08.jpg, images/bonés/bone-15165/img_09.jpg, images/bonés/bone-15165/img_10.jpg, images/bonés/bone-15165/img_11.jpg, images/bonés/bone-15165/img_12.jpg, images/bonés/bone-15165/img_13.jpg, images/bonés/bone-15165/img_14.jpg, images/bonés/bone-15165/img_15.jpg","images/bonés/bone-15165/img_01.jpg, images/bonés/bone-15165/img_02.jpg, images/bonés/bone-15165/img_03.jpg, images/bonés/bone-15165/img_04.jpg, images/bonés/bone-15165/img_05.jpg, images/bonés/bone-15165/img_06.jpg, images/bonés/bone-15165/img_07.jpg, images/bonés/bone-15165/img_08.jpg, images/bonés/bone-15165/img_09.jpg, images/bonés/bone-15165/img_10.jpg, images/bonés/bone-15165/img_11.jpg, images/bonés/bone-15165/img_12.jpg, images/bonés/bone-15165/img_13.jpg, images/bonés/bone-15165/img_14.jpg, images/bonés/bone-15165/img_15.jpg","http://localhost:8080/wp-content/uploads/catalogo2025/bonés/bone-15165/img_01.jpg, http://localhost:8080/wp-content/uploads/catalogo2025/bonés/bone-15165/img_02.jpg, http://localhost:8080/wp-content/uploads/catalogo2025/bonés/bone-15165/img_03.jpg, http://localhost:8080/wp-content/uploads/catalogo2025/bonés/bone-15165/img_04.jpg, http://localhost:8080/wp-content/uploads/catalogo2025/bonés/bone-15165/img_05.jpg, http://localhost:8080/wp-content/uploads/catalogo2025/bonés/bone-15165/img_06.jpg, http://localhost:8080/wp-content/uploads/catalogo2025/bonés/bone-15165/img_07.jpg, http://localhost:8080/wp-content/uploads/catalogo2025/bonés/bone-15165/img_08.jpg, http://localhost:8080/wp-content/uploads/catalogo2025/bonés/bone-15165/img_09.jpg, http://localhost:8080/wp-content/uploads/catalogo2025/bonés/bone-15165/img_10.jpg, http://localhost:8080/wp-content/uploads/catalogo2025/bonés/bone-15165/img_11.jpg, http://localhost:8080/wp-content/uploads/catalogo2025/bonés/bone-15165/img_12.jpg, http://localhost:8080/wp-content/uploads/catalogo2025/bonés/bone-15165/img_13.jpg, http://localhost:8080/wp-content/uploads/catalogo2025/bonés/bone-15165/img_14.jpg, http://localhost:8080/wp-content/uploads/catalogo2025/bonés/bone-15165/img_15.jpg",,,,"Paquet de 24 pcs assorties: 4*Noir, 3*Beige, 3*Marine, 2*Gris Clair, 2*Gris Fonce, 2*Camel, 2*Kaki, 2*Orange, 2*Moutarde, 2*Blanc","Paquet de 24 pcs assorties: 4*Noir, 3*Beige, 3*Marine, 2*Gris Clair, 2*Gris Fonce, 2*Camel, 2*Kaki, 2*Orange, 2*Moutarde, 2*Blanc",BONÉS CUBANOS,BONÉS CUBANOS,"{""Cor"": ""Sortido"", ""Tamanho"": ""575"", ""Composição"": ""98,8% Algodão – 1,2% Viscose"", ""Pack"": ""Pacote 24""}","{""COR"": ""Sortido"", ""TAMANHO"": 575, ""VENDIDO POR"": ""Pacote 24"", ""COMPOSIÇÃO"": ""98,8% Algodão – 1,2% Viscose""}",https://hologrammeparis.com/product/casquette-15165/,bone-15165
Boné – 22134,BONÉS TRUCKER,BONÉS,,,Ignorar (sem preço),Sem preço no Sheet (não importar),Cliente precisa informar preço no Sheet (regra solicitada: não importar sem preço).,14,15,15,"images/bonés/bone-22134/img_01.jpg, images/bonés/bone-22134/img_02.jpg, images/bonés/bone-22134/img_03.jpg, images/bonés/bone-22134/img_04.jpg, images/bonés/bone-22134/img_05.jpg, images/bonés/bone-22134/img_06.jpg, images/bonés/bone-22134/img_07.jpg, images/bonés/bone-22134/img_08.jpg, images/bonés/bone-22134/img_09.jpg, images/bonés/bone-22134/img_10.jpg, images/bonés/bone-22134/img_11.jpg, images/bonés/bone-22134/img_12.jpg, images/bonés/bone-22134/img_13.jpg, images/bonés/bone-22134/img_14.jpg","images/bonés/bone-22134/img_01.jpg, images/bonés/bone-22134/img_02.jpg, images/bonés/bone-22134/img_03.jpg, images/bonés/bone-22134/img_04.jpg, images/bonés/bone-22134/img_05.jpg, images/bonés/bone-22134/img_06.jpg, images/bonés/bone-22134/img_07.jpg, images/bonés/bone-22134/img_08.jpg, images/bonés/bone-22134/img_09.jpg, images/bonés/bone-22134/img_10.jpg, images/bonés/bone-22134/img_11.jpg, images/bonés/bone-22134/img_12.jpg, images/bonés/bone-22134/img_13.jpg, images/bonés/bone-22134/img_14.jpg, images/bonés/bone-22134/img_15.jpg","http://localhost:8080/wp-content/uploads/catalogo2025/bonés/bone-22134/img_01.jpg, http://localhost:8080/wp-content/uploads/catalogo2025/bonés/bone-22134/img_02.jpg, http://localhost:8080/wp-content/uploads/catalogo2025/bonés/bone-22134/img_03.jpg, http://localhost:8080/wp-content/uploads/catalogo2025/bonés/bone-22134/img_04.jpg, http://localhost:8080/wp-content/uploads/catalogo2025/bonés/bone-22134/img_05.jpg, http://localhost:8080/wp-content/uploads/catalogo2025/bonés/bone-22134/img_06.jpg, http://localhost:8080/wp-content/uploads/catalogo2025/bonés/bone-22134/img_07.jpg, http://localhost:8080/wp-content/uploads/catalogo2025/bonés/bone-22134/img_08.jpg, http://localhost:8080/wp-content/uploads/catalogo2025/bonés/bone-22134/img_09.jpg, http://localhost:8080/wp-content/uploads/catalogo2025/bonés/bone-22134/img_10.jpg, http://localhost:8080/wp-content/uploads/catalogo2025/bonés/bone-22134/img_11.jpg, http://localhost:8080/wp-content/uploads/catalogo2025/bonés/bone-22134/img_12.jpg, http://localhost:8080/wp-content/uploads/catalogo2025/bonés/bone-22134/img_13.jpg, http://localhost:8080/wp-content/uploads/catalogo2025/bonés/bone-22134/img_14.jpg, http://localhost:8080/wp-content/uploads/catalogo2025/bonés/bone-22134/img_15.jpg",,,,"Paquet de 12 pcs assorties: 2*Marine, 2*Noir, 2*Gris, 1*Camel, 1*Bordeaux, 1*Rouge, 1*Kaki, 1*Bleu Ciel, 1*Moutarde","Paquet de 12 pcs assorties: 2*Marine, 2*Noir, 2*Gris, 1*Camel, 1*Bordeaux, 1*Rouge, 1*Kaki, 1*Bleu Ciel, 1*Moutarde",BONÉS TRUCKER,BONÉS TRUCKER,"{""Cor"": ""Sortido , Azul Claro , Borgonha , Camelo , Cinza , Cáqui , Azul Marinho , Mostarda , Preto , Vermelho"", ""Composição"": ""51,1% Viscose – 48,9% Lã"", ""Pack"": ""Pacote 12""}","{""COR"": ""Bege , Azul , Bordéus , Cru , Cinza Claro , Cinza Escuro , Cáqui , Marinho , Mostarda , Laranja , Rosa , Verde"", ""VENDIDO POR"": ""Pacote 24"", ""TAMANHO"": 575, ""COMPOSIÇÃO"": ""100% algodão""}",https://hologrammeparis.com/product/casquette-22134/?attribute_pa_couleur=noir,bone-22134
Boné – 22134,BONÉS TRUCKER,BONÉS,,,Ignorar (sem preço),Sem preço no Sheet (não importar),Cliente precisa informar preço no Sheet (regra solicitada: não importar sem preço).,15,15,15,"images/bonés/bone-22134/img_01.jpg, images/bonés/bone-22134/img_02.jpg, images/bonés/bone-22134/img_03.jpg, images/bonés/bone-22134/img_04.jpg, images/bonés/bone-22134/img_05.jpg, images/bonés/bone-22134/img_06.jpg, images/bonés/bone-22134/img_07.jpg, images/bonés/bone-22134/img_08.jpg, images/bonés/bone-22134/img_09.jpg, images/bonés/bone-22134/img_10.jpg, images/bonés/bone-22134/img_11.jpg, images/bonés/bone-22134/img_12.jpg, images/bonés/bone-22134/img_13.jpg, images/bonés/bone-22134/img_14.jpg, images/bonés/bone-22134/img_15.jpg","images/bonés/bone-22134/img_01.jpg, images/bonés/bone-22134/img_02.jpg, images/bonés/bone-22134/img_03.jpg, images/bonés/bone-22134/img_04.jpg, images/bonés/bone-22134/img_05.jpg, images/bonés/bone-22134/img_06.jpg, images/bonés/bone-22134/img_07.jpg, images/bonés/bone-22134/img_08.jpg, images/bonés/bone-22134/img_09.jpg, images/bonés/bone-22134/img_10.jpg, images/bonés/bone-22134/img_11.jpg, images/bonés/bone-22134/img_12.jpg, images/bonés/bone-22134/img_13.jpg, images/bonés/bone-22134/img_14.jpg, images/bonés/bone-22134/img_15.jpg","http://localhost:8080/wp-content/uploads/catalogo2025/bonés/bone-22134/img_01.jpg, http://localhost:8080/wp-content/uploads/catalogo2025/bonés/bone-22134/img_02.jpg, http://localhost:8080/wp-content/uploads/catalogo2025/bonés/bone-22134/img_03.jpg, http://localhost:8080/wp-content/uploads/catalogo2025/bonés/bone-22134/img_04.jpg, http://localhost:8080/wp-content/uploads/catalogo2025/bonés/bone-22134/img_05.jpg, http://localhost:8080/wp-content/uploads/catalogo2025/bonés/bone-22134/img_06.jpg, http://localhost:8080/wp-content/uploads/catalogo2025/bonés/bone-22134/img_07.jpg, http://localhost:8080/wp-content/uploads/catalogo2025/bonés/bone-22134/img_08.jpg, http://localhost:8080/wp-content/uploads/catalogo2025/bonés/bone-22134/img_09.jpg, http://localhost:8080/wp-content/uploads/catalogo2025/bonés/bone-22134/img_10.jpg, http://localhost:8080/wp-content/uploads/catalogo2025/bonés/bone-22134/img_11.jpg, http://localhost:8080/wp-content/uploads/catalogo2025/bonés/bone-22134/img_12.jpg, http://localhost:8080/wp-content/uploads/catalogo2025/bonés/bone-22134/img_13.jpg, http://localhost:8080/wp-content/uploads/catalogo2025/bonés/bone-22134/img_14.jpg, http://localhost:8080/wp-content/uploads/catalogo2025/bonés/bone-22134/img_15.jpg",,,,"Paquet de 24 pcs assorties: 3*Noir, 3*Marine, 2*Vert, 2*Turquoise, 2*Bordeaux, 2*Orange, 2*Moutarde, 2*Gris, 2*Beige, 2*Camel, 1*Kaki, 1*Rose","Paquet de 12 pcs assorties: 2*Marine, 2*Noir, 2*Gris, 1*Camel, 1*Bordeaux, 1*Rouge, 1*Kaki, 1*Bleu Ciel, 1*Moutarde",BONÉS TRUCKER,BONÉS TRUCKER,"{""Cor"": ""Bege , Azul , Bordéus , Cru , Cinza Claro , Cinza Escuro , Cáqui , Marinho , Mostarda , Laranja , Rosa , Verde"", ""Tamanho"": ""575"", ""Composição"": ""100% algodão"", ""Pack"": ""Pacote 24""}","{""COR"": ""Bege , Azul , Bordéus , Cru , Cinza Claro , Cinza Escuro , Cáqui , Marinho , Mostarda , Laranja , Rosa , Verde"", ""VENDIDO POR"": ""Pacote 24"", ""TAMANHO"": 575, ""COMPOSIÇÃO"": ""100% algodão""}",https://hologrammeparis.com/product/casquette-2015022/,bone-22134
Boina Clássica – 5020,BOINA CLÁSSICA / BERET,CERIMÓNIA,,,Ignorar (sem preço),Sem preço no Sheet (não importar),Cliente precisa informar preço no Sheet (regra solicitada: não importar sem preço).,3,3,3,"images/cerimónia/boina-classica-5020/img_01.jpg, images/cerimónia/boina-classica-5020/img_06.jpg, images/cerimónia/boina-classica-5020/img_07.jpg","images/cerimónia/boina-classica-5020/img_01.jpg, images/cerimónia/boina-classica-5020/img_06.jpg, images/cerimónia/boina-classica-5020/img_07.jpg","http://localhost:8080/wp-content/uploads/catalogo2025/cerimónia/boina-classica-5020/img_01.jpg, http://localhost:8080/wp-content/uploads/catalogo2025/cerimónia/boina-classica-5020/img_06.jpg, http://localhost:8080/wp-content/uploads/catalogo2025/cerimónia/boina-classica-5020/img_07.jpg",low_resolution (533x800); low_resolution (533x800); low_resolution (533x800); low_resolution (533x800),,,"Notre version Hologramme Paris du ""Béret Uni classique"" Sobre, intemporel et sans logo apparent. 75g de Laine grattée et rasée *les nouvelles couleurs sont à 90% laine.","Notre version Hologramme Paris du ""Béret Uni classique"" Sobre, intemporel et sans logo apparent. 75g de Laine grattée et rasée *les nouvelles couleurs sont à 90% laine.","Nossa versão holográfica parisiense da “boina lisa clássica”, Sóbrio, intemporal e sem logótipo visível., 75g de lã escovada e raspada","Nossa versão holográfica parisiense da “boina lisa clássica”

Sóbrio, intemporal e sem logótipo visível.

75g de lã escovada e raspada","{""Composição"": ""100% Lã"", ""Pack"": ""Unitário""}","{""VENDIDO POR"": ""Unitário"", ""COMPOSIÇÃO"": ""100% Lã""}",https://hologrammeparis.com/product/beret-5020/?attribute_pa_couleur=beige-na1302,boina-classica-5020
Boné – 12625,BONÉS DE VERÃO PARA MULHERES,CERIMÓNIA,,,Ignorar (sem preço),Sem preço no Sheet (não importar),Cliente precisa informar preço no Sheet (regra solicitada: não importar sem preço).,7,7,7,"images/cerimónia/bone-12625/img_03.jpg, images/cerimónia/bone-12625/img_04.jpg, images/cerimónia/bone-12625/img_05.jpg, images/cerimónia/bone-12625/img_06.jpg, images/cerimónia/bone-12625/img_07.jpg, images/cerimónia/bone-12625/img_08.jpg, images/cerimónia/bone-12625/img_10.jpg","images/cerimónia/bone-12625/img_03.jpg, images/cerimónia/bone-12625/img_04.jpg, images/cerimónia/bone-12625/img_05.jpg, images/cerimónia/bone-12625/img_06.jpg, images/cerimónia/bone-12625/img_07.jpg, images/cerimónia/bone-12625/img_08.jpg, images/cerimónia/bone-12625/img_10.jpg","http://localhost:8080/wp-content/uploads/catalogo2025/cerimónia/bone-12625/img_03.jpg, http://localhost:8080/wp-content/uploads/catalogo2025/cerimónia/bone-12625/img_04.jpg, http://localhost:8080/wp-content/uploads/catalogo2025/cerimónia/bone-12625/img_05.jpg, http://localhost:8080/wp-content/uploads/catalogo2025/cerimónia/bone-12625/img_06.jpg, http://localhost:8080/wp-content/uploads/catalogo2025/cerimónia/bone-12625/img_07.jpg, http://localhost:8080/wp-content/uploads/catalogo2025/cerimónia/bone-12625/img_08.jpg, http://localhost:8080/wp-content/uploads/catalogo2025/cerimónia/bone-12625/img_10.jpg",low_resolution (533x800); low_resolution (533x800); low_resolution (533x800); low_resolution (533x800); low_resolution (533x800); low_resolution (533x800); low_resolution (533x800),,,"Paquet de 24 pcs assorties: 2*Rouge, 2*Vert, 2*Bleu Ciel, 4*Camel, 4*Ecru, 3*Blanc, 3*Beige, 3*Marine, 1*Gris","Paquet de 24 pcs assorties: 2*Rouge, 2*Vert, 2*Bleu Ciel, 4*Camel, 4*Ecru, 3*Blanc, 3*Beige, 3*Marine, 1*Gris",BONÉS DE VERÃO PARA MULHERES,BONÉS DE VERÃO PARA MULHERES,"{""Cor"": ""Bege , Branco , Camelo , Cinza , Marinho , Vermelho"", ""Tamanho"": ""56 , 58"", ""Composição"": ""7% Viscose – 33% Algodão – 60% Poliéster"", ""Pack"": ""Pacote 24""}","{""COR"": ""Bege , Branco , Camelo , Cinza , Marinho , Vermelho"", ""TAMANHO"": ""56 , 58"", ""VENDIDO POR"": ""Pacote 24"", ""COMPOSIÇÃO"": ""7% Viscose – 33% Algodão – 60% Poliéster""}",https://hologrammeparis.com/product/casquette-12625/,bone-12625
Boné – 2018016,BONÉS DE VERÃO PARA MULHERES,CERIMÓNIA,,,Ignorar (sem preço),Sem preço no Sheet (não importar),Cliente precisa informar preço no Sheet (regra solicitada: não importar sem preço).,0,0,0,,,,,,,,,BONÉS DE VERÃO PARA MULHERES,BONÉS DE VERÃO PARA MULHERES,"{""Cor"": ""Bordeaux ,"", ""Tamanho"": ""55 , 57"", ""Composição"": ""100% Algodão / Forro: 100% Poliéster"", ""Pack"": ""Pacote 24""}","{""COR"": ""Bordeaux ,"", ""TAMANHO"": ""55 , 57"", ""VENDIDO POR"": ""Pacote 24"", ""COMPOSIÇÃO"": ""100% Algodão / Forro: 100% Poliéster""}",https://hologrammeparis.com/product/casquette-2018016/,bone-2018016
Boné – 2018039,BONÉS DE INVERNO PARA MULHERES,CERIMÓNIA,,,Ignorar (sem preço),Sem preço no Sheet (não importar),Cliente precisa informar preço no Sheet (regra solicitada: não importar sem preço).,4,4,4,"images/cerimónia/bone-2018039/img_01.jpg, images/cerimónia/bone-2018039/img_02.jpg, images/cerimónia/bone-2018039/img_03.jpg, images/cerimónia/bone-2018039/img_04.jpg","images/cerimónia/bone-2018039/img_01.jpg, images/cerimónia/bone-2018039/img_02.jpg, images/cerimónia/bone-2018039/img_03.jpg, images/cerimónia/bone-2018039/img_04.jpg","http://localhost:8080/wp-content/uploads/catalogo2025/cerimónia/bone-2018039/img_01.jpg, http://localhost:8080/wp-content/uploads/catalogo2025/cerimónia/bone-2018039/img_02.jpg, http://localhost:8080/wp-content/uploads/catalogo2025/cerimónia/bone-2018039/img_03.jpg, http://localhost:8080/wp-content/uploads/catalogo2025/cerimónia/bone-2018039/img_04.jpg",low_resolution (533x800); low_resolution (533x800); low_resolution (533x800); low_resolution (533x800); low_resolution (533x800); low_resolution (533x800); low_resolution (533x800); low_resolution (533x800); low_resolution (533x800),,,"Paquet de 12 pcs assorties: 2*Gris Clair, 1*Gris Fonce, 1*Kaki, 1*Bordeaux, 1*Rouge, 2*Marine, 4*Noir","Paquet de 12 pcs assorties: 2*Gris Clair, 1*Gris Fonce, 1*Kaki, 1*Bordeaux, 1*Rouge, 2*Marine, 4*Noir","Fabricado na China, Mistura de lã","Fabricado na China, Mistura de lã","{""Cor"": ""Azul , Cinza , Cinza Escuro , Preto , Vermelho , Verde"", ""Tamanho"": ""56 , 58"", ""Composição"": ""5% Acrílico – 7% Fibra – 40% Lã – 48% Poliéster"", ""Pack"": ""Pacote 12""}","{""COR"": ""Azul , Cinza , Cinza Escuro , Preto , Vermelho , Verde"", ""TAMANHO"": ""56 , 58"", ""VENDIDO POR"": ""Pacote 12"", ""COMPOSIÇÃO"": ""5% Acrílico – 7% Fibra – 40% Lã – 48% Poliéster""}",https://hologrammeparis.com/product/casquette-2018039/,bone-2018039
Palha – 12511,CHAPÉUS DE PALHA FEMININOS,CERIMÓNIA,,,Ignorar (sem preço),Sem preço no Sheet (não importar),Cliente precisa informar preço no Sheet (regra solicitada: não importar sem preço).,2,2,2,"images/cerimónia/palha-12511/img_09.jpg, images/cerimónia/palha-12511/img_10.jpg","images/cerimónia/palha-12511/img_09.jpg, images/cerimónia/palha-12511/img_10.jpg","http://localhost:8080/wp-content/uploads/catalogo2025/cerimónia/palha-12511/img_09.jpg, http://localhost:8080/wp-content/uploads/catalogo2025/cerimónia/palha-12511/img_10.jpg",low_resolution (528x800); low_resolution (533x800); low_resolution (528x800); low_resolution (528x800); low_resolution (528x800); low_resolution (522x800); low_resolution (528x800); low_resolution (527x800),,,Découvrez notre Paille - 12511 au prix de grossiste pour votre boutique sur Hologramme Paris.,Découvrez notre Paille - 12511 au prix de grossiste pour votre boutique sur Hologramme Paris.,"Nossa versão Hologram Paris do chapéu de palha em forma de sino., Chapéu luxuoso tricotado em palha de ráfia extrafina ., Sólido, dobrável e intemporal., Palha 100% Ráfia","Nossa versão Hologram Paris do chapéu de palha em forma de sino.

Chapéu luxuoso tricotado em palha de ráfia extrafina .
Sólido, dobrável e intemporal.

Palha 100% Ráfia","{""Cor"": ""Camel , Cinza , Natural , Preto , Verde"", ""Tamanho"": ""Tamanho único"", ""Composição"": ""Palha 100% natural"", ""Pack"": ""Unitário""}","{""COR"": ""Camel , Cinza , Natural , Preto , Verde"", ""TAMANHO"": ""Tamanho único"", ""VENDIDO POR"": ""Unitário"", ""COMPOSIÇÃO"": ""Palha 100% natural""}",https://hologrammeparis.com/product/paille-12511/,palha-12511
Palha – 12512,CHAPÉUS DE PALHA FEMININOS,CERIMÓNIA,,,Ignorar (sem preço),Sem preço no Sheet (não importar),Cliente precisa informar preço no Sheet (regra solicitada: não importar sem preço).,4,4,4,"images/cerimónia/palha-12512/img_01.jpg, images/cerimónia/palha-12512/img_02.jpg, images/cerimónia/palha-12512/img_03.jpg, images/cerimónia/palha-12512/img_04.jpg","images/cerimónia/palha-12512/img_01.jpg, images/cerimónia/palha-12512/img_02.jpg, images/cerimónia/palha-12512/img_03.jpg, images/cerimónia/palha-12512/img_04.jpg","http://localhost:8080/wp-content/uploads/catalogo2025/cerimónia/palha-12512/img_01.jpg, http://localhost:8080/wp-content/uploads/catalogo2025/cerimónia/palha-12512/img_02.jpg, http://localhost:8080/wp-content/uploads/catalogo2025/cerimónia/palha-12512/img_03.jpg, http://localhost:8080/wp-content/uploads/catalogo2025/cerimónia/palha-12512/img_04.jpg",low_resolution (533x800); low_resolution (533x800); low_resolution (533x800); low_resolution (533x800); low_resolution (533x800); low_resolution (533x800),,,Découvrez notre Paille - 12512 au prix de grossiste pour votre boutique sur Hologramme Paris.,Découvrez notre Paille - 12512 au prix de grossiste pour votre boutique sur Hologramme Paris.,"Nossa versão Hologram Paris do chapéu de palha em forma de sino., Chapéu luxuoso tricotado em palha de ráfia extrafina ., Sólido, dobrável e intemporal., Palha 100% Ráfia","Nossa versão Hologram Paris do chapéu de palha em forma de sino.

Chapéu luxuoso tricotado em palha de ráfia extrafina .
Sólido, dobrável e intemporal.

Palha 100% Ráfia","{""Cor"": ""Preto, Verde, Natural"", ""Tamanho"": ""Tamanho único"", ""Composição"": ""Palha 100% natural"", ""Pack"": ""Unitário""}","{""COR"": ""Preto, Verde, Natural"", ""TAMANHO"": ""Tamanho único"", ""VENDIDO POR"": ""Unitário"", ""COMPOSIÇÃO"": ""Palha 100% natural""}",https://hologrammeparis.com/product/paille-12512/,palha-12512
Palha – 12517,CHAPÉUS DE PALHA FEMININOS,CERIMÓNIA,,,Ignorar (sem preço),Sem preço no Sheet (não importar),Cliente precisa informar preço no Sheet (regra solicitada: não importar sem preço).,12,12,12,"images/cerimónia/palha-12517/img_01.jpg, images/cerimónia/palha-12517/img_02.jpg, images/cerimónia/palha-12517/img_03.jpg, images/cerimónia/palha-12517/img_04.jpg, images/cerimónia/palha-12517/img_05.jpg, images/cerimónia/palha-12517/img_06.jpg, images/cerimónia/palha-12517/img_07.jpg, images/cerimónia/palha-12517/img_08.jpg, images/cerimónia/palha-12517/img_09.jpg, images/cerimónia/palha-12517/img_10.jpg, images/cerimónia/palha-12517/img_11.jpg, images/cerimónia/palha-12517/img_12.jpg","images/cerimónia/palha-12517/img_01.jpg, images/cerimónia/palha-12517/img_02.jpg, images/cerimónia/palha-12517/img_03.jpg, images/cerimónia/palha-12517/img_04.jpg, images/cerimónia/palha-12517/img_05.jpg, images/cerimónia/palha-12517/img_06.jpg, images/cerimónia/palha-12517/img_07.jpg, images/cerimónia/palha-12517/img_08.jpg, images/cerimónia/palha-12517/img_09.jpg, images/cerimónia/palha-12517/img_10.jpg, images/cerimónia/palha-12517/img_11.jpg, images/cerimónia/palha-12517/img_12.jpg","http://localhost:8080/wp-content/uploads/catalogo2025/cerimónia/palha-12517/img_01.jpg, http://localhost:8080/wp-content/uploads/catalogo2025/cerimónia/palha-12517/img_02.jpg, http://localhost:8080/wp-content/uploads/catalogo2025/cerimónia/palha-12517/img_03.jpg, http://localhost:8080/wp-content/uploads/catalogo2025/cerimónia/palha-12517/img_04.jpg, http://localhost:8080/wp-content/uploads/catalogo2025/cerimónia/palha-12517/img_05.jpg, http://localhost:8080/wp-content/uploads/catalogo2025/cerimónia/palha-12517/img_06.jpg, http://localhost:8080/wp-content/uploads/catalogo2025/cerimónia/palha-12517/img_07.jpg, http://localhost:8080/wp-content/uploads/catalogo2025/cerimónia/palha-12517/img_08.jpg, http://localhost:8080/wp-content/uploads/catalogo2025/cerimónia/palha-12517/img_09.jpg, http://localhost:8080/wp-content/uploads/catalogo2025/cerimónia/palha-12517/img_10.jpg, http://localhost:8080/wp-content/uploads/catalogo2025/cerimónia/palha-12517/img_11.jpg, http://localhost:8080/wp-content/uploads/catalogo2025/cerimónia/palha-12517/img_12.jpg",,,,"Paquet de 30 pcs assorties: 11*Beige, 7*Camel, 4*Vert, 4*Gris, 4*Noir il reste que du naturel","Paquet de 30 pcs assorties: 11*Beige, 7*Camel, 4*Vert, 4*Gris, 4*Noir il reste que du naturel","Nossa versão Hologram Paris do chapéu de palha em forma de sino., Chapéu luxuoso tricotado em palha de ráfia extrafina ., Sólido, dobrável e intemporal., Palha 100% Ráfia","Nossa versão Hologram Paris do chapéu de palha em forma de sino.

Chapéu luxuoso tricotado em palha de ráfia extrafina .
Sólido, dobrável e intemporal.

Palha 100% Ráfia","{""Cor"": ""Cinza, Verde, Natural"", ""Tamanho"": ""Tamanho único"", ""Composição"": ""Palha 100% natural"", ""Pack"": ""Unitário""}","{""COR"": ""Cinza, Verde, Natural"", ""TAMANHO"": ""Tamanho único"", ""VENDIDO POR"": ""Unitário"", ""COMPOSIÇÃO"": ""Palha 100% natural""}",https://hologrammeparis.com/product/paille-12517/,palha-12517
Palha – 12673,CHAPÉUS DE PALHA FEMININOS,CERIMÓNIA,,,Ignorar (sem preço),Sem preço no Sheet (não importar),Cliente precisa informar preço no Sheet (regra solicitada: não importar sem preço).,6,6,6,"images/cerimónia/palha-12673/img_01.jpg, images/cerimónia/palha-12673/img_02.jpg, images/cerimónia/palha-12673/img_03.jpg, images/cerimónia/palha-12673/img_04.jpg, images/cerimónia/palha-12673/img_05.jpg, images/cerimónia/palha-12673/img_06.jpg","images/cerimónia/palha-12673/img_01.jpg, images/cerimónia/palha-12673/img_02.jpg, images/cerimónia/palha-12673/img_03.jpg, images/cerimónia/palha-12673/img_04.jpg, images/cerimónia/palha-12673/img_05.jpg, images/cerimónia/palha-12673/img_06.jpg","http://localhost:8080/wp-content/uploads/catalogo2025/cerimónia/palha-12673/img_01.jpg, http://localhost:8080/wp-content/uploads/catalogo2025/cerimónia/palha-12673/img_02.jpg, http://localhost:8080/wp-content/uploads/catalogo2025/cerimónia/palha-12673/img_03.jpg, http://localhost:8080/wp-content/uploads/catalogo2025/cerimónia/palha-12673/img_04.jpg, http://localhost:8080/wp-content/uploads/catalogo2025/cerimónia/palha-12673/img_05.jpg, http://localhost:8080/wp-content/uploads/catalogo2025/cerimónia/palha-12673/img_06.jpg",,,,Découvrez notre Paille - 12673 au prix de grossiste pour votre boutique sur Hologramme Paris.,Découvrez notre Paille - 12673 au prix de grossiste pour votre boutique sur Hologramme Paris.,"Nossa versão Hologram Paris do chapéu de palha em forma de sino., Chapéu luxuoso tricotado em palha de ráfia extrafina ., Sólido, dobrável e intemporal., Palha 100% Ráfia","Nossa versão Hologram Paris do chapéu de palha em forma de sino.

Chapéu luxuoso tricotado em palha de ráfia extrafina .
Sólido, dobrável e intemporal.

Palha 100% Ráfia","{""Cor"": ""Natural, Preto"", ""Tamanho"": ""Tamanho único"", ""Composição"": ""Palha 100% natural"", ""Pack"": ""Unitário""}","{""COR"": ""Natural, Preto"", ""TAMANHO"": ""Tamanho único"", ""VENDIDO POR"": ""Unitário"", ""COMPOSIÇÃO"": ""Palha 100% natural""}",https://hologrammeparis.com/product/paille-12673/,palha-12673
Palha – 937,CHAPÉUS DE PALHA FEMININOS,CERIMÓNIA,,,Ignorar (sem preço),Sem preço no Sheet (não importar),Cliente precisa informar preço no Sheet (regra solicitada: não importar sem preço).,10,10,10,"images/cerimónia/palha-937/img_01.jpg, images/cerimónia/palha-937/img_02.jpg, images/cerimónia/palha-937/img_03.jpg, images/cerimónia/palha-937/img_04.jpg, images/cerimónia/palha-937/img_05.jpg, images/cerimónia/palha-937/img_06.jpg, images/cerimónia/palha-937/img_07.jpg, images/cerimónia/palha-937/img_08.jpg, images/cerimónia/palha-937/img_09.jpg, images/cerimónia/palha-937/img_10.jpg","images/cerimónia/palha-937/img_01.jpg, images/cerimónia/palha-937/img_02.jpg, images/cerimónia/palha-937/img_03.jpg, images/cerimónia/palha-937/img_04.jpg, images/cerimónia/palha-937/img_05.jpg, images/cerimónia/palha-937/img_06.jpg, images/cerimónia/palha-937/img_07.jpg, images/cerimónia/palha-937/img_08.jpg, images/cerimónia/palha-937/img_09.jpg, images/cerimónia/palha-937/img_10.jpg","http://localhost:8080/wp-content/uploads/catalogo2025/cerimónia/palha-937/img_01.jpg, http://localhost:8080/wp-content/uploads/catalogo2025/cerimónia/palha-937/img_02.jpg, http://localhost:8080/wp-content/uploads/catalogo2025/cerimónia/palha-937/img_03.jpg, http://localhost:8080/wp-content/uploads/catalogo2025/cerimónia/palha-937/img_04.jpg, http://localhost:8080/wp-content/uploads/catalogo2025/cerimónia/palha-937/img_05.jpg, http://localhost:8080/wp-content/uploads/catalogo2025/cerimónia/palha-937/img_06.jpg, http://localhost:8080/wp-content/uploads/catalogo2025/cerimónia/palha-937/img_07.jpg, http://localhost:8080/wp-content/uploads/catalogo2025/cerimónia/palha-937/img_08.jpg, http://localhost:8080/wp-content/uploads/catalogo2025/cerimónia/palha-937/img_09.jpg, http://localhost:8080/wp-content/uploads/catalogo2025/cerimónia/palha-937/img_10.jpg",,,,"Paquet de 30 pcs assorties: 12*55, 18*57","Paquet de 30 pcs assorties: 12*55, 18*57",CHAPÉUS DE PALHA FEMININOS,CHAPÉUS DE PALHA FEMININOS,"{""Cor"": ""Bege , Cáqui , Marinho , Preto , Laranja , Ferrugem"", ""Tamanho"": ""Tamanho único"", ""Composição"": ""Palha 100% natural"", ""Pack"": ""Unitário""}","{""COR"": ""Bege , Cáqui , Marinho , Preto , Laranja , Ferrugem"", ""TAMANHO"": ""Tamanho único"", ""VENDIDO POR"": ""Unitário"", ""COMPOSIÇÃO"": ""Palha 100% natural""}",https://hologrammeparis.com/product/paille-art-937-241-gros-grain/,palha-937
Viseira – 23119,BONÉS DE VERÃO PARA MULHERES,CERIMÓNIA,,,Ignorar (sem preço),Sem preço no Sheet (não importar),Cliente precisa informar preço no Sheet (regra solicitada: não importar sem preço).,1,1,1,images/cerimónia/viseira-23119/img_01.jpg,images/cerimónia/viseira-23119/img_01.jpg,http://localhost:8080/wp-content/uploads/catalogo2025/cerimónia/viseira-23119/img_01.jpg,fallback_used_low_resolution (533x800); low_resolution (533x800); low_resolution (533x800); low_resolution (533x800); low_resolution (533x800); low_resolution (533x800); low_resolution (533x800),,,"Paquet de 30 pcs assorties: 2*Rose, 5*Orange, 5*Violet, 6*Bleu, 6*Beige, 6*Noir","Paquet de 30 pcs assorties: 2*Rose, 5*Orange, 5*Violet, 6*Bleu, 6*Beige, 6*Noir","SIZE, One size adjustable","SIZE	
One size adjustable","{""Cor"": ""Bege , Bordéus , Marinho , Preto , Rosa , Vermelho"", ""Composição"": ""100% Papel"", ""Pack"": ""Pacote 15""}","{""COR"": ""Bege , Bordéus , Marinho , Preto , Rosa , Vermelho"", ""VENDIDO POR"": ""Pacote 15"", ""COMPOSIÇÃO"": ""100% Papel""}",https://hologrammeparis.com/product/visiere-23119/,viseira-23119
VELEN,BOINA CORTIÇA,CORTIÇA,,45.00,Ignorar (sem preço),Sem preço no Sheet (não importar),Cliente precisa informar preço no Sheet (regra solicitada: não importar sem preço).,0,1,1,,images/cortiça/velen/img_01.jpg,http://localhost:8080/wp-content/uploads/catalogo2025/cortiça/velen/img_01.jpg,,,,,"Boné Vegan estilo basebol de cortiça. 100% Eco-Friendly, produzido em Portugal. Leve, prático e resistente. Montado - Cortiça com Arte.","Boina bico de pato com rede lateral, em cortiça. Na confecção desta boina não foi usado nenhum material de origem animal., – Boina bico de pato, 100% cortiça, – Produto sustentável., – Produto produzido em Portugal com cortiça Portuguesa., – Duradouro, eco-Friendly e resistente à água., – Pode ser limpo com água e sabão neutro.","Chapéu tirolês em cortiça. Na confecção deste chapéu não foi usado nenhum material de origem animal.

– Chapéu tirolês, 100% cortiça

– Produto sustentável.

– Produto produzido em Portugal com cortiça Portuguesa.

– Duradouro, eco-Friendly e resistente à água.

– Pode ser limpo com água e sabão neutro.

– Cor da peça em exibição: Natural.",{},"{""COULEUR"": ""Natural"", ""TAILLE"": ""54, 55 , 56 , 57 , 58 , 59 , 60 , 61, 62, 63"", ""VENDU PAR"": ""Unitaire"", ""COMPOSITION"": ""100%"", ""COR"": ""Natural"", ""TAMANHO"": ""55 , 56 , 57 , 58 , 59 , 60 , 61"", ""COMPOSIÇÃO"": ""100%"", ""VENDIDO POR"": ""Unitário""}",https://vips-velen.pt/?product=boina-bico-de-pato-com-rede-lateral-em-cortica,velen
Algodão 4974,,COWBOY,,,Ignorar (sem preço),Sem preço no Sheet (não importar),Cliente precisa informar preço no Sheet (regra solicitada: não importar sem preço).,1,1,1,images/cowboy/algodao-4974/img_01.jpg,images/cowboy/algodao-4974/img_01.jpg,http://localhost:8080/wp-content/uploads/catalogo2025/cowboy/algodao-4974/img_01.jpg,fallback_used_low_resolution (533x800); low_resolution (533x800); low_resolution (533x800); low_resolution (533x800); low_resolution (533x800); low_resolution (533x800); low_resolution (533x800),,,Découvrez notre Bonnet - Coton 4974 au prix de grossiste pour votre boutique sur Hologramme Paris.,Découvrez notre Bonnet - Coton 4974 au prix de grossiste pour votre boutique sur Hologramme Paris.,,,"{""Cor"": ""Sortido"", ""Composição"": ""50% Algodão – 50% Poliéster"", ""Pack"": ""Unitário""}","{""COR"": ""Sortido"", ""VENDIDO POR"": ""Unitário"", ""COMPOSIÇÃO"": ""50% Algodão – 50% Poliéster""}",https://hologrammeparis.com/product/bonnet-4974/,algodao-4974
Boné – 15114,,COWBOY,,,Ignorar (sem preço),Sem preço no Sheet (não importar),Cliente precisa informar preço no Sheet (regra solicitada: não importar sem preço).,15,15,15,"images/cowboy/bone-15114/img_01.jpg, images/cowboy/bone-15114/img_02.jpg, images/cowboy/bone-15114/img_03.jpg, images/cowboy/bone-15114/img_04.jpg, images/cowboy/bone-15114/img_05.jpg, images/cowboy/bone-15114/img_06.jpg, images/cowboy/bone-15114/img_07.jpg, images/cowboy/bone-15114/img_08.jpg, images/cowboy/bone-15114/img_09.jpg, images/cowboy/bone-15114/img_10.jpg, images/cowboy/bone-15114/img_11.jpg, images/cowboy/bone-15114/img_12.jpg, images/cowboy/bone-15114/img_13.jpg, images/cowboy/bone-15114/img_14.jpg, images/cowboy/bone-15114/img_15.jpg","images/cowboy/bone-15114/img_01.jpg, images/cowboy/bone-15114/img_02.jpg, images/cowboy/bone-15114/img_03.jpg, images/cowboy/bone-15114/img_04.jpg, images/cowboy/bone-15114/img_05.jpg, images/cowboy/bone-15114/img_06.jpg, images/cowboy/bone-15114/img_07.jpg, images/cowboy/bone-15114/img_08.jpg, images/cowboy/bone-15114/img_09.jpg, images/cowboy/bone-15114/img_10.jpg, images/cowboy/bone-15114/img_11.jpg, images/cowboy/bone-15114/img_12.jpg, images/cowboy/bone-15114/img_13.jpg, images/cowboy/bone-15114/img_14.jpg, images/cowboy/bone-15114/img_15.jpg","http://localhost:8080/wp-content/uploads/catalogo2025/cowboy/bone-15114/img_01.jpg, http://localhost:8080/wp-content/uploads/catalogo2025/cowboy/bone-15114/img_02.jpg, http://localhost:8080/wp-content/uploads/catalogo2025/cowboy/bone-15114/img_03.jpg, http://localhost:8080/wp-content/uploads/catalogo2025/cowboy/bone-15114/img_04.jpg, http://localhost:8080/wp-content/uploads/catalogo2025/cowboy/bone-15114/img_05.jpg, http://localhost:8080/wp-content/uploads/catalogo2025/cowboy/bone-15114/img_06.jpg, http://localhost:8080/wp-content/uploads/catalogo2025/cowboy/bone-15114/img_07.jpg, http://localhost:8080/wp-content/uploads/catalogo2025/cowboy/bone-15114/img_08.jpg, http://localhost:8080/wp-content/uploads/catalogo2025/cowboy/bone-15114/img_09.jpg, http://localhost:8080/wp-content/uploads/catalogo2025/cowboy/bone-15114/img_10.jpg, http://localhost:8080/wp-content/uploads/catalogo2025/cowboy/bone-15114/img_11.jpg, http://localhost:8080/wp-content/uploads/catalogo2025/cowboy/bone-15114/img_12.jpg, http://localhost:8080/wp-content/uploads/catalogo2025/cowboy/bone-15114/img_13.jpg, http://localhost:8080/wp-content/uploads/catalogo2025/cowboy/bone-15114/img_14.jpg, http://localhost:8080/wp-content/uploads/catalogo2025/cowboy/bone-15114/img_15.jpg",,,,"Paquet de 24 pcs assorties: 2*Gris Clair, 3*Beige, 1*Orange, 4*Bleu, 2*Rouge, 1*Vert Sapin, 2*Bordeaux, 2*Kaki, 3*Gris Foncé, 4*Noir","Paquet de 24 pcs assorties: 2*Gris Clair, 3*Beige, 1*Orange, 4*Bleu, 2*Rouge, 1*Vert Sapin, 2*Bordeaux, 2*Kaki, 3*Gris Foncé, 4*Noir",,,"{""Cor"": ""Sortido"", ""Tamanho"": ""57 , 59"", ""Composição"": ""100% algodão"", ""Pack"": ""Pacote 24""}","{""COR"": ""Sortido"", ""TAMANHO"": ""57 , 59"", ""VENDIDO POR"": ""Pacote 24"", ""COMPOSIÇÃO"": ""100% algodão""}",https://hologrammeparis.com/product/casquette-15114/,bone-15114
Boné – 15125,CHAPÉU COWBOY,COWBOY,,,Ignorar (sem preço),Sem preço no Sheet (não importar),Cliente precisa informar preço no Sheet (regra solicitada: não importar sem preço).,14,14,14,"images/cowboy/bone-15125/img_01.jpg, images/cowboy/bone-15125/img_02.jpg, images/cowboy/bone-15125/img_03.jpg, images/cowboy/bone-15125/img_04.jpg, images/cowboy/bone-15125/img_05.jpg, images/cowboy/bone-15125/img_06.jpg, images/cowboy/bone-15125/img_07.jpg, images/cowboy/bone-15125/img_08.jpg, images/cowboy/bone-15125/img_09.jpg, images/cowboy/bone-15125/img_10.jpg, images/cowboy/bone-15125/img_11.jpg, images/cowboy/bone-15125/img_12.jpg, images/cowboy/bone-15125/img_13.jpg, images/cowboy/bone-15125/img_14.jpg","images/cowboy/bone-15125/img_01.jpg, images/cowboy/bone-15125/img_02.jpg, images/cowboy/bone-15125/img_03.jpg, images/cowboy/bone-15125/img_04.jpg, images/cowboy/bone-15125/img_05.jpg, images/cowboy/bone-15125/img_06.jpg, images/cowboy/bone-15125/img_07.jpg, images/cowboy/bone-15125/img_08.jpg, images/cowboy/bone-15125/img_09.jpg, images/cowboy/bone-15125/img_10.jpg, images/cowboy/bone-15125/img_11.jpg, images/cowboy/bone-15125/img_12.jpg, images/cowboy/bone-15125/img_13.jpg, images/cowboy/bone-15125/img_14.jpg","http://localhost:8080/wp-content/uploads/catalogo2025/cowboy/bone-15125/img_01.jpg, http://localhost:8080/wp-content/uploads/catalogo2025/cowboy/bone-15125/img_02.jpg, http://localhost:8080/wp-content/uploads/catalogo2025/cowboy/bone-15125/img_03.jpg, http://localhost:8080/wp-content/uploads/catalogo2025/cowboy/bone-15125/img_04.jpg, http://localhost:8080/wp-content/uploads/catalogo2025/cowboy/bone-15125/img_05.jpg, http://localhost:8080/wp-content/uploads/catalogo2025/cowboy/bone-15125/img_06.jpg, http://localhost:8080/wp-content/uploads/catalogo2025/cowboy/bone-15125/img_07.jpg, http://localhost:8080/wp-content/uploads/catalogo2025/cowboy/bone-15125/img_08.jpg, http://localhost:8080/wp-content/uploads/catalogo2025/cowboy/bone-15125/img_09.jpg, http://localhost:8080/wp-content/uploads/catalogo2025/cowboy/bone-15125/img_10.jpg, http://localhost:8080/wp-content/uploads/catalogo2025/cowboy/bone-15125/img_11.jpg, http://localhost:8080/wp-content/uploads/catalogo2025/cowboy/bone-15125/img_12.jpg, http://localhost:8080/wp-content/uploads/catalogo2025/cowboy/bone-15125/img_13.jpg, http://localhost:8080/wp-content/uploads/catalogo2025/cowboy/bone-15125/img_14.jpg",,,,"Paquet de 24 pcs assorties: 3*Noir, 3*Gris Clair, 3*Marine, 4*Beige, 2*Bleu Canard, 2*Rouge, 2*Jean, 2*Gris Fonce, 2*Blanc, 1*Moutarde","Paquet de 24 pcs assorties: 3*Noir, 3*Gris Clair, 3*Marine, 4*Beige, 2*Bleu Canard, 2*Rouge, 2*Jean, 2*Gris Fonce, 2*Blanc, 1*Moutarde",CHAPÉU COWBOY,CHAPÉU COWBOY,"{""Cor"": ""Sortido"", ""Composição"": ""32,7% Algodão – 60,1% Poliéster – 7,2% Celulose"", ""Pack"": ""Pacote 24""}","{""COR"": ""Sortido"", ""VENDIDO POR"": ""Pacote 24"", ""COMPOSIÇÃO"": ""32,7% Algodão – 60,1% Poliéster – 7,2% Celulose""}",https://hologrammeparis.com/product/casquette-12849/,bone-15125
Boné – 18110EC,,COWBOY,,,Ignorar (sem preço),Sem preço no Sheet (não importar),Cliente precisa informar preço no Sheet (regra solicitada: não importar sem preço).,6,6,6,"images/cowboy/bone-18110ec/img_01.jpg, images/cowboy/bone-18110ec/img_02.jpg, images/cowboy/bone-18110ec/img_03.jpg, images/cowboy/bone-18110ec/img_04.jpg, images/cowboy/bone-18110ec/img_05.jpg, images/cowboy/bone-18110ec/img_06.jpg","images/cowboy/bone-18110ec/img_01.jpg, images/cowboy/bone-18110ec/img_02.jpg, images/cowboy/bone-18110ec/img_03.jpg, images/cowboy/bone-18110ec/img_04.jpg, images/cowboy/bone-18110ec/img_05.jpg, images/cowboy/bone-18110ec/img_06.jpg","http://localhost:8080/wp-content/uploads/catalogo2025/cowboy/bone-18110ec/img_01.jpg, http://localhost:8080/wp-content/uploads/catalogo2025/cowboy/bone-18110ec/img_02.jpg, http://localhost:8080/wp-content/uploads/catalogo2025/cowboy/bone-18110ec/img_03.jpg, http://localhost:8080/wp-content/uploads/catalogo2025/cowboy/bone-18110ec/img_04.jpg, http://localhost:8080/wp-content/uploads/catalogo2025/cowboy/bone-18110ec/img_05.jpg, http://localhost:8080/wp-content/uploads/catalogo2025/cowboy/bone-18110ec/img_06.jpg",,,,Découvrez notre Casquette - 18110EC au prix de grossiste pour votre boutique sur Hologramme Paris.,Découvrez notre Casquette - 18110EC au prix de grossiste pour votre boutique sur Hologramme Paris.,,,"{""Cor"": ""Cru, Preto, Verde, Azul"", ""Tamanho"": ""54 , 55 , 56 , 57 , 58 , 59 , 60 , 61"", ""Composição"": ""50% Algodão – 50% Linho"", ""Pack"": ""Unitário""}","{""COR"": ""Cru, Preto, Verde, Azul"", ""TAMANHO"": ""54 , 55 , 56 , 57 , 58 , 59 , 60 , 61"", ""VENDIDO POR"": ""Unitário"", ""COMPOSIÇÃO"": ""50% Algodão – 50% Linho""}",https://hologrammeparis.com/product/casquette-18110ec/,bone-18110ec
Gorro – Miki 12601 Gorro – 640182503,,COWBOY,,,Ignorar (sem preço),Sem preço no Sheet (não importar),Cliente precisa informar preço no Sheet (regra solicitada: não importar sem preço).,1,1,1,images/cowboy/gorro-miki-12601-gorro-640182503/img_01.jpg,images/cowboy/gorro-miki-12601-gorro-640182503/img_01.jpg,http://localhost:8080/wp-content/uploads/catalogo2025/cowboy/gorro-miki-12601-gorro-640182503/img_01.jpg,fallback_used_low_resolution (533x800); low_resolution (533x800); low_resolution (533x800); low_resolution (533x800); low_resolution (533x800); low_resolution (533x800); low_resolution (533x800); low_resolution (533x800); low_resolution (533x800); low_resolution (533x800); low_resolution (533x800); low_resolution (533x800); low_resolution (533x800); low_resolution (533x800); low_resolution (533x800); low_resolution (533x800); low_resolution (533x800); low_resolution (533x800); low_resolution (533x800),,,Découvrez notre Bonnet - Miki 12601 au prix de grossiste pour votre boutique sur Hologramme Paris.,Découvrez notre Bonnet - Miki 12601 au prix de grossiste pour votre boutique sur Hologramme Paris.,,,"{""Composição"": ""100% algodão"", ""Pack"": ""Unitário""}","{""VENDIDO POR"": ""Unitário"", ""COMPOSIÇÃO"": ""100% algodão""}",https://hologrammeparis.com/product/bonnet-miki-12601/?attribute_pa_couleur=beige-fonce,gorro-miki-12601-gorro-640182503
Boné – 12463,BONÉS DE INVERNO PARA MULHERES,FEMININO,,,Ignorar (sem preço),Sem preço no Sheet (não importar),Cliente precisa informar preço no Sheet (regra solicitada: não importar sem preço).,1,1,1,images/feminino/bone-12463/img_01.jpg,images/feminino/bone-12463/img_01.jpg,http://localhost:8080/wp-content/uploads/catalogo2025/feminino/bone-12463/img_01.jpg,fallback_used_low_resolution (533x800); low_resolution (533x800); low_resolution (533x800); low_resolution (533x800); low_resolution (533x800); low_resolution (533x800); low_resolution (533x800),,,"Paquet de 24 pcs assorties: 9*Beige, 7*Gris, 8*Noir","Paquet de 24 pcs assorties: 9*Beige, 7*Gris, 8*Noir",BONÉS DE INVERNO PARA MULHERES,BONÉS DE INVERNO PARA MULHERES,"{""Cor"": ""Cru , Cinza , Preto"", ""Composição"": ""50% Lã – 50% PU Sintético"", ""Pack"": ""Pacote 24""}","{""COR"": ""Cru , Cinza , Preto"", ""VENDIDO POR"": ""Pacote 24"", ""COMPOSIÇÃO"": ""50% Lã – 50% PU Sintético""}",https://hologrammeparis.com/product/casquette-12463/,bone-12463
Boné – 13156,BONÉS DE INVERNO PARA MULHERES,FEMININO,,,Ignorar (sem preço),Sem preço no Sheet (não importar),Cliente precisa informar preço no Sheet (regra solicitada: não importar sem preço).,10,10,10,"images/feminino/bone-13156/img_01.jpg, images/feminino/bone-13156/img_02.jpg, images/feminino/bone-13156/img_03.jpg, images/feminino/bone-13156/img_04.jpg, images/feminino/bone-13156/img_05.jpg, images/feminino/bone-13156/img_06.jpg, images/feminino/bone-13156/img_07.jpg, images/feminino/bone-13156/img_08.jpg, images/feminino/bone-13156/img_09.jpg, images/feminino/bone-13156/img_10.jpg","images/feminino/bone-13156/img_01.jpg, images/feminino/bone-13156/img_02.jpg, images/feminino/bone-13156/img_03.jpg, images/feminino/bone-13156/img_04.jpg, images/feminino/bone-13156/img_05.jpg, images/feminino/bone-13156/img_06.jpg, images/feminino/bone-13156/img_07.jpg, images/feminino/bone-13156/img_08.jpg, images/feminino/bone-13156/img_09.jpg, images/feminino/bone-13156/img_10.jpg","http://localhost:8080/wp-content/uploads/catalogo2025/feminino/bone-13156/img_01.jpg, http://localhost:8080/wp-content/uploads/catalogo2025/feminino/bone-13156/img_02.jpg, http://localhost:8080/wp-content/uploads/catalogo2025/feminino/bone-13156/img_03.jpg, http://localhost:8080/wp-content/uploads/catalogo2025/feminino/bone-13156/img_04.jpg, http://localhost:8080/wp-content/uploads/catalogo2025/feminino/bone-13156/img_05.jpg, http://localhost:8080/wp-content/uploads/catalogo2025/feminino/bone-13156/img_06.jpg, http://localhost:8080/wp-content/uploads/catalogo2025/feminino/bone-13156/img_07.jpg, http://localhost:8080/wp-content/uploads/catalogo2025/feminino/bone-13156/img_08.jpg, http://localhost:8080/wp-content/uploads/catalogo2025/feminino/bone-13156/img_09.jpg, http://localhost:8080/wp-content/uploads/catalogo2025/feminino/bone-13156/img_10.jpg",,,,"Paquet de 12 pcs assorties: 4*Noir, 2*Gris + 1 de chaque couleur","Paquet de 12 pcs assorties: 4*Noir, 2*Gris + 1 de chaque couleur",BONÉS DE INVERNO PARA MULHERES,BONÉS DE INVERNO PARA MULHERES,{},{},https://hologrammeparis.com/product/casquette-13156/,bone-13156
Boné – 2018016,BONÉS DE VERÃO PARA MULHERES,FEMININO,,,Ignorar (sem preço),Sem preço no Sheet (não importar),Cliente precisa informar preço no Sheet (regra solicitada: não importar sem preço).,0,0,0,,,,,,,,,BONÉS DE VERÃO PARA MULHERES,BONÉS DE VERÃO PARA MULHERES,"{""Cor"": ""Bordeaux ,"", ""Tamanho"": ""55 , 57"", ""Composição"": ""100% Algodão / Forro: 100% Poliéster"", ""Pack"": ""Pacote 24""}","{""COR"": ""Bordeaux ,"", ""TAMANHO"": ""55 , 57"", ""VENDIDO POR"": ""Pacote 24"", ""COMPOSIÇÃO"": ""100% Algodão / Forro: 100% Poliéster""}",https://hologrammeparis.com/product/casquette-2018016/,bone-2018016
Boné – 2018039,BOINA COM PALA INVERNO,FEMININO,,,Ignorar (sem preço),Sem preço no Sheet (não importar),Cliente precisa informar preço no Sheet (regra solicitada: não importar sem preço).,4,4,4,"images/feminino/bone-2018039/img_01.jpg, images/feminino/bone-2018039/img_02.jpg, images/feminino/bone-2018039/img_03.jpg, images/feminino/bone-2018039/img_04.jpg","images/cerimónia/bone-2018039/img_01.jpg, images/cerimónia/bone-2018039/img_02.jpg, images/cerimónia/bone-2018039/img_03.jpg, images/cerimónia/bone-2018039/img_04.jpg","http://localhost:8080/wp-content/uploads/catalogo2025/cerimónia/bone-2018039/img_01.jpg, http://localhost:8080/wp-content/uploads/catalogo2025/cerimónia/bone-2018039/img_02.jpg, http://localhost:8080/wp-content/uploads/catalogo2025/cerimónia/bone-2018039/img_03.jpg, http://localhost:8080/wp-content/uploads/catalogo2025/cerimónia/bone-2018039/img_04.jpg",low_resolution (533x800); low_resolution (533x800); low_resolution (533x800); low_resolution (533x800); low_resolution (533x800); low_resolution (533x800); low_resolution (533x800); low_resolution (533x800); low_resolution (533x800),,,"Paquet de 12 pcs assorties: 2*Gris Clair, 1*Gris Fonce, 1*Kaki, 1*Bordeaux, 1*Rouge, 2*Marine, 4*Noir","Paquet de 12 pcs assorties: 2*Gris Clair, 1*Gris Fonce, 1*Kaki, 1*Bordeaux, 1*Rouge, 2*Marine, 4*Noir","Fabricado na China, Mistura de lã","Fabricado na China, Mistura de lã","{""Cor"": ""Azul , Cinza , Cinza Escuro , Preto , Vermelho , Verde"", ""Tamanho"": ""56 , 58"", ""Composição"": ""5% Acrílico – 7% Fibra – 40% Lã – 48% Poliéster"", ""Pack"": ""Pacote 12""}","{""COR"": ""Azul , Cinza , Cinza Escuro , Preto , Vermelho , Verde"", ""TAMANHO"": ""56 , 58"", ""VENDIDO POR"": ""Pacote 12"", ""COMPOSIÇÃO"": ""5% Acrílico – 7% Fibra – 40% Lã – 48% Poliéster""}",https://hologrammeparis.com/product/casquette-2018039/,bone-2018039
Palha – 12511,CHAPÉUS DE PALHA FEMININOS,FEMININO,,,Ignorar (sem preço),Sem preço no Sheet (não importar),Cliente precisa informar preço no Sheet (regra solicitada: não importar sem preço).,2,2,2,"images/feminino/palha-12511/img_09.jpg, images/feminino/palha-12511/img_10.jpg","images/cerimónia/palha-12511/img_09.jpg, images/cerimónia/palha-12511/img_10.jpg","http://localhost:8080/wp-content/uploads/catalogo2025/cerimónia/palha-12511/img_09.jpg, http://localhost:8080/wp-content/uploads/catalogo2025/cerimónia/palha-12511/img_10.jpg",low_resolution (528x800); low_resolution (533x800); low_resolution (528x800); low_resolution (528x800); low_resolution (528x800); low_resolution (522x800); low_resolution (528x800); low_resolution (527x800),,,Découvrez notre Paille - 12511 au prix de grossiste pour votre boutique sur Hologramme Paris.,Découvrez notre Paille - 12511 au prix de grossiste pour votre boutique sur Hologramme Paris.,"Nossa versão Hologram Paris do chapéu de palha em forma de sino., Chapéu luxuoso tricotado em palha de ráfia extrafina ., Sólido, dobrável e intemporal., Palha 100% Ráfia","Nossa versão Hologram Paris do chapéu de palha em forma de sino.

Chapéu luxuoso tricotado em palha de ráfia extrafina .
Sólido, dobrável e intemporal.

Palha 100% Ráfia","{""Cor"": ""Camel , Cinza , Natural , Preto , Verde"", ""Tamanho"": ""Tamanho único"", ""Composição"": ""Palha 100% natural"", ""Pack"": ""Unitário""}","{""COR"": ""Camel , Cinza , Natural , Preto , Verde"", ""TAMANHO"": ""Tamanho único"", ""VENDIDO POR"": ""Unitário"", ""COMPOSIÇÃO"": ""Palha 100% natural""}",https://hologrammeparis.com/product/paille-12511/,palha-12511
Palha – 12512,CHAPÉUS DE PALHA FEMININOS,FEMININO,,,Ignorar (sem preço),Sem preço no Sheet (não importar),Cliente precisa informar preço no Sheet (regra solicitada: não importar sem preço).,4,4,4,"images/feminino/palha-12512/img_01.jpg, images/feminino/palha-12512/img_02.jpg, images/feminino/palha-12512/img_03.jpg, images/feminino/palha-12512/img_04.jpg","images/cerimónia/palha-12512/img_01.jpg, images/cerimónia/palha-12512/img_02.jpg, images/cerimónia/palha-12512/img_03.jpg, images/cerimónia/palha-12512/img_04.jpg","http://localhost:8080/wp-content/uploads/catalogo2025/cerimónia/palha-12512/img_01.jpg, http://localhost:8080/wp-content/uploads/catalogo2025/cerimónia/palha-12512/img_02.jpg, http://localhost:8080/wp-content/uploads/catalogo2025/cerimónia/palha-12512/img_03.jpg, http://localhost:8080/wp-content/uploads/catalogo2025/cerimónia/palha-12512/img_04.jpg",low_resolution (533x800); low_resolution (533x800); low_resolution (533x800); low_resolution (533x800); low_resolution (533x800); low_resolution (533x800),,,Découvrez notre Paille - 12512 au prix de grossiste pour votre boutique sur Hologramme Paris.,Découvrez notre Paille - 12512 au prix de grossiste pour votre boutique sur Hologramme Paris.,"Chapéu luxuoso tricotado em palha de ráfia extrafina ., Sólido, dobrável e intemporal., Palha 100% Ráfia","Nossa versão Hologram Paris do chapéu de palha em forma de sino.

Chapéu luxuoso tricotado em palha de ráfia extrafina .
Sólido, dobrável e intemporal.

Palha 100% Ráfia","{""Cor"": ""Preto, Verde, Natural"", ""Tamanho"": ""Tamanho único"", ""Composição"": ""Palha 100% natural"", ""Pack"": ""Unitário""}","{""COR"": ""Preto, Verde, Natural"", ""TAMANHO"": ""Tamanho único"", ""VENDIDO POR"": ""Unitário"", ""COMPOSIÇÃO"": ""Palha 100% natural""}",https://hologrammeparis.com/product/paille-12512/,palha-12512
Palha – 12517,CHAPÉUS DE PALHA FEMININOS,FEMININO,,,Ignorar (sem preço),Sem preço no Sheet (não importar),Cliente precisa informar preço no Sheet (regra solicitada: não importar sem preço).,12,12,12,"images/feminino/palha-12517/img_01.jpg, images/feminino/palha-12517/img_02.jpg, images/feminino/palha-12517/img_03.jpg, images/feminino/palha-12517/img_04.jpg, images/feminino/palha-12517/img_05.jpg, images/feminino/palha-12517/img_06.jpg, images/feminino/palha-12517/img_07.jpg, images/feminino/palha-12517/img_08.jpg, images/feminino/palha-12517/img_09.jpg, images/feminino/palha-12517/img_10.jpg, images/feminino/palha-12517/img_11.jpg, images/feminino/palha-12517/img_12.jpg","images/cerimónia/palha-12517/img_01.jpg, images/cerimónia/palha-12517/img_02.jpg, images/cerimónia/palha-12517/img_03.jpg, images/cerimónia/palha-12517/img_04.jpg, images/cerimónia/palha-12517/img_05.jpg, images/cerimónia/palha-12517/img_06.jpg, images/cerimónia/palha-12517/img_07.jpg, images/cerimónia/palha-12517/img_08.jpg, images/cerimónia/palha-12517/img_09.jpg, images/cerimónia/palha-12517/img_10.jpg, images/cerimónia/palha-12517/img_11.jpg, images/cerimónia/palha-12517/img_12.jpg","http://localhost:8080/wp-content/uploads/catalogo2025/cerimónia/palha-12517/img_01.jpg, http://localhost:8080/wp-content/uploads/catalogo2025/cerimónia/palha-12517/img_02.jpg, http://localhost:8080/wp-content/uploads/catalogo2025/cerimónia/palha-12517/img_03.jpg, http://localhost:8080/wp-content/uploads/catalogo2025/cerimónia/palha-12517/img_04.jpg, http://localhost:8080/wp-content/uploads/catalogo2025/cerimónia/palha-12517/img_05.jpg, http://localhost:8080/wp-content/uploads/catalogo2025/cerimónia/palha-12517/img_06.jpg, http://localhost:8080/wp-content/uploads/catalogo2025/cerimónia/palha-12517/img_07.jpg, http://localhost:8080/wp-content/uploads/catalogo2025/cerimónia/palha-12517/img_08.jpg, http://localhost:8080/wp-content/uploads/catalogo2025/cerimónia/palha-12517/img_09.jpg, http://localhost:8080/wp-content/uploads/catalogo2025/cerimónia/palha-12517/img_10.jpg, http://localhost:8080/wp-content/uploads/catalogo2025/cerimónia/palha-12517/img_11.jpg, http://localhost:8080/wp-content/uploads/catalogo2025/cerimónia/palha-12517/img_12.jpg",,,,"Paquet de 30 pcs assorties: 11*Beige, 7*Camel, 4*Vert, 4*Gris, 4*Noir il reste que du naturel","Paquet de 30 pcs assorties: 11*Beige, 7*Camel, 4*Vert, 4*Gris, 4*Noir il reste que du naturel","Chapéu luxuoso tricotado em palha de ráfia extrafina ., Sólido, dobrável e intemporal., Palha 100% Ráfia","Nossa versão Hologram Paris do chapéu de palha em forma de sino.

Chapéu luxuoso tricotado em palha de ráfia extrafina .
Sólido, dobrável e intemporal.

Palha 100% Ráfia","{""Cor"": ""Cinza, Verde, Natural"", ""Tamanho"": ""Tamanho único"", ""Composição"": ""Palha 100% natural"", ""Pack"": ""Unitário""}","{""COR"": ""Cinza, Verde, Natural"", ""TAMANHO"": ""Tamanho único"", ""VENDIDO POR"": ""Unitário"", ""COMPOSIÇÃO"": ""Palha 100% natural""}",https://hologrammeparis.com/product/paille-12517/,palha-12517
Palha – 12673,CHAPÉUS DE PALHA FEMININOS,FEMININO,,,Ignorar (sem preço),Sem preço no Sheet (não importar),Cliente precisa informar preço no Sheet (regra solicitada: não importar sem preço).,6,6,6,"images/feminino/palha-12673/img_01.jpg, images/feminino/palha-12673/img_02.jpg, images/feminino/palha-12673/img_03.jpg, images/feminino/palha-12673/img_04.jpg, images/feminino/palha-12673/img_05.jpg, images/feminino/palha-12673/img_06.jpg","images/cerimónia/palha-12673/img_01.jpg, images/cerimónia/palha-12673/img_02.jpg, images/cerimónia/palha-12673/img_03.jpg, images/cerimónia/palha-12673/img_04.jpg, images/cerimónia/palha-12673/img_05.jpg, images/cerimónia/palha-12673/img_06.jpg","http://localhost:8080/wp-content/uploads/catalogo2025/cerimónia/palha-12673/img_01.jpg, http://localhost:8080/wp-content/uploads/catalogo2025/cerimónia/palha-12673/img_02.jpg, http://localhost:8080/wp-content/uploads/catalogo2025/cerimónia/palha-12673/img_03.jpg, http://localhost:8080/wp-content/uploads/catalogo2025/cerimónia/palha-12673/img_04.jpg, http://localhost:8080/wp-content/uploads/catalogo2025/cerimónia/palha-12673/img_05.jpg, http://localhost:8080/wp-content/uploads/catalogo2025/cerimónia/palha-12673/img_06.jpg",,,,Découvrez notre Paille - 12673 au prix de grossiste pour votre boutique sur Hologramme Paris.,Découvrez notre Paille - 12673 au prix de grossiste pour votre boutique sur Hologramme Paris.,"Nossa versão Hologram Paris do chapéu de palha em forma de sino., Chapéu luxuoso tricotado em palha de ráfia extrafina ., Sólido, dobrável e intemporal., Palha 100% Ráfia","Nossa versão Hologram Paris do chapéu de palha em forma de sino.

Chapéu luxuoso tricotado em palha de ráfia extrafina .
Sólido, dobrável e intemporal.

Palha 100% Ráfia","{""Cor"": ""Natural, Preto"", ""Tamanho"": ""Tamanho único"", ""Composição"": ""Palha 100% natural"", ""Pack"": ""Unitário""}","{""COR"": ""Natural, Preto"", ""TAMANHO"": ""Tamanho único"", ""VENDIDO POR"": ""Unitário"", ""COMPOSIÇÃO"": ""Palha 100% natural""}",https://hologrammeparis.com/product/paille-12673/,palha-12673
Viseira – 23119,BONÉS DE VERÃO PARA MULHERES,FEMININO,,,Ignorar (sem preço),Sem preço no Sheet (não importar),Cliente precisa informar preço no Sheet (regra solicitada: não importar sem preço).,1,1,1,images/feminino/viseira-23119/img_01.jpg,images/cerimónia/viseira-23119/img_01.jpg,http://localhost:8080/wp-content/uploads/catalogo2025/cerimónia/viseira-23119/img_01.jpg,fallback_used_low_resolution (533x800); low_resolution (533x800); low_resolution (533x800); low_resolution (533x800); low_resolution (533x800); low_resolution (533x800); low_resolution (533x800),,,"Paquet de 30 pcs assorties: 2*Rose, 5*Orange, 5*Violet, 6*Bleu, 6*Beige, 6*Noir","Paquet de 30 pcs assorties: 2*Rose, 5*Orange, 5*Violet, 6*Bleu, 6*Beige, 6*Noir","SIZE, One size adjustable","SIZE	
One size adjustable","{""Cor"": ""Bege , Bordéus , Marinho , Preto , Rosa , Vermelho"", ""Composição"": ""100% Papel"", ""Pack"": ""Pacote 15""}","{""COR"": ""Bege , Bordéus , Marinho , Preto , Rosa , Vermelho"", ""VENDIDO POR"": ""Pacote 15"", ""COMPOSIÇÃO"": ""100% Papel""}",https://hologrammeparis.com/product/visiere-23119/,viseira-23119
bonnet-pierre-cardin,Bonnet – Pierre Cardin,GORROS,,,Ignorar (sem preço),Sem preço no Sheet (não importar),Cliente precisa informar preço no Sheet (regra solicitada: não importar sem preço).,3,3,3,"images/gorros/bonnet-pierre-cardin/img_01.jpg, images/gorros/bonnet-pierre-cardin/img_02.jpg, images/gorros/bonnet-pierre-cardin/img_03.jpg","images/gorros/bonnet-pierre-cardin/img_01.jpg, images/gorros/bonnet-pierre-cardin/img_02.jpg, images/gorros/bonnet-pierre-cardin/img_03.jpg","http://localhost:8080/wp-content/uploads/catalogo2025/gorros/bonnet-pierre-cardin/img_01.jpg, http://localhost:8080/wp-content/uploads/catalogo2025/gorros/bonnet-pierre-cardin/img_02.jpg, http://localhost:8080/wp-content/uploads/catalogo2025/gorros/bonnet-pierre-cardin/img_03.jpg",,,,Découvrez notre Bonnet - Pierre Cardin au prix de grossiste pour votre boutique sur Hologramme Paris.,Découvrez notre Bonnet - Pierre Cardin au prix de grossiste pour votre boutique sur Hologramme Paris.,"Gorro da marca Pierre Cardin, com uma textura suave e simples., Possui um grande reverso e exibe um emblema branco com o logo distintivo de Pierre Cardin, com um grande “P” estilizado em preto e a assinatura abaixo, Fabricado em um material quente e confortável, perfeito para um visual sóbrio de inverno.","Gorro da marca Pierre Cardin, com uma textura suave e simples.

Possui um grande reverso e exibe um emblema branco com o logo distintivo de Pierre Cardin, com um grande “P” estilizado em preto e a assinatura abaixo

Fabricado em um material quente e confortável, perfeito para um visual sóbrio de inverno.","{""Cor"": ""Branco, Camelo, Cinza, Preto"", ""Tamanho"": ""Tamanho Único"", ""Composição"": ""100% Acrílico / Forro: 100% Poliéster"", ""Pack"": ""Unitário""}","{""COR"": ""Branco, Camelo, Cinza, Preto"", ""TAMANHO"": ""Tamanho Único"", ""VENDIDO POR"": ""Unitário"", ""COMPOSIÇÃO"": ""100% Acrílico / Forro: 100% Poliéster""}",https://hologrammeparis.com/fr/product/bonnet-pierre-cardin-bonnet/,bonnet-pierre-cardin
Boné – 18161N Boné – 18161M,BOINA SEXTAVADA PELE,ARTIGOS EM PELE,89.90,89.90,Parcial,Imagens filtradas por baixa resolução,Reduzir limites MIN_WIDTH/MIN_HEIGHT ou buscar imagens em maior resolução.,1,1,1,images/artigos em pele/bone-18161n-bone-18161m/img_01.jpg,images/artigos em pele/bone-18161n-bone-18161m/img_01.jpg,http://localhost:8080/wp-content/uploads/catalogo2025/artigos%20em%20pele/bone-18161n-bone-18161m/img_01.jpg,fallback_used_low_resolution (533x800); low_resolution (533x800); low_resolution (533x800); low_resolution (533x800); low_resolution (533x800),,,Découvrez notre Casquette - 18161N au prix de grossiste pour votre boutique sur Hologramme Paris.,Découvrez notre Casquette - 18161N au prix de grossiste pour votre boutique sur Hologramme Paris.,"Fabricado na Itália, pele genuina","Fabricado na Itália, pele genuina","{""Cor"": ""Preto, Marrom"", ""Tamanho"": ""55 , 56 , 57 , 58 , 59 , 60 , 61"", ""Composição"": ""100% couro de vaca"", ""Pack"": ""Unitário""}","{""COR"": ""Preto, Marrom"", ""TAMANHO"": ""55 , 56 , 57 , 58 , 59 , 60 , 61"", ""VENDIDO POR"": ""Unitário"", ""COMPOSIÇÃO"": ""100% couro de vaca""}",https://hologrammeparis.com/product/casquette-18161n/,bone-18161n-bone-18161m
Gants – 17119,LUVAS MASCULINAS,ARTIGOS EM PELE,35.00,35.00,Parcial,Imagens filtradas por baixa resolução,Reduzir limites MIN_WIDTH/MIN_HEIGHT ou buscar imagens em maior resolução.,1,1,1,images/artigos em pele/gants-17119/img_01.jpg,images/artigos em pele/gants-17119/img_01.jpg,http://localhost:8080/wp-content/uploads/catalogo2025/artigos%20em%20pele/gants-17119/img_01.jpg,fallback_used_low_resolution (533x800); low_resolution (533x800); low_resolution (533x800); low_resolution (533x800); low_resolution (533x800),,,Découvrez notre Gants en cuir classique - 17119 au prix de grossiste pour votre boutique sur Hologramme Paris.,Découvrez notre Gants en cuir classique - 17119 au prix de grossiste pour votre boutique sur Hologramme Paris.,Etiqueta: LUVAS,Etiqueta: LUVAS,{},"{""COULEUR"": ""Camel, Marine, Marron, Noir"", ""TAILLE"": ""8, 8.5, 9, 9.5"", ""VENDU PAR"": ""Unitaire"", ""COMPOSITION"": ""100% Cuir d'Ovin / Doublure : 100% Polyester""}",https://hologrammeparis.com/product/gants-17119n/,gants-17119
Gants – 17120,LUVAS FEMININAS,ARTIGOS EM PELE,35.00,35.00,Parcial,Imagens filtradas por baixa resolução,Reduzir limites MIN_WIDTH/MIN_HEIGHT ou buscar imagens em maior resolução.,1,1,1,images/artigos em pele/gants-17120/img_01.jpg,images/artigos em pele/gants-17120/img_01.jpg,http://localhost:8080/wp-content/uploads/catalogo2025/artigos%20em%20pele/gants-17120/img_01.jpg,fallback_used_low_resolution (533x800); low_resolution (533x800); low_resolution (533x800); low_resolution (533x800); low_resolution (533x800); low_resolution (533x800); low_resolution (533x800); low_resolution (533x800); low_resolution (533x800); low_resolution (533x800),,,Découvrez notre Gants en cuir classique - 17120 au prix de grossiste pour votre boutique sur Hologramme Paris.,Découvrez notre Gants en cuir classique - 17120 au prix de grossiste pour votre boutique sur Hologramme Paris.,Etiqueta: LUVAS,Etiqueta: LUVAS,{},"{""COULEUR"": ""Bordeaux, Gris, Marine, Marron, Moutarde, Noir, Orange, Rouge, Taupe"", ""TAILLE"": ""6.5, 7, 7.5, 8"", ""VENDU PAR"": ""Unitaire"", ""COMPOSITION"": ""100% Cuir de Vachette""}",https://hologrammeparis.com/product/gants-17120n/?attribute_pa_couleur=marron,gants-17120
chapeu-australiano,CHAPEU AUSTRALIANO,ARTIGOS EM PELE,67.50,67.50,Parcial,Sem imagens no site; Produto não saiu no CSV WooCommerce,Incluir ao menos uma imagem antes do próximo import ou usar fotos do fornecedor. Regerar woocommerce_import_localhost.csv para incluir este produto.,0,0,0,,,,,,,,,Fabricado em Portugal,Fabricado em Portugal,{},{},,chapeu-australiano
Boné – 18074 Boné – 18074K Boné – 18074GC,BOINA PIEMONTE MIX WOOL,BOINAS INVERNO,29.90,29.90,Parcial,Imagens filtradas por baixa resolução,Reduzir limites MIN_WIDTH/MIN_HEIGHT ou buscar imagens em maior resolução.,13,13,13,"images/boinas inverno/bone-18074-bone-18074k-bone-18074gc/img_01.jpg, images/boinas inverno/bone-18074-bone-18074k-bone-18074gc/img_02.jpg, images/boinas inverno/bone-18074-bone-18074k-bone-18074gc/img_03.jpg, images/boinas inverno/bone-18074-bone-18074k-bone-18074gc/img_04.jpg, images/boinas inverno/bone-18074-bone-18074k-bone-18074gc/img_05.jpg, images/boinas inverno/bone-18074-bone-18074k-bone-18074gc/img_06.jpg, images/boinas inverno/bone-18074-bone-18074k-bone-18074gc/img_07.jpg, images/boinas inverno/bone-18074-bone-18074k-bone-18074gc/img_08.jpg, images/boinas inverno/bone-18074-bone-18074k-bone-18074gc/img_09.jpg, images/boinas inverno/bone-18074-bone-18074k-bone-18074gc/img_12.jpg, images/boinas inverno/bone-18074-bone-18074k-bone-18074gc/img_13.jpg, images/boinas inverno/bone-18074-bone-18074k-bone-18074gc/img_14.jpg, images/boinas inverno/bone-18074-bone-18074k-bone-18074gc/img_15.jpg","images/boinas inverno/bone-18074-bone-18074k-bone-18074gc/img_01.jpg, images/boinas inverno/bone-18074-bone-18074k-bone-18074gc/img_02.jpg, images/boinas inverno/bone-18074-bone-18074k-bone-18074gc/img_03.jpg, images/boinas inverno/bone-18074-bone-18074k-bone-18074gc/img_04.jpg, images/boinas inverno/bone-18074-bone-18074k-bone-18074gc/img_05.jpg, images/boinas inverno/bone-18074-bone-18074k-bone-18074gc/img_06.jpg, images/boinas inverno/bone-18074-bone-18074k-bone-18074gc/img_07.jpg, images/boinas inverno/bone-18074-bone-18074k-bone-18074gc/img_08.jpg, images/boinas inverno/bone-18074-bone-18074k-bone-18074gc/img_09.jpg, images/boinas inverno/bone-18074-bone-18074k-bone-18074gc/img_12.jpg, images/boinas inverno/bone-18074-bone-18074k-bone-18074gc/img_13.jpg, images/boinas inverno/bone-18074-bone-18074k-bone-18074gc/img_14.jpg, images/boinas inverno/bone-18074-bone-18074k-bone-18074gc/img_15.jpg","http://localhost:8080/wp-content/uploads/catalogo2025/boinas%20inverno/bone-18074-bone-18074k-bone-18074gc/img_01.jpg, http://localhost:8080/wp-content/uploads/catalogo2025/boinas%20inverno/bone-18074-bone-18074k-bone-18074gc/img_02.jpg, http://localhost:8080/wp-content/uploads/catalogo2025/boinas%20inverno/bone-18074-bone-18074k-bone-18074gc/img_03.jpg, http://localhost:8080/wp-content/uploads/catalogo2025/boinas%20inverno/bone-18074-bone-18074k-bone-18074gc/img_04.jpg, http://localhost:8080/wp-content/uploads/catalogo2025/boinas%20inverno/bone-18074-bone-18074k-bone-18074gc/img_05.jpg, http://localhost:8080/wp-content/uploads/catalogo2025/boinas%20inverno/bone-18074-bone-18074k-bone-18074gc/img_06.jpg, http://localhost:8080/wp-content/uploads/catalogo2025/boinas%20inverno/bone-18074-bone-18074k-bone-18074gc/img_07.jpg, http://localhost:8080/wp-content/uploads/catalogo2025/boinas%20inverno/bone-18074-bone-18074k-bone-18074gc/img_08.jpg, http://localhost:8080/wp-content/uploads/catalogo2025/boinas%20inverno/bone-18074-bone-18074k-bone-18074gc/img_09.jpg, http://localhost:8080/wp-content/uploads/catalogo2025/boinas%20inverno/bone-18074-bone-18074k-bone-18074gc/img_12.jpg, http://localhost:8080/wp-content/uploads/catalogo2025/boinas%20inverno/bone-18074-bone-18074k-bone-18074gc/img_13.jpg, http://localhost:8080/wp-content/uploads/catalogo2025/boinas%20inverno/bone-18074-bone-18074k-bone-18074gc/img_14.jpg, http://localhost:8080/wp-content/uploads/catalogo2025/boinas%20inverno/bone-18074-bone-18074k-bone-18074gc/img_15.jpg",low_resolution (533x800); low_resolution (533x800); low_resolution (533x800); low_resolution (533x800); low_resolution (533x800),,"Boina Piemonte com mistura de lã, fabricada na Itália",Découvrez notre Casquette - 18074BL au prix de grossiste pour votre boutique sur Hologramme Paris.,Découvrez notre Casquette - 18074BL au prix de grossiste pour votre boutique sur Hologramme Paris.,"Fabricado na Itália, Inverno","Fabricado na Itália, Inverno","{""Cor"": ""Azul, Verde, Cinza"", ""Tamanho"": ""55 , 56 , 57 , 58 , 59 , 60 , 61"", ""Composição"": ""35% Lã – 25% Poliéster – 20% Acrílico – 10% Algodão – 10% Poliamida"", ""Pack"": ""Unitário""}","{""COR"": ""Azul, Verde, Cinza"", ""TAMANHO"": ""55 , 56 , 57 , 58 , 59 , 60 , 61"", ""VENDIDO POR"": ""Unitário"", ""COMPOSIÇÃO"": ""35% Lã – 25% Poliéster – 20% Acrílico – 10% Algodão – 10% Poliamida""}",https://hologrammeparis.com/product/casquette-18074bl/,bone-18074-bone-18074k-bone-18074gc
Boné – 18106MI Boné – 18106K Boné – 18106G 18106MA,BOINA PIEMONTE BOMBAZINE,BOINAS INVERNO,27.50,27.50,Parcial,Imagens filtradas por baixa resolução,Reduzir limites MIN_WIDTH/MIN_HEIGHT ou buscar imagens em maior resolução.,1,1,1,images/boinas inverno/bone-18106mi-bone-18106k-bone-18106g-18106ma/img_01.jpg,images/boinas inverno/bone-18106mi-bone-18106k-bone-18106g-18106ma/img_01.jpg,http://localhost:8080/wp-content/uploads/catalogo2025/boinas%20inverno/bone-18106mi-bone-18106k-bone-18106g-18106ma/img_01.jpg,fallback_used_low_resolution (533x800); low_resolution (533x800); low_resolution (533x800); low_resolution (533x800); low_resolution (533x800); low_resolution (533x800); low_resolution (533x800); low_resolution (533x800); low_resolution (533x800); low_resolution (533x800); low_resolution (533x800); low_resolution (533x800); low_resolution (533x800); low_resolution (533x800); low_resolution (533x800); low_resolution (533x800); low_resolution (533x800); low_resolution (533x800); low_resolution (533x800); low_resolution (533x800); low_resolution (533x800); low_resolution (533x800); low_resolution (533x800); low_resolution (533x800); low_resolution (533x800); low_resolution (533x800); low_resolution (533x800); low_resolution (533x800),,"Boina Piemonte em 100% algodão bombazine, fabricada na Itália",Découvrez notre Casquette - 18106MI au prix de grossiste pour votre boutique sur Hologramme Paris.,Découvrez notre Casquette - 18106MI au prix de grossiste pour votre boutique sur Hologramme Paris.,"Rótulo: Fabricado na Itália, bombazine","Rótulo: Fabricado na Itália, bombazine","{""Cor"": ""Azul , Bege, Castanho, Cinza, Preto, Verde"", ""Tamanho"": ""55 , 56 , 57 , 58 , 59 , 60 , 61"", ""Composição"": ""100% algodão (BOMBAZINE)"", ""Pack"": ""Unitário""}","{""COR"": ""Azul , Bege, Castanho, Cinza, Preto, Verde"", ""TAMANHO"": ""55 , 56 , 57 , 58 , 59 , 60 , 61"", ""VENDIDO POR"": ""Unitário"", ""COMPOSIÇÃO"": ""100% algodão (BOMBAZINE)""}",https://hologrammeparis.com/product/casquette-18106e/,bone-18106mi-bone-18106k-bone-18106g-18106ma
Boné – 18153K,BOINA MISTURA DE LÃ QUADRADOS,BOINAS INVERNO,35.00,35.00,Parcial,Imagens filtradas por baixa resolução,Reduzir limites MIN_WIDTH/MIN_HEIGHT ou buscar imagens em maior resolução.,4,4,4,"images/boinas inverno/bone-18153k/img_01.jpg, images/boinas inverno/bone-18153k/img_02.jpg, images/boinas inverno/bone-18153k/img_03.jpg, images/boinas inverno/bone-18153k/img_04.jpg","images/boinas inverno/bone-18153k/img_01.jpg, images/boinas inverno/bone-18153k/img_02.jpg, images/boinas inverno/bone-18153k/img_03.jpg, images/boinas inverno/bone-18153k/img_04.jpg","http://localhost:8080/wp-content/uploads/catalogo2025/boinas%20inverno/bone-18153k/img_01.jpg, http://localhost:8080/wp-content/uploads/catalogo2025/boinas%20inverno/bone-18153k/img_02.jpg, http://localhost:8080/wp-content/uploads/catalogo2025/boinas%20inverno/bone-18153k/img_03.jpg, http://localhost:8080/wp-content/uploads/catalogo2025/boinas%20inverno/bone-18153k/img_04.jpg",low_resolution (533x800),,"Boina com mistura de lã e padrão quadrados, fabricada na Itália",Découvrez notre Casquette - 18153K au prix de grossiste pour votre boutique sur Hologramme Paris.,Découvrez notre Casquette - 18153K au prix de grossiste pour votre boutique sur Hologramme Paris.,Rótulo: Fabricado na Itália,Rótulo: Fabricado na Itália,"{""Cor"": ""Cáqui"", ""Tamanho"": ""55 , 56 , 57 , 58 , 59 , 60 , 61"", ""Composição"": ""16% Poliéster – 25% Acrílico – 59% Lã"", ""Pack"": ""Unitário""}","{""COR"": ""Cáqui"", ""TAMANHO"": ""55 , 56 , 57 , 58 , 59 , 60 , 61"", ""VENDIDO POR"": ""Unitário"", ""COMPOSIÇÃO"": ""16% Poliéster – 25% Acrílico – 59% Lã""}",https://hologrammeparis.com/product/casquette-18153k/,bone-18153k
Boné – 22174,BOINA OITAVADA HARRINGBONE,BOINAS INVERNO,29.90,29.90,Parcial,Sem imagens no site; Produto não saiu no CSV WooCommerce,Incluir ao menos uma imagem antes do próximo import ou usar fotos do fornecedor. Regerar woocommerce_import_localhost.csv para incluir este produto.,0,0,0,,,,,,Boina oitavada harringbone em lã e poliéster,,,"boina oitavada, Inverno, Mistura de lã","boina oitavada, Inverno, Mistura de lã","{""Cor"": ""Preto"", ""Tamanho"": ""57 , 59"", ""Composição"": ""50% Laine – 50% Polyester"", ""Pack"": ""Pacote 12""}","{""COR"": ""Preto"", ""TAMANHO"": ""57 , 59"", ""VENDIDO POR"": ""Pacote 12"", ""COMPOSIÇÃO"": ""50% Laine – 50% Polyester""}",https://hologrammeparis.com/product/casquette-22174/,bone-22174
Gorro – 344974 gorro de lã estilo bretão “Miki Docker” com aba de aperto traseira,CHAPÉUS MIKI / MARINHEIRO,BOINAS INVERNO,24.90,24.90,Parcial,Imagens filtradas por baixa resolução,Reduzir limites MIN_WIDTH/MIN_HEIGHT ou buscar imagens em maior resolução.,1,1,1,images/boinas inverno/gorro-344974-gorro-de-la-estilo-bretao-miki-docker-com-aba-de-aperto-traseira/img_01.jpg,images/boinas inverno/gorro-344974-gorro-de-la-estilo-bretao-miki-docker-com-aba-de-aperto-traseira/img_01.jpg,http://localhost:8080/wp-content/uploads/catalogo2025/boinas%20inverno/gorro-344974-gorro-de-la-estilo-bretao-miki-docker-com-aba-de-aperto-traseira/img_01.jpg,fallback_used_low_resolution (533x800); low_resolution (533x800); low_resolution (533x800); low_resolution (533x800); low_resolution (533x800),,"Gorro estilo bretão em lã merino, fabricado em Portugal",Découvrez notre Bonnet - 4974 Laine au prix de grossiste pour votre boutique sur Hologramme Paris.,Découvrez notre Bonnet - 4974 Laine au prix de grossiste pour votre boutique sur Hologramme Paris.,Etiqueta: Fabricado em Portugal,Etiqueta: Fabricado em Portugal,"{""Cor"": ""Borgonha , Camelo Claro , Camelo Escuro , Cinza Claro , Cinza Escuro , Cáqui , Marinho , Marrom , Marrom Escuro , Mostarda , Preto , Vermelho , Roxo"", ""Composição"": ""20% Poliamida – 80% Lã Merino"", ""Pack"": ""Unitário""}","{""COR"": ""Borgonha , Camelo Claro , Camelo Escuro , Cinza Claro , Cinza Escuro , Cáqui , Marinho , Marrom , Marrom Escuro , Mostarda , Preto , Vermelho , Roxo"", ""VENDIDO POR"": ""Unitário"", ""COMPOSIÇÃO"": ""20% Poliamida – 80% Lã Merino""}",https://hologrammeparis.com/product/bonnet-344974/?attribute_pa_couleur=gris-fonce,gorro-344974-gorro-de-la-estilo-bretao-miki-docker-com-aba-de-aperto-traseira
Gorro – Miki 22100 gorro de lã estilo bretão “Miki Docker” com aba de aperto traseira,CHAPÉUS MIKI / MARINHEIRO,BOINAS INVERNO,24.90,24.90,Parcial,Imagens filtradas por baixa resolução,Reduzir limites MIN_WIDTH/MIN_HEIGHT ou buscar imagens em maior resolução.,1,1,1,images/boinas inverno/gorro-miki-22100-gorro-de-la-estilo-bretao-miki-docker-com-aba-de-aperto-traseira/img_01.jpg,images/boinas inverno/gorro-miki-22100-gorro-de-la-estilo-bretao-miki-docker-com-aba-de-aperto-traseira/img_01.jpg,http://localhost:8080/wp-content/uploads/catalogo2025/boinas%20inverno/gorro-miki-22100-gorro-de-la-estilo-bretao-miki-docker-com-aba-de-aperto-traseira/img_01.jpg,low_resolution (533x800); low_resolution (533x800); low_resolution (533x800); low_resolution (533x800),,Gorro estilo bretão Miki Docker em lã com pata de aperto traseira,Notre version Hologramme Paris du « Miki Docker » Bonnet style breton en laine avec patte de serrage arrière Sobre et sans logo apparent,Notre version Hologramme Paris du « Miki Docker » Bonnet style breton en laine avec patte de serrage arrière Sobre et sans logo apparent,CHAPÉUS MIKI / MARINHEIRO,CHAPÉUS MIKI / MARINHEIRO,"{""Cor"": ""Azul celeste , camelo claro , camelo escuro , cinza escuro , cáqui , marinho , marrom , mostarda , preto , vermelho , verde"", ""Composição"": ""49% Viscose – 51% Lã"", ""Pack"": ""Unitário""}","{""COR"": ""Azul celeste , camelo claro , camelo escuro , cinza escuro , cáqui , marinho , marrom , mostarda , preto , vermelho , verde"", ""VENDIDO POR"": ""Unitário"", ""COMPOSIÇÃO"": ""49% Viscose – 51% Lã""}",https://hologrammeparis.com/product/bonnet-22100/,gorro-miki-22100-gorro-de-la-estilo-bretao-miki-docker-com-aba-de-aperto-traseira
HOLOGRAMME,BOINA SEXTAVADA PIERRE CARDIN,BOINAS INVERNO,65.00,8.00,Parcial,Tags divergentes; Preço divergente,Atualizar tags no catalogo.json/CSV para refletir o que foi aprovado no Sheet. Sincronizar preços entre Sheet e catalogo.json antes de gerar o CSV do WooCommerce.,4,4,4,"images/boinas inverno/hologramme/img_01.jpg, images/boinas inverno/hologramme/img_02.jpg, images/boinas inverno/hologramme/img_03.jpg, images/boinas inverno/hologramme/img_04.jpg","images/cowboy/hologramme/img_01.jpg, images/cowboy/hologramme/img_02.jpg, images/cowboy/hologramme/img_03.jpg, images/cowboy/hologramme/img_04.jpg","http://localhost:8080/wp-content/uploads/catalogo2025/cowboy/hologramme/img_01.jpg, http://localhost:8080/wp-content/uploads/catalogo2025/cowboy/hologramme/img_02.jpg, http://localhost:8080/wp-content/uploads/catalogo2025/cowboy/hologramme/img_03.jpg, http://localhost:8080/wp-content/uploads/catalogo2025/cowboy/hologramme/img_04.jpg",,,"COR        
Bege, Castanho, Verde, Azul, Bordo, Marinho

TAMANHO                
55 , 56 , 57 , 58 , 59 , 60 , 61

VENDIDO POR        
Pacote 24

COMPOSIÇÃO                
69% Poliéster – 31% Algodão / Forro 100% Algodão",Découvrez notre Casquette - Pierre Cardin Noir au prix de grossiste pour votre boutique sur Hologramme Paris.,Découvrez notre Casquette - Pierre Cardin Noir au prix de grossiste pour votre boutique sur Hologramme Paris.,"Fabricado na Itália, Inverno, pierre cardin",VISEIRA  FEMININA,{},"{""COR"": ""Pink, verde, preto, azul, bege, camel"", ""TAMANHO"": ""55 , 56 , 57 , 58 , 59 , 60 , 61"", ""COMPOSIÇÃO"": ""69% Poliéster – 31% Algodão / Forro 100% Algodão"", ""VENDIDO POR"": ""Pacote 24""}",https://hologrammeparis.com/fr/product/casquette-pierre-cardin-noir/,hologramme
Boné – 18110EC Boné – 18110OL,BOINA PIEMONTE LINHO E ALGODÃO,BOINAS VERÃO,27.50,27.50,Parcial,Imagens filtradas por baixa resolução,Reduzir limites MIN_WIDTH/MIN_HEIGHT ou buscar imagens em maior resolução.,8,8,8,"images/boinas verão/bone-18110ec-bone-18110ol/img_01.jpg, images/boinas verão/bone-18110ec-bone-18110ol/img_02.jpg, images/boinas verão/bone-18110ec-bone-18110ol/img_03.jpg, images/boinas verão/bone-18110ec-bone-18110ol/img_04.jpg, images/boinas verão/bone-18110ec-bone-18110ol/img_05.jpg, images/boinas verão/bone-18110ec-bone-18110ol/img_06.jpg, images/boinas verão/bone-18110ec-bone-18110ol/img_08.jpg, images/boinas verão/bone-18110ec-bone-18110ol/img_09.jpg","images/boinas verão/bone-18110ec-bone-18110ol/img_01.jpg, images/boinas verão/bone-18110ec-bone-18110ol/img_02.jpg, images/boinas verão/bone-18110ec-bone-18110ol/img_03.jpg, images/boinas verão/bone-18110ec-bone-18110ol/img_04.jpg, images/boinas verão/bone-18110ec-bone-18110ol/img_05.jpg, images/boinas verão/bone-18110ec-bone-18110ol/img_06.jpg, images/boinas verão/bone-18110ec-bone-18110ol/img_08.jpg, images/boinas verão/bone-18110ec-bone-18110ol/img_09.jpg","http://localhost:8080/wp-content/uploads/catalogo2025/boinas%20verão/bone-18110ec-bone-18110ol/img_01.jpg, http://localhost:8080/wp-content/uploads/catalogo2025/boinas%20verão/bone-18110ec-bone-18110ol/img_02.jpg, http://localhost:8080/wp-content/uploads/catalogo2025/boinas%20verão/bone-18110ec-bone-18110ol/img_03.jpg, http://localhost:8080/wp-content/uploads/catalogo2025/boinas%20verão/bone-18110ec-bone-18110ol/img_04.jpg, http://localhost:8080/wp-content/uploads/catalogo2025/boinas%20verão/bone-18110ec-bone-18110ol/img_05.jpg, http://localhost:8080/wp-content/uploads/catalogo2025/boinas%20verão/bone-18110ec-bone-18110ol/img_06.jpg, http://localhost:8080/wp-content/uploads/catalogo2025/boinas%20verão/bone-18110ec-bone-18110ol/img_08.jpg, http://localhost:8080/wp-content/uploads/catalogo2025/boinas%20verão/bone-18110ec-bone-18110ol/img_09.jpg",low_resolution (533x800); low_resolution (533x800); low_resolution (533x800),,"Boina Piemonte em linho e algodão, fabricada na Itália",Découvrez notre Casquette - 18110EC au prix de grossiste pour votre boutique sur Hologramme Paris.,Découvrez notre Casquette - 18110EC au prix de grossiste pour votre boutique sur Hologramme Paris.,Etiqueta: Fabricado em Italia,Etiqueta: Fabricado em Italia,"{""Cor"": ""Cru, Preto, Verde, Azul"", ""Tamanho"": ""54 , 55 , 56 , 57 , 58 , 59 , 60 , 61"", ""Composição"": ""50% Algodão – 50% Linho"", ""Pack"": ""Unitário""}","{""COR"": ""Cru, Preto, Verde, Azul"", ""TAMANHO"": ""54 , 55 , 56 , 57 , 58 , 59 , 60 , 61"", ""VENDIDO POR"": ""Unitário"", ""COMPOSIÇÃO"": ""50% Algodão – 50% Linho""}",https://hologrammeparis.com/product/casquette-18110ec/,bone-18110ec-bone-18110ol
Casquette – 18534N,"Étiquette : verão, Fabriqué en Italie, Linho, algodão",BOINAS VERÃO,37.50,37.50,Parcial,Sem imagens no site; Produto não saiu no CSV WooCommerce,Incluir ao menos uma imagem antes do próximo import ou usar fotos do fornecedor. Regerar woocommerce_import_localhost.csv para incluir este produto.,0,0,0,,,,,"Couleur        
Noir

Taille        
55, 56, 57, 58, 59, 60, 61

Vendu par        
Unitaire

Composition        
50% Coton – 50% Lin","Couleur        
Noir

Taille        
55, 56, 57, 58, 59, 60, 61

Vendu par        
Unitaire

Composition        
50% Coton – 50% Lin",,,"Étiquette : verão, Fabriqué en Italie, Linho, algodão","Étiquette : verão, Fabriqué en Italie, Linho, algodão",{},"{""COULEUR"": ""Noir"", ""TAILLE"": ""55, 56, 57, 58, 59, 60, 61"", ""VENDU PAR"": ""Unitaire"", ""COMPOSITION"": ""50% Coton – 50% Lin""}",,casquette-18534n
HOLOGRAMME,"Tag: Verão , Fabricado na Itália",BOINAS VERÃO,12.00,8.00,Parcial,Fotos incompletas vs Sheet; Tags divergentes; Especificações divergentes; Preço divergente,Rever validate_and_enrich.py para aceitar fallback (<800px) ou subir manualmente no WP. Atualizar tags no catalogo.json/CSV para refletir o que foi aprovado no Sheet. Completar especificações (Cor/Tamanho/Composição/Pack) antes do próximo import. Sincronizar preços entre Sheet e catalogo.json antes de gerar o CSV do WooCommerce.,8,4,4,"images/boinas verão/hologramme/img_01.jpg, images/boinas verão/hologramme/img_02.jpg, images/boinas verão/hologramme/img_03.jpg, images/boinas verão/hologramme/img_04.jpg, images/boinas verão/hologramme/img_05.jpg, images/boinas verão/hologramme/img_06.jpg, images/boinas verão/hologramme/img_07.jpg, images/boinas verão/hologramme/img_08.jpg","images/cowboy/hologramme/img_01.jpg, images/cowboy/hologramme/img_02.jpg, images/cowboy/hologramme/img_03.jpg, images/cowboy/hologramme/img_04.jpg","http://localhost:8080/wp-content/uploads/catalogo2025/cowboy/hologramme/img_01.jpg, http://localhost:8080/wp-content/uploads/catalogo2025/cowboy/hologramme/img_02.jpg, http://localhost:8080/wp-content/uploads/catalogo2025/cowboy/hologramme/img_03.jpg, http://localhost:8080/wp-content/uploads/catalogo2025/cowboy/hologramme/img_04.jpg",,"COR        
Bege, Castanho, Verde, Azul, Bordo, Marinho

TAMANHO                
55 , 56 , 57 , 58 , 59 , 60 , 61

VENDIDO POR        
Pacote 24

COMPOSIÇÃO                
69% Poliéster – 31% Algodão / Forro 100% Algodão","COR        
Bege, Castanho, Verde, Azul, Bordo, Marinho

TAMANHO                
55 , 56 , 57 , 58 , 59 , 60 , 61

VENDIDO POR        
Pacote 24

COMPOSIÇÃO                
69% Poliéster – 31% Algodão / Forro 100% Algodão",Découvrez notre Casquette - 18410BG au prix de grossiste pour votre boutique sur Hologramme Paris.,Découvrez notre Casquette - Pierre Cardin Noir au prix de grossiste pour votre boutique sur Hologramme Paris.,BOINA LINHO QUADRADOS,VISEIRA  FEMININA,"{""Cor"": ""Bege, Castanho, Verde, Azul, Bordo, Marinho"", ""Tamanho"": ""55 , 56 , 57 , 58 , 59 , 60 , 61"", ""Composição"": ""69% Poliéster – 31% Algodão / Forro 100% Algodão"", ""Pack"": ""Pacote 24""}","{""COR"": ""Pink, verde, preto, azul, bege, camel"", ""TAMANHO"": ""55 , 56 , 57 , 58 , 59 , 60 , 61"", ""COMPOSIÇÃO"": ""69% Poliéster – 31% Algodão / Forro 100% Algodão"", ""VENDIDO POR"": ""Pacote 24""}",https://hologrammeparis.com/product/casquette-18410bg/,hologramme
Casquette – 12448,BONÉS DE INVERNO PARA MULHERES,CERIMÓNIA,15.00,15.00,Parcial,Imagens filtradas por baixa resolução,Reduzir limites MIN_WIDTH/MIN_HEIGHT ou buscar imagens em maior resolução.,11,11,11,"images/cerimónia/casquette-12448/img_01.jpg, images/cerimónia/casquette-12448/img_02.jpg, images/cerimónia/casquette-12448/img_03.jpg, images/cerimónia/casquette-12448/img_04.jpg, images/cerimónia/casquette-12448/img_05.jpg, images/cerimónia/casquette-12448/img_06.jpg, images/cerimónia/casquette-12448/img_07.jpg, images/cerimónia/casquette-12448/img_08.jpg, images/cerimónia/casquette-12448/img_09.jpg, images/cerimónia/casquette-12448/img_10.jpg, images/cerimónia/casquette-12448/img_11.jpg","images/cerimónia/casquette-12448/img_01.jpg, images/cerimónia/casquette-12448/img_02.jpg, images/cerimónia/casquette-12448/img_03.jpg, images/cerimónia/casquette-12448/img_04.jpg, images/cerimónia/casquette-12448/img_05.jpg, images/cerimónia/casquette-12448/img_06.jpg, images/cerimónia/casquette-12448/img_07.jpg, images/cerimónia/casquette-12448/img_08.jpg, images/cerimónia/casquette-12448/img_09.jpg, images/cerimónia/casquette-12448/img_10.jpg, images/cerimónia/casquette-12448/img_11.jpg","http://localhost:8080/wp-content/uploads/catalogo2025/cerimónia/casquette-12448/img_01.jpg, http://localhost:8080/wp-content/uploads/catalogo2025/cerimónia/casquette-12448/img_02.jpg, http://localhost:8080/wp-content/uploads/catalogo2025/cerimónia/casquette-12448/img_03.jpg, http://localhost:8080/wp-content/uploads/catalogo2025/cerimónia/casquette-12448/img_04.jpg, http://localhost:8080/wp-content/uploads/catalogo2025/cerimónia/casquette-12448/img_05.jpg, http://localhost:8080/wp-content/uploads/catalogo2025/cerimónia/casquette-12448/img_06.jpg, http://localhost:8080/wp-content/uploads/catalogo2025/cerimónia/casquette-12448/img_07.jpg, http://localhost:8080/wp-content/uploads/catalogo2025/cerimónia/casquette-12448/img_08.jpg, http://localhost:8080/wp-content/uploads/catalogo2025/cerimónia/casquette-12448/img_09.jpg, http://localhost:8080/wp-content/uploads/catalogo2025/cerimónia/casquette-12448/img_10.jpg, http://localhost:8080/wp-content/uploads/catalogo2025/cerimónia/casquette-12448/img_11.jpg",low_resolution (533x800),,,"Paquet de 24 pcs assorties: 2*Moutarde, 2*Marron, 3*Bordeaux, 3*Marine, 3*Vert, 3*Bleu, 3*Taupe, 5*Noir","Paquet de 24 pcs assorties: 2*Moutarde, 2*Marron, 3*Bordeaux, 3*Marine, 3*Vert, 3*Bleu, 3*Taupe, 5*Noir","Fabricado na China, Tamanho ajustável","Fabricado na China, Tamanho ajustável","{""Cor"": ""2*Mostarda, 2*Marrom, 3*Bordéus, 3*Marinho, 3*Verde, 3*Azul, 3*Taupe, 5*Preto"", ""Tamanho"": ""Unico com ajuste (elástico)"", ""Composição"": ""100% PU""}","{""COR"": ""2*Mostarda, 2*Marrom, 3*Bordéus, 3*Marinho, 3*Verde, 3*Azul, 3*Taupe, 5*Preto"", ""TAMANHO"": ""Unico com ajuste (elástico)"", ""COMPOSIÇÃO"": ""100% PU""}",https://hologrammeparis.com/product/casquette-12448/,casquette-12448
Casquette – 22103,BONÉS DE INVERNO PARA MULHERES,CERIMÓNIA,14.00,14.00,Parcial,Imagens filtradas por baixa resolução,Reduzir limites MIN_WIDTH/MIN_HEIGHT ou buscar imagens em maior resolução.,4,4,4,"images/cerimónia/casquette-22103/img_01.jpg, images/cerimónia/casquette-22103/img_02.jpg, images/cerimónia/casquette-22103/img_03.jpg, images/cerimónia/casquette-22103/img_04.jpg","images/cerimónia/casquette-22103/img_01.jpg, images/cerimónia/casquette-22103/img_02.jpg, images/cerimónia/casquette-22103/img_03.jpg, images/cerimónia/casquette-22103/img_04.jpg","http://localhost:8080/wp-content/uploads/catalogo2025/cerimónia/casquette-22103/img_01.jpg, http://localhost:8080/wp-content/uploads/catalogo2025/cerimónia/casquette-22103/img_02.jpg, http://localhost:8080/wp-content/uploads/catalogo2025/cerimónia/casquette-22103/img_03.jpg, http://localhost:8080/wp-content/uploads/catalogo2025/cerimónia/casquette-22103/img_04.jpg",low_resolution (533x800); low_resolution (533x800); low_resolution (533x800); low_resolution (533x800); low_resolution (533x800); low_resolution (533x800); low_resolution (533x800); low_resolution (533x800); low_resolution (533x800); low_resolution (533x800); low_resolution (533x800); low_resolution (533x800); low_resolution (533x800); low_resolution (533x800); low_resolution (533x800),,,Paquet de 24 pcs assorties: 2 pcs de chaque couleur,Paquet de 24 pcs assorties: 2 pcs de chaque couleur,"Fabricado na China, Mistura de lã","Fabricado na China, Mistura de lã","{""Cor"": ""Preto"", ""Tamanho"": ""Unico"", ""Composição"": ""50% Polyester – 50% Laine""}","{""COR"": ""Preto"", ""TAMANHO"": ""Unico"", ""COMPOSIÇÃO"": ""50% Polyester – 50% Laine""}",https://hologrammeparis.com/product/casquette-22103/,casquette-22103
casquete,CASQUETE,CERIMÓNIA,1.00,1.00,Parcial,Sem imagens no site; Produto não saiu no CSV WooCommerce,Incluir ao menos uma imagem antes do próximo import ou usar fotos do fornecedor. Regerar woocommerce_import_localhost.csv para incluir este produto.,0,0,0,,,,,,,,,COM FITA AJUSTÁVEL,COM FITA AJUSTÁVEL,{},{},,casquete
chapeu-cerimonia-flores,CHAPÉU CERIMÓNIA FLORES,CERIMÓNIA,3.00,3.00,Parcial,Sem imagens no site; Produto não saiu no CSV WooCommerce,Incluir ao menos uma imagem antes do próximo import ou usar fotos do fornecedor. Regerar woocommerce_import_localhost.csv para incluir este produto.,0,0,0,,,,,,,,,COM FITA AJUSTÁVEL,COM FITA AJUSTÁVEL,{},{},,chapeu-cerimonia-flores
chapeu-cerimonia-perolas,CHAPÉU CERIMÓNIA PERÓLAS,CERIMÓNIA,2.00,2.00,Parcial,Sem imagens no site; Produto não saiu no CSV WooCommerce,Incluir ao menos uma imagem antes do próximo import ou usar fotos do fornecedor. Regerar woocommerce_import_localhost.csv para incluir este produto.,0,0,0,,,,,,,,,COM FITA AJUSTÁVEL,COM FITA AJUSTÁVEL,{},{},,chapeu-cerimonia-perolas
Bob – 2018120,CHAPÉU SAFARI,CHAPÉUS EM TECIDO,19.90,19.90,Parcial,Imagens filtradas por baixa resolução,Reduzir limites MIN_WIDTH/MIN_HEIGHT ou buscar imagens em maior resolução.,1,1,1,images/chapéus em tecido/bob-2018120/img_01.jpg,images/chapéus em tecido/bob-2018120/img_01.jpg,http://localhost:8080/wp-content/uploads/catalogo2025/chapéus%20em%20tecido/bob-2018120/img_01.jpg,fallback_used_low_resolution (533x800); low_resolution (533x800); low_resolution (533x800); low_resolution (533x800); low_resolution (533x800); low_resolution (533x800); low_resolution (533x800); low_resolution (533x800); low_resolution (533x800); low_resolution (533x800); low_resolution (533x800); low_resolution (533x800),,,"Paquet de 24 pcs assorties: 3*Noir, 3*Marine, 2*Kaki, 2*Bordeaux, 2*Rouge, 2*Rouille, 2*Bleu Royal, 2*Gris, 2*Moutarde, 2*Beige, 1*Camel, 1*Marron Clair","Paquet de 24 pcs assorties: 3*Noir, 3*Marine, 2*Kaki, 2*Bordeaux, 2*Rouge, 2*Rouille, 2*Bleu Royal, 2*Gris, 2*Moutarde, 2*Beige, 1*Camel, 1*Marron Clair",CHAPÉU SAFARI,CHAPÉU SAFARI,"{""Cor"": ""Beige Clair, Bleu, Bordeaux, Camel, Gris, Jaune, Kaki Clair, Kaki Fonce, Marine, Noir, Orange, Rouge"", ""Tamanho"": ""57 , 59"", ""Composição"": ""100% algodão"", ""Pack"": ""Pacote 24""}","{""COR"": ""Beige Clair, Bleu, Bordeaux, Camel, Gris, Jaune, Kaki Clair, Kaki Fonce, Marine, Noir, Orange, Rouge"", ""TAMANHO"": ""57 , 59"", ""VENDIDO POR"": ""Pacote 24"", ""COMPOSIÇÃO"": ""100% algodão""}",https://hologrammeparis.com/product/bob-2018120/,bob-2018120
Bob – 2018121,BUCKT HAT ALGODÃO,CHAPÉUS EM TECIDO,14.90,14.90,Parcial,Imagens filtradas por baixa resolução,Reduzir limites MIN_WIDTH/MIN_HEIGHT ou buscar imagens em maior resolução.,1,1,1,images/chapéus em tecido/bob-2018121/img_01.jpg,images/chapéus em tecido/bob-2018121/img_01.jpg,http://localhost:8080/wp-content/uploads/catalogo2025/chapéus%20em%20tecido/bob-2018121/img_01.jpg,fallback_used_low_resolution (533x800); low_resolution (533x800); low_resolution (533x800); low_resolution (533x800); low_resolution (533x800); low_resolution (533x800); low_resolution (533x800); low_resolution (533x800); low_resolution (533x800); low_resolution (533x800); low_resolution (533x800); low_resolution (533x800); low_resolution (533x800); low_resolution (533x800); low_resolution (533x800),,,"Paquet de 24 pcs assorties: 3*Noir, 3*Marine, 2*Orange, 2*Beige, 2*Bleu Royal, 2*Moutarde, 2*Kaki, 2*Gris, 2*Bordeaux, 2*Rouge, 1*Camel, 1*Marron Clair","Paquet de 24 pcs assorties: 3*Noir, 3*Marine, 2*Orange, 2*Beige, 2*Bleu Royal, 2*Moutarde, 2*Kaki, 2*Gris, 2*Bordeaux, 2*Rouge, 1*Camel, 1*Marron Clair",BUCKT HAT ALGODÃO,BUCKT HAT ALGODÃO,"{""Cor"": ""Bege Claro , Azul , Borgonha , Camelo , Cinza , Amarelo , Cáqui Claro , Cáqui Escuro , Marinho , Preto , Laranja , Vermelho"", ""Tamanho"": ""57 , 59"", ""Composição"": ""100% algodão"", ""Pack"": ""Pacote 24""}","{""COR"": ""Bege Claro , Azul , Borgonha , Camelo , Cinza , Amarelo , Cáqui Claro , Cáqui Escuro , Marinho , Preto , Laranja , Vermelho"", ""TAMANHO"": ""57 , 59"", ""VENDIDO POR"": ""Pacote 24"", ""COMPOSIÇÃO"": ""100% algodão""}",https://hologrammeparis.com/product/bob-2018121/,bob-2018121
bucket-hat-reversivel,BUCKET HAT REVERSIVEL,CHAPÉUS EM TECIDO,19.90,19.90,Parcial,Sem imagens no site; Produto não saiu no CSV WooCommerce,Incluir ao menos uma imagem antes do próximo import ou usar fotos do fornecedor. Regerar woocommerce_import_localhost.csv para incluir este produto.,0,0,0,,,,,,,,,Etiqueta:  reversível,Etiqueta:  reversível,"{""Cor"": ""Dversos"", ""Tamanho"": ""UNICO (57.5)"", ""Composição"": ""30% algodão 70% poliester"", ""Pack"": ""UNIDADE""}","{""COR"": ""Dversos"", ""TAMANHO"": ""UNICO (57.5)"", ""VENDIDO POR"": ""UNIDADE"", ""COMPOSIÇÃO"": ""30% algodão 70% poliester""}",,bucket-hat-reversivel
"Chapéu Impermeável – Art 181054 (Pack 12) Tags: Fabricado na Itália , Lã Esmagável Impermeável",CHAPÉUS DE LÃ ITALIANA,CHAPÉUS LÃ,67.50,67.50,Parcial,Imagens filtradas por baixa resolução,Reduzir limites MIN_WIDTH/MIN_HEIGHT ou buscar imagens em maior resolução.,1,1,1,images/chapéus lã/chapeu-impermeavel-art-181054-pack-12-tags-fabricado-na-italia-la-esmagavel-impermeavel/img_01.jpg,images/chapéus lã/chapeu-impermeavel-art-181054-pack-12-tags-fabricado-na-italia-la-esmagavel-impermeavel/img_01.jpg,http://localhost:8080/wp-content/uploads/catalogo2025/chapéus%20lã/chapeu-impermeavel-art-181054-pack-12-tags-fabricado-na-italia-la-esmagavel-impermeavel/img_01.jpg,fallback_used_low_resolution (533x800); low_resolution (533x800); low_resolution (533x800); low_resolution (533x800); low_resolution (533x800),"2*55, 2*56, 3*57, 3*58, 2*59 (ou 1*60 e 2*58)","2*55, 2*56, 3*57, 3*58, 2*59 (ou 1*60 e 2*58)","Notre version Hologramme Paris du ""Fedora imperméable et indéformable"" Chapeau avec une ceinture marron, 100 g de pure laine Waterproof Crushable.","Notre version Hologramme Paris du ""Fedora imperméable et indéformable"" Chapeau avec une ceinture marron, 100 g de pure laine Waterproof Crushable.","Fabricado na Itália, Lã, Esmagável, Impermeável","Fabricado na Itália, Lã, Esmagável, Impermeável","{""Cor"": ""Sortido"", ""Tamanho"": ""55 , 56 , 57 , 58 , 59 , 60"", ""Composição"": ""100% Lã"", ""Pack"": ""Pacote 12""}","{""COR"": ""Sortido"", ""TAMANHO"": ""55 , 56 , 57 , 58 , 59 , 60"", ""VENDIDO POR"": ""Pacote 12"", ""COMPOSIÇÃO"": ""100% Lã""}",https://hologrammeparis.com/product/chapeau-waterproof-art-181054-pack-12/,chapeu-impermeavel-art-181054-pack-12-tags-fabricado-na-italia-la-esmagavel-impermeavel
"Chapéu Impermeável – Art 181056 Tags: Fabricado na Itália , Lã, Esmagável, Impermeável",CHAPÉUS DE LÃ IMPERMEÁVEL,CHAPÉUS LÃ,49.90,49.90,Parcial,Imagens filtradas por baixa resolução,Reduzir limites MIN_WIDTH/MIN_HEIGHT ou buscar imagens em maior resolução.,1,1,1,images/chapéus lã/chapeu-impermeavel-art-181056-tags-fabricado-na-italia-la-esmagavel-impermeavel/img_01.jpg,images/chapéus lã/chapeu-impermeavel-art-181056-tags-fabricado-na-italia-la-esmagavel-impermeavel/img_01.jpg,http://localhost:8080/wp-content/uploads/catalogo2025/chapéus%20lã/chapeu-impermeavel-art-181056-tags-fabricado-na-italia-la-esmagavel-impermeavel/img_01.jpg,fallback_used_low_resolution (533x800); low_resolution (533x800); low_resolution (533x800); low_resolution (533x800); low_resolution (533x800),,,"Paquet de 12 pcs assorties: 2*55, 2*56, 3*57, 3*58, 2*59 (ou 1*60 et 2*58) Pour l’achat à l’unité de ce produit, c’est ici: https://hologrammeparis.com/product/chapeau-art-181056/","Paquet de 12 pcs assorties: 2*55, 2*56, 3*57, 3*58, 2*59 (ou 1*60 et 2*58) Pour l’achat à l’unité de ce produit, c’est ici: https://hologrammeparis.com/product/chapeau-art-181056/",CHAPÉUS DE LÃ IMPERMEÁVEL,CHAPÉUS DE LÃ IMPERMEÁVEL,"{""Cor"": ""Sortido"", ""Tamanho"": ""55 , 56 , 57 , 58 , 59 , 60"", ""Composição"": ""100% Lã"", ""Pack"": ""Pacote 12""}","{""COR"": ""Sortido"", ""TAMANHO"": ""55 , 56 , 57 , 58 , 59 , 60"", ""VENDIDO POR"": ""Pacote 12"", ""COMPOSIÇÃO"": ""100% Lã""}",https://hologrammeparis.com/product/chapeau-waterproof-art-181056-pack-12/,chapeu-impermeavel-art-181056-tags-fabricado-na-italia-la-esmagavel-impermeavel
Chapéu – Art 970 (Pack 12),CHAPÉU DE LÃ TRILBY,CHAPÉUS LÃ,29.90,29.90,Parcial,Imagens filtradas por baixa resolução,Reduzir limites MIN_WIDTH/MIN_HEIGHT ou buscar imagens em maior resolução.,1,1,1,images/chapéus lã/chapeu-art-970-pack-12/img_01.jpg,images/chapéus lã/chapeu-art-970-pack-12/img_01.jpg,http://localhost:8080/wp-content/uploads/catalogo2025/chapéus%20lã/chapeu-art-970-pack-12/img_01.jpg,fallback_used_low_resolution (533x800); low_resolution (533x800); low_resolution (533x800); low_resolution (533x800); low_resolution (533x800); low_resolution (533x800),,,"Paquet de 12 pcs assorties: 2*55, 2*56, 3*57, 3*58, 2*59 (ou 1*60 et 2*58) Pour l’achat à l’unité de ce produit, c’est ici: https://hologrammeparis.com/product/chapeau-art-970/","Paquet de 12 pcs assorties: 2*55, 2*56, 3*57, 3*58, 2*59 (ou 1*60 et 2*58) Pour l’achat à l’unité de ce produit, c’est ici: https://hologrammeparis.com/product/chapeau-art-970/","Fabricado na Itália, Lã Pura","Fabricado na Itália, Lã Pura","{""Cor"": ""Sortido"", ""Tamanho"": ""54, 55 , 56 , 57 , 58 , 59 , 60"", ""Composição"": ""100% Lã"", ""Pack"": ""Pacote 12""}","{""COR"": ""Sortido"", ""TAMANHO"": ""54, 55 , 56 , 57 , 58 , 59 , 60"", ""VENDIDO POR"": ""Pacote 12"", ""COMPOSIÇÃO"": ""100% Lã""}",https://hologrammeparis.com/product/chapeau-art-970-pack-12/,chapeu-art-970-pack-12
"Tags: Fabricado na Itália , Lã Pura",CHAPEU FEDORA INDIANA,CHAPÉUS LÃ,35.00,35.00,Parcial,Imagens filtradas por baixa resolução; Tags divergentes,Reduzir limites MIN_WIDTH/MIN_HEIGHT ou buscar imagens em maior resolução. Atualizar tags no catalogo.json/CSV para refletir o que foi aprovado no Sheet.,1,1,1,images/chapéus lã/tags-fabricado-na-italia-la-pura/img_01.jpg,images/chapéus lã/tags-fabricado-na-italia-la-pura/img_01.jpg,http://localhost:8080/wp-content/uploads/catalogo2025/chapéus%20lã/tags-fabricado-na-italia-la-pura/img_01.jpg,fallback_used_low_resolution (533x800); low_resolution (533x800); low_resolution (533x800); low_resolution (533x800); low_resolution (533x800); low_resolution (533x800); low_resolution (533x800); low_resolution (533x800),,,"Notre version Hologramme Paris du ""Fedora classique"" Chapeau avec une ceinture contrastante marron, 100 g de pure laine. Sobre et sans logo apparent. 100% Laine et fabrication italienne","Notre version Hologramme Paris du ""Fedora classique"" Chapeau avec une ceinture contrastante marron, 100 g de pure laine. Sobre et sans logo apparent. 100% Laine et fabrication italienne","Nossa versão Hologram Paris do “Fedora clássico”, Chapéu com faixa marrom contrastante, 100 g de pura lã., Sóbrio e sem logótipo visível., 100% lã e fabricação italiana","Nossa versão Hologram Paris do “Fedora clássico”

Chapéu com fita tom sobre tom, 100 g de pura lã.

Sóbrio e sem logótipo visível.

100% lã e fabricação italiana","{""Cor"": ""Sortido"", ""Tamanho"": ""55 , 56 , 57 , 58 , 59 , 60 , 61 , 62"", ""Composição"": ""100% Lã"", ""Pack"": ""Pacote 12""}","{""COR"": ""Sortido"", ""TAMANHO"": ""55 , 56 , 57 , 58 , 59 , 60 , 61 , 62"", ""VENDIDO POR"": ""Pacote 12"", ""COMPOSIÇÃO"": ""100% Lã""}",https://hologrammeparis.com/product/chapeau-art-02-pack-12/,tags-fabricado-na-italia-la-pura
"Tags: Fabricado na Itália , Lã Pura",CHAPEU FEDORA,CHAPÉUS LÃ,35.00,35.00,Parcial,Imagens filtradas por baixa resolução; Tags divergentes,Reduzir limites MIN_WIDTH/MIN_HEIGHT ou buscar imagens em maior resolução. Atualizar tags no catalogo.json/CSV para refletir o que foi aprovado no Sheet.,1,1,1,images/chapéus lã/tags-fabricado-na-italia-la-pura/img_01.jpg,images/chapéus lã/tags-fabricado-na-italia-la-pura/img_01.jpg,http://localhost:8080/wp-content/uploads/catalogo2025/chapéus%20lã/tags-fabricado-na-italia-la-pura/img_01.jpg,fallback_used_low_resolution (533x800); low_resolution (533x800); low_resolution (533x800); low_resolution (533x800); low_resolution (533x800); low_resolution (533x800); low_resolution (533x800); low_resolution (533x800),,,"Notre version Hologramme Paris du ""Fedora classique"" Chapeau avec un Ruban ton sur ton, 100 g de pure laine. Sobre et sans logo apparent.","Notre version Hologramme Paris du ""Fedora classique"" Chapeau avec une ceinture contrastante marron, 100 g de pure laine. Sobre et sans logo apparent. 100% Laine et fabrication italienne","Nossa versão Hologram Paris do “Fedora clássico”, Chapéu com fita tom sobre tom, 100 g de pura lã., Sóbrio e sem logótipo visível., 100% lã e fabricação italiana","Nossa versão Hologram Paris do “Fedora clássico”

Chapéu com fita tom sobre tom, 100 g de pura lã.

Sóbrio e sem logótipo visível.

100% lã e fabricação italiana","{""Cor"": ""Sortido"", ""Tamanho"": ""55 , 56 , 57 , 58 , 59 , 60 , 61 , 62"", ""Composição"": ""100% Lã"", ""Pack"": ""Pacote 12""}","{""COR"": ""Sortido"", ""TAMANHO"": ""55 , 56 , 57 , 58 , 59 , 60 , 61 , 62"", ""VENDIDO POR"": ""Pacote 12"", ""COMPOSIÇÃO"": ""100% Lã""}",https://hologrammeparis.com/product/chapeau-art-01-gros-grain-pack-12/,tags-fabricado-na-italia-la-pura
VELEN,BASEBALL CAP,CORTIÇA,29.90,45.00,Parcial,Tags divergentes; Preço divergente,Atualizar tags no catalogo.json/CSV para refletir o que foi aprovado no Sheet. Sincronizar preços entre Sheet e catalogo.json antes de gerar o CSV do WooCommerce.,1,1,1,images/cortiça/velen/img_01.jpg,images/cortiça/velen/img_01.jpg,http://localhost:8080/wp-content/uploads/catalogo2025/cortiça/velen/img_01.jpg,,,,"Boné Vegan estilo basebol de cortiça. 100% Eco-Friendly, produzido em Portugal. Leve, prático e resistente. Montado - Cortiça com Arte.","Boné Vegan estilo basebol de cortiça. 100% Eco-Friendly, produzido em Portugal. Leve, prático e resistente. Montado - Cortiça com Arte.","Boné Vegan estilo basebol de cortiça. Na confeção deste boné não foi usado nenhum material de origem animal., - Produto Vegan produzido em Portugal com cortiça Portuguesa., - Eco-Friendly, duradouro, repelente da água e suave ao toque., - Pode ser limpo com água e sabão neutro.","Chapéu tirolês em cortiça. Na confecção deste chapéu não foi usado nenhum material de origem animal.

– Chapéu tirolês, 100% cortiça

– Produto sustentável.

– Produto produzido em Portugal com cortiça Portuguesa.

– Duradouro, eco-Friendly e resistente à água.

– Pode ser limpo com água e sabão neutro.

– Cor da peça em exibição: Natural.","{""Cor"": ""Natural"", ""Tamanho"": ""55 , 56 , 57 , 58 , 59 , 60 , 61"", ""Composição"": ""100%"", ""Pack"": ""Unitário""}","{""COULEUR"": ""Natural"", ""TAILLE"": ""54, 55 , 56 , 57 , 58 , 59 , 60 , 61, 62, 63"", ""VENDU PAR"": ""Unitaire"", ""COMPOSITION"": ""100%"", ""COR"": ""Natural"", ""TAMANHO"": ""55 , 56 , 57 , 58 , 59 , 60 , 61"", ""COMPOSIÇÃO"": ""100%"", ""VENDIDO POR"": ""Unitário""}",https://www.montado.pt/produto/bone-de-cortica-natural,velen
VELEN,BOINA COM REDE,CORTIÇA,35.00,45.00,Parcial,Tags divergentes; Preço divergente,Atualizar tags no catalogo.json/CSV para refletir o que foi aprovado no Sheet. Sincronizar preços entre Sheet e catalogo.json antes de gerar o CSV do WooCommerce.,0,1,1,,images/cortiça/velen/img_01.jpg,http://localhost:8080/wp-content/uploads/catalogo2025/cortiça/velen/img_01.jpg,,,,,"Boné Vegan estilo basebol de cortiça. 100% Eco-Friendly, produzido em Portugal. Leve, prático e resistente. Montado - Cortiça com Arte.","Boina bico de pato com rede lateral, em cortiça. Na confecção desta boina não foi usado nenhum material de origem animal., – Boina bico de pato, 100% cortiça, – Produto sustentável., – Produto produzido em Portugal com cortiça Portuguesa., – Duradouro, eco-Friendly e resistente à água., – Pode ser limpo com água e sabão neutro.","Chapéu tirolês em cortiça. Na confecção deste chapéu não foi usado nenhum material de origem animal.

– Chapéu tirolês, 100% cortiça

– Produto sustentável.

– Produto produzido em Portugal com cortiça Portuguesa.

– Duradouro, eco-Friendly e resistente à água.

– Pode ser limpo com água e sabão neutro.

– Cor da peça em exibição: Natural.",{},"{""COULEUR"": ""Natural"", ""TAILLE"": ""54, 55 , 56 , 57 , 58 , 59 , 60 , 61, 62, 63"", ""VENDU PAR"": ""Unitaire"", ""COMPOSITION"": ""100%"", ""COR"": ""Natural"", ""TAMANHO"": ""55 , 56 , 57 , 58 , 59 , 60 , 61"", ""COMPOSIÇÃO"": ""100%"", ""VENDIDO POR"": ""Unitário""}",https://vips-velen.pt/?product=boina-bico-de-pato-com-rede-lateral-em-cortica,velen
VELEN,CHAPEU COWBOY EM CORTIÇA,CORTIÇA,65.00,45.00,Parcial,Tags divergentes; Preço divergente,Atualizar tags no catalogo.json/CSV para refletir o que foi aprovado no Sheet. Sincronizar preços entre Sheet e catalogo.json antes de gerar o CSV do WooCommerce.,0,1,1,,images/cortiça/velen/img_01.jpg,http://localhost:8080/wp-content/uploads/catalogo2025/cortiça/velen/img_01.jpg,,,,,"Boné Vegan estilo basebol de cortiça. 100% Eco-Friendly, produzido em Portugal. Leve, prático e resistente. Montado - Cortiça com Arte.","Na confecção deste chapéu não foi usado nenhum material de origem animal., – Chapéu cowboy, 100% cortiça, – Produto sustentável., – Produto produzido em Portugal com cortiça Portuguesa., – Duradouro, eco-Friendly e resistente à água., – Pode ser limpo com água e sabão neutro.","Chapéu tirolês em cortiça. Na confecção deste chapéu não foi usado nenhum material de origem animal.

– Chapéu tirolês, 100% cortiça

– Produto sustentável.

– Produto produzido em Portugal com cortiça Portuguesa.

– Duradouro, eco-Friendly e resistente à água.

– Pode ser limpo com água e sabão neutro.

– Cor da peça em exibição: Natural.",{},"{""COULEUR"": ""Natural"", ""TAILLE"": ""54, 55 , 56 , 57 , 58 , 59 , 60 , 61, 62, 63"", ""VENDU PAR"": ""Unitaire"", ""COMPOSITION"": ""100%"", ""COR"": ""Natural"", ""TAMANHO"": ""55 , 56 , 57 , 58 , 59 , 60 , 61"", ""COMPOSIÇÃO"": ""100%"", ""VENDIDO POR"": ""Unitário""}",https://vips-velen.pt/?product=chapeu-cowboy-em-cortica,velen
VELEN,PANAMA EM CORTIÇA,CORTIÇA,35.00,45.00,Parcial,Tags divergentes; Preço divergente,Atualizar tags no catalogo.json/CSV para refletir o que foi aprovado no Sheet. Sincronizar preços entre Sheet e catalogo.json antes de gerar o CSV do WooCommerce.,0,1,1,,images/cortiça/velen/img_01.jpg,http://localhost:8080/wp-content/uploads/catalogo2025/cortiça/velen/img_01.jpg,,,,,"Boné Vegan estilo basebol de cortiça. 100% Eco-Friendly, produzido em Portugal. Leve, prático e resistente. Montado - Cortiça com Arte.","Panamá em cortiça. Na confecção deste panamá não foi usado nenhum material de origem animal., – Panamá, 100% cortiça, – Produto sustentável., – Produto produzido em Portugal com cortiça Portuguesa., – Duradouro, eco-Friendly e resistente à água., – Pode ser limpo com água e sabão neutro.","Chapéu tirolês em cortiça. Na confecção deste chapéu não foi usado nenhum material de origem animal.

– Chapéu tirolês, 100% cortiça

– Produto sustentável.

– Produto produzido em Portugal com cortiça Portuguesa.

– Duradouro, eco-Friendly e resistente à água.

– Pode ser limpo com água e sabão neutro.

– Cor da peça em exibição: Natural.",{},"{""COULEUR"": ""Natural"", ""TAILLE"": ""54, 55 , 56 , 57 , 58 , 59 , 60 , 61, 62, 63"", ""VENDU PAR"": ""Unitaire"", ""COMPOSITION"": ""100%"", ""COR"": ""Natural"", ""TAMANHO"": ""55 , 56 , 57 , 58 , 59 , 60 , 61"", ""COMPOSIÇÃO"": ""100%"", ""VENDIDO POR"": ""Unitário""}",https://vips-velen.pt/?product=panama-em-cortica,velen
VELEN,CHAPÉU DE COWBOY EM CORTIÇA COM REDE,CORTIÇA,59.90,45.00,Parcial,Tags divergentes; Preço divergente,Atualizar tags no catalogo.json/CSV para refletir o que foi aprovado no Sheet. Sincronizar preços entre Sheet e catalogo.json antes de gerar o CSV do WooCommerce.,0,1,1,,images/cortiça/velen/img_01.jpg,http://localhost:8080/wp-content/uploads/catalogo2025/cortiça/velen/img_01.jpg,,,,,"Boné Vegan estilo basebol de cortiça. 100% Eco-Friendly, produzido em Portugal. Leve, prático e resistente. Montado - Cortiça com Arte.","Chapéu de cowboy com rede, base em cortiça e acabamentos em pele genuína e algodão., – Produto sustentável., – Produto produzido em Portugal com cortiça Portuguesa., – Duradouro, eco-Friendly e resistente à água., – Pode ser limpo com água e sabão neutro., – Cor da peça em exibição: Natural.","Chapéu tirolês em cortiça. Na confecção deste chapéu não foi usado nenhum material de origem animal.

– Chapéu tirolês, 100% cortiça

– Produto sustentável.

– Produto produzido em Portugal com cortiça Portuguesa.

– Duradouro, eco-Friendly e resistente à água.

– Pode ser limpo com água e sabão neutro.

– Cor da peça em exibição: Natural.",{},"{""COULEUR"": ""Natural"", ""TAILLE"": ""54, 55 , 56 , 57 , 58 , 59 , 60 , 61, 62, 63"", ""VENDU PAR"": ""Unitaire"", ""COMPOSITION"": ""100%"", ""COR"": ""Natural"", ""TAMANHO"": ""55 , 56 , 57 , 58 , 59 , 60 , 61"", ""COMPOSIÇÃO"": ""100%"", ""VENDIDO POR"": ""Unitário""}",https://vips-velen.pt/?product=chapeu-de-cowboy-em-cortica-com-rede-beige,velen
VELEN,CHAPÉU DE COWBOY EM CORTIÇA COM REDE,CORTIÇA,35.00,45.00,Parcial,Tags divergentes; Preço divergente,Atualizar tags no catalogo.json/CSV para refletir o que foi aprovado no Sheet. Sincronizar preços entre Sheet e catalogo.json antes de gerar o CSV do WooCommerce.,0,1,1,,images/cortiça/velen/img_01.jpg,http://localhost:8080/wp-content/uploads/catalogo2025/cortiça/velen/img_01.jpg,,,,,"Boné Vegan estilo basebol de cortiça. 100% Eco-Friendly, produzido em Portugal. Leve, prático e resistente. Montado - Cortiça com Arte.","Chapéu safari em cortiça. Na confecção deste chapéu não foi usado nenhum material de origem animal., – Chapéu safari, 100% cortiça, – Produto sustentável., – Produto produzido em Portugal com cortiça Portuguesa., – Duradouro, eco-Friendly e resistente à água., – Pode ser limpo com água e sabão neutro., – Cor da peça em exibição: Natural.","Chapéu tirolês em cortiça. Na confecção deste chapéu não foi usado nenhum material de origem animal.

– Chapéu tirolês, 100% cortiça

– Produto sustentável.

– Produto produzido em Portugal com cortiça Portuguesa.

– Duradouro, eco-Friendly e resistente à água.

– Pode ser limpo com água e sabão neutro.

– Cor da peça em exibição: Natural.",{},"{""COULEUR"": ""Natural"", ""TAILLE"": ""54, 55 , 56 , 57 , 58 , 59 , 60 , 61, 62, 63"", ""VENDU PAR"": ""Unitaire"", ""COMPOSITION"": ""100%"", ""COR"": ""Natural"", ""TAMANHO"": ""55 , 56 , 57 , 58 , 59 , 60 , 61"", ""COMPOSIÇÃO"": ""100%"", ""VENDIDO POR"": ""Unitário""}",https://vips-velen.pt/?product=chapeu-safari-em-cortica,velen
VELEN,CHAPÉU TIROLÊS EM CORTIÇA,CORTIÇA,45.00,45.00,Parcial,Tags divergentes,Atualizar tags no catalogo.json/CSV para refletir o que foi aprovado no Sheet.,0,1,1,,images/cortiça/velen/img_01.jpg,http://localhost:8080/wp-content/uploads/catalogo2025/cortiça/velen/img_01.jpg,,,,,"Boné Vegan estilo basebol de cortiça. 100% Eco-Friendly, produzido em Portugal. Leve, prático e resistente. Montado - Cortiça com Arte.","Chapéu tirolês em cortiça. Na confecção deste chapéu não foi usado nenhum material de origem animal., – Chapéu tirolês, 100% cortiça, – Produto sustentável., – Produto produzido em Portugal com cortiça Portuguesa., – Duradouro, eco-Friendly e resistente à água., – Pode ser limpo com água e sabão neutro., – Cor da peça em exibição: Natural.","Chapéu tirolês em cortiça. Na confecção deste chapéu não foi usado nenhum material de origem animal.

– Chapéu tirolês, 100% cortiça

– Produto sustentável.

– Produto produzido em Portugal com cortiça Portuguesa.

– Duradouro, eco-Friendly e resistente à água.

– Pode ser limpo com água e sabão neutro.

– Cor da peça em exibição: Natural.",{},"{""COULEUR"": ""Natural"", ""TAILLE"": ""54, 55 , 56 , 57 , 58 , 59 , 60 , 61, 62, 63"", ""VENDU PAR"": ""Unitaire"", ""COMPOSITION"": ""100%"", ""COR"": ""Natural"", ""TAMANHO"": ""55 , 56 , 57 , 58 , 59 , 60 , 61"", ""COMPOSIÇÃO"": ""100%"", ""VENDIDO POR"": ""Unitário""}",https://vips-velen.pt/?product=chapeu-tiroles-em-cortica,velen
chapeu-cowboy,CHAPÉU COWBOY,COWBOY,1.00,2.00,Parcial,Sem imagens no site; Preço divergente; Produto não saiu no CSV WooCommerce,Incluir ao menos uma imagem antes do próximo import ou usar fotos do fornecedor. Sincronizar preços entre Sheet e catalogo.json antes de gerar o CSV do WooCommerce. Regerar woocommerce_import_localhost.csv para incluir este produto.,0,0,0,,,,,,,,,CHAPÉU COWBOY,CHAPÉU COWBOY,"{""Cor"": ""Sortido"", ""Tamanho"": ""UNICO""}","{""COR"": ""Sortido"", ""TAMANHO"": ""UNICO""}",,chapeu-cowboy
chapeu-cowboy,CHAPÉU COWBOY,COWBOY,2.00,2.00,Parcial,Sem imagens no site; Produto não saiu no CSV WooCommerce,Incluir ao menos uma imagem antes do próximo import ou usar fotos do fornecedor. Regerar woocommerce_import_localhost.csv para incluir este produto.,0,0,0,,,,,,,,,CHAPÉU COWBOY,CHAPÉU COWBOY,"{""Cor"": ""Sortido"", ""Tamanho"": ""UNICO""}","{""COR"": ""Sortido"", ""TAMANHO"": ""UNICO""}",,chapeu-cowboy
chapeu colonial pith helmet,CHAPEU COLONIAL,DIVERSOS,45.00,45.00,Parcial,Sem imagens no site; Produto não saiu no CSV WooCommerce,Incluir ao menos uma imagem antes do próximo import ou usar fotos do fornecedor. Regerar woocommerce_import_localhost.csv para incluir este produto.,0,0,0,,,,,,,,,CHAPEU COLONIAL,CHAPEU COLONIAL,"{""Cor"": ""Verde, bege, castanho claro, castanho"", ""Tamanho"": ""unico com ajuste"", ""Composição"": ""1-tecido externo e plástico interno ou 2-papel""}","{""COR"": ""Verde, bege, castanho claro, castanho"", ""TAMANHO"": ""unico com ajuste"", ""COMPOSIÇÃO"": ""1-tecido externo e plástico interno ou 2-papel""}",,chapeu-colonial-pith-helmet
Boina Clássica – 5020,BOINA CLÁSSICA / BERET,FEMININO,14.90,,Parcial,Imagens filtradas por baixa resolução; Tags divergentes; Preço divergente,Reduzir limites MIN_WIDTH/MIN_HEIGHT ou buscar imagens em maior resolução. Atualizar tags no catalogo.json/CSV para refletir o que foi aprovado no Sheet. Sincronizar preços entre Sheet e catalogo.json antes de gerar o CSV do WooCommerce.,3,3,3,"images/feminino/boina-classica-5020/img_01.jpg, images/feminino/boina-classica-5020/img_06.jpg, images/feminino/boina-classica-5020/img_07.jpg","images/cerimónia/boina-classica-5020/img_01.jpg, images/cerimónia/boina-classica-5020/img_06.jpg, images/cerimónia/boina-classica-5020/img_07.jpg","http://localhost:8080/wp-content/uploads/catalogo2025/cerimónia/boina-classica-5020/img_01.jpg, http://localhost:8080/wp-content/uploads/catalogo2025/cerimónia/boina-classica-5020/img_06.jpg, http://localhost:8080/wp-content/uploads/catalogo2025/cerimónia/boina-classica-5020/img_07.jpg",low_resolution (533x800); low_resolution (533x800); low_resolution (533x800); low_resolution (533x800),,,"Notre version Hologramme Paris du ""Béret Uni classique"" Sobre, intemporel et sans logo apparent. 75g de Laine grattée et rasée *les nouvelles couleurs sont à 90% laine.","Notre version Hologramme Paris du ""Béret Uni classique"" Sobre, intemporel et sans logo apparent. 75g de Laine grattée et rasée *les nouvelles couleurs sont à 90% laine.","Nossa versão holográfica parisiense da “boina lisa clássica”, Sóbrio, intemporal e sem logótipo visível., 75g de lã escovada e raspada","Nossa versão holográfica parisiense da “boina lisa clássica”

Sóbrio, intemporal e sem logótipo visível.

75g de lã escovada e raspada","{""Composição"": ""100% Lã"", ""Pack"": ""Unitário""}","{""VENDIDO POR"": ""Unitário"", ""COMPOSIÇÃO"": ""100% Lã""}",https://hologrammeparis.com/product/beret-5020/?attribute_pa_couleur=beige-na1302,boina-classica-5020
Boné – 12625,BOINA COM PALA ALGODÃO,FEMININO,24.90,,Parcial,Imagens filtradas por baixa resolução; Tags divergentes; Preço divergente,Reduzir limites MIN_WIDTH/MIN_HEIGHT ou buscar imagens em maior resolução. Atualizar tags no catalogo.json/CSV para refletir o que foi aprovado no Sheet. Sincronizar preços entre Sheet e catalogo.json antes de gerar o CSV do WooCommerce.,7,7,7,"images/feminino/bone-12625/img_03.jpg, images/feminino/bone-12625/img_04.jpg, images/feminino/bone-12625/img_05.jpg, images/feminino/bone-12625/img_06.jpg, images/feminino/bone-12625/img_07.jpg, images/feminino/bone-12625/img_08.jpg, images/feminino/bone-12625/img_10.jpg","images/cerimónia/bone-12625/img_03.jpg, images/cerimónia/bone-12625/img_04.jpg, images/cerimónia/bone-12625/img_05.jpg, images/cerimónia/bone-12625/img_06.jpg, images/cerimónia/bone-12625/img_07.jpg, images/cerimónia/bone-12625/img_08.jpg, images/cerimónia/bone-12625/img_10.jpg","http://localhost:8080/wp-content/uploads/catalogo2025/cerimónia/bone-12625/img_03.jpg, http://localhost:8080/wp-content/uploads/catalogo2025/cerimónia/bone-12625/img_04.jpg, http://localhost:8080/wp-content/uploads/catalogo2025/cerimónia/bone-12625/img_05.jpg, http://localhost:8080/wp-content/uploads/catalogo2025/cerimónia/bone-12625/img_06.jpg, http://localhost:8080/wp-content/uploads/catalogo2025/cerimónia/bone-12625/img_07.jpg, http://localhost:8080/wp-content/uploads/catalogo2025/cerimónia/bone-12625/img_08.jpg, http://localhost:8080/wp-content/uploads/catalogo2025/cerimónia/bone-12625/img_10.jpg",low_resolution (533x800); low_resolution (533x800); low_resolution (533x800); low_resolution (533x800); low_resolution (533x800); low_resolution (533x800); low_resolution (533x800),,,"Paquet de 24 pcs assorties: 2*Rouge, 2*Vert, 2*Bleu Ciel, 4*Camel, 4*Ecru, 3*Blanc, 3*Beige, 3*Marine, 1*Gris","Paquet de 24 pcs assorties: 2*Rouge, 2*Vert, 2*Bleu Ciel, 4*Camel, 4*Ecru, 3*Blanc, 3*Beige, 3*Marine, 1*Gris",BOINA COM PALA ALGODÃO,BONÉS DE VERÃO PARA MULHERES,"{""Cor"": ""Bege , Branco , Camelo , Cinza , Marinho , Vermelho"", ""Tamanho"": ""56 , 58"", ""Composição"": ""7% Viscose – 33% Algodão – 60% Poliéster"", ""Pack"": ""Pacote 24""}","{""COR"": ""Bege , Branco , Camelo , Cinza , Marinho , Vermelho"", ""TAMANHO"": ""56 , 58"", ""VENDIDO POR"": ""Pacote 24"", ""COMPOSIÇÃO"": ""7% Viscose – 33% Algodão – 60% Poliéster""}",https://hologrammeparis.com/product/casquette-12625/,bone-12625
Casquette – 12448,BONÉS DE INVERNO PARA MULHERES,FEMININO,15.00,15.00,Parcial,Imagens filtradas por baixa resolução,Reduzir limites MIN_WIDTH/MIN_HEIGHT ou buscar imagens em maior resolução.,11,11,11,"images/feminino/casquette-12448/img_01.jpg, images/feminino/casquette-12448/img_02.jpg, images/feminino/casquette-12448/img_03.jpg, images/feminino/casquette-12448/img_04.jpg, images/feminino/casquette-12448/img_05.jpg, images/feminino/casquette-12448/img_06.jpg, images/feminino/casquette-12448/img_07.jpg, images/feminino/casquette-12448/img_08.jpg, images/feminino/casquette-12448/img_09.jpg, images/feminino/casquette-12448/img_10.jpg, images/feminino/casquette-12448/img_11.jpg","images/cerimónia/casquette-12448/img_01.jpg, images/cerimónia/casquette-12448/img_02.jpg, images/cerimónia/casquette-12448/img_03.jpg, images/cerimónia/casquette-12448/img_04.jpg, images/cerimónia/casquette-12448/img_05.jpg, images/cerimónia/casquette-12448/img_06.jpg, images/cerimónia/casquette-12448/img_07.jpg, images/cerimónia/casquette-12448/img_08.jpg, images/cerimónia/casquette-12448/img_09.jpg, images/cerimónia/casquette-12448/img_10.jpg, images/cerimónia/casquette-12448/img_11.jpg","http://localhost:8080/wp-content/uploads/catalogo2025/cerimónia/casquette-12448/img_01.jpg, http://localhost:8080/wp-content/uploads/catalogo2025/cerimónia/casquette-12448/img_02.jpg, http://localhost:8080/wp-content/uploads/catalogo2025/cerimónia/casquette-12448/img_03.jpg, http://localhost:8080/wp-content/uploads/catalogo2025/cerimónia/casquette-12448/img_04.jpg, http://localhost:8080/wp-content/uploads/catalogo2025/cerimónia/casquette-12448/img_05.jpg, http://localhost:8080/wp-content/uploads/catalogo2025/cerimónia/casquette-12448/img_06.jpg, http://localhost:8080/wp-content/uploads/catalogo2025/cerimónia/casquette-12448/img_07.jpg, http://localhost:8080/wp-content/uploads/catalogo2025/cerimónia/casquette-12448/img_08.jpg, http://localhost:8080/wp-content/uploads/catalogo2025/cerimónia/casquette-12448/img_09.jpg, http://localhost:8080/wp-content/uploads/catalogo2025/cerimónia/casquette-12448/img_10.jpg, http://localhost:8080/wp-content/uploads/catalogo2025/cerimónia/casquette-12448/img_11.jpg",low_resolution (533x800),,,"Paquet de 24 pcs assorties: 2*Moutarde, 2*Marron, 3*Bordeaux, 3*Marine, 3*Vert, 3*Bleu, 3*Taupe, 5*Noir","Paquet de 24 pcs assorties: 2*Moutarde, 2*Marron, 3*Bordeaux, 3*Marine, 3*Vert, 3*Bleu, 3*Taupe, 5*Noir","Fabricado na China, Tamanho ajustável","Fabricado na China, Tamanho ajustável","{""Cor"": ""2*Mostarda, 2*Marrom, 3*Bordéus, 3*Marinho, 3*Verde, 3*Azul, 3*Taupe, 5*Preto"", ""Tamanho"": ""Unico com ajuste (elástico)"", ""Composição"": ""100% PU""}","{""COR"": ""2*Mostarda, 2*Marrom, 3*Bordéus, 3*Marinho, 3*Verde, 3*Azul, 3*Taupe, 5*Preto"", ""TAMANHO"": ""Unico com ajuste (elástico)"", ""COMPOSIÇÃO"": ""100% PU""}",https://hologrammeparis.com/product/casquette-12448/,casquette-12448
Casquette – 22103,BOINA COM PALA INVERNO,FEMININO,24.90,14.00,Parcial,Imagens filtradas por baixa resolução; Especificações divergentes; Preço divergente,Reduzir limites MIN_WIDTH/MIN_HEIGHT ou buscar imagens em maior resolução. Completar especificações (Cor/Tamanho/Composição/Pack) antes do próximo import. Sincronizar preços entre Sheet e catalogo.json antes de gerar o CSV do WooCommerce.,4,4,4,"images/feminino/casquette-22103/img_01.jpg, images/feminino/casquette-22103/img_02.jpg, images/feminino/casquette-22103/img_03.jpg, images/feminino/casquette-22103/img_04.jpg","images/cerimónia/casquette-22103/img_01.jpg, images/cerimónia/casquette-22103/img_02.jpg, images/cerimónia/casquette-22103/img_03.jpg, images/cerimónia/casquette-22103/img_04.jpg","http://localhost:8080/wp-content/uploads/catalogo2025/cerimónia/casquette-22103/img_01.jpg, http://localhost:8080/wp-content/uploads/catalogo2025/cerimónia/casquette-22103/img_02.jpg, http://localhost:8080/wp-content/uploads/catalogo2025/cerimónia/casquette-22103/img_03.jpg, http://localhost:8080/wp-content/uploads/catalogo2025/cerimónia/casquette-22103/img_04.jpg",low_resolution (533x800); low_resolution (533x800); low_resolution (533x800); low_resolution (533x800); low_resolution (533x800); low_resolution (533x800); low_resolution (533x800); low_resolution (533x800); low_resolution (533x800); low_resolution (533x800); low_resolution (533x800); low_resolution (533x800); low_resolution (533x800); low_resolution (533x800); low_resolution (533x800),,,Paquet de 24 pcs assorties: 2 pcs de chaque couleur,Paquet de 24 pcs assorties: 2 pcs de chaque couleur,"Fabricado na China, Mistura de lã","Fabricado na China, Mistura de lã","{""Cor"": ""Sortidas"", ""Tamanho"": ""56, 58"", ""Composição"": ""50% Polyester – 50% Laine""}","{""COR"": ""Preto"", ""TAMANHO"": ""Unico"", ""COMPOSIÇÃO"": ""50% Polyester – 50% Laine""}",https://hologrammeparis.com/product/casquette-22103/,casquette-22103
Gorro – 5942F Bonnet – 5942C,CHAPÉU LÃ HARMONICO,FEMININO,19.90,19.90,Parcial,Imagens filtradas por baixa resolução,Reduzir limites MIN_WIDTH/MIN_HEIGHT ou buscar imagens em maior resolução.,1,1,1,images/feminino/gorro-5942f-bonnet-5942c/img_01.jpg,images/feminino/gorro-5942f-bonnet-5942c/img_01.jpg,http://localhost:8080/wp-content/uploads/catalogo2025/feminino/gorro-5942f-bonnet-5942c/img_01.jpg,fallback_used_low_resolution (533x800); low_resolution (533x800); low_resolution (533x800); low_resolution (533x800); low_resolution (533x800); low_resolution (533x800); low_resolution (533x800),,,"Paquet de 12 pcs assorties: 1*Prune, 2*Bordeaux, 1*Marron, 3*Noir, 1*Camel, 1*Gris Fonce, 2*Marine, 1*Kaki","Paquet de 12 pcs assorties: 1*Prune, 2*Bordeaux, 1*Marron, 3*Noir, 1*Camel, 1*Gris Fonce, 2*Marine, 1*Kaki",Lã Pura,Lã Pura,"{""Cor"": ""Sortido"", ""Tamanho"": ""UNICO"", ""Composição"": ""100% Lã"", ""Pack"": ""Pacote 12""}","{""COR"": ""Sortido"", ""TAMANHO"": ""UNICO"", ""VENDIDO POR"": ""Pacote 12"", ""COMPOSIÇÃO"": ""100% Lã""}",https://hologrammeparis.com/product/bonnet-5942f/,gorro-5942f-bonnet-5942c
Palha – 12403,CHAPÉUS DE PALHA FEMININOS,FEMININO,3.00,3.00,Parcial,Sem imagens no site; Produto não saiu no CSV WooCommerce,Incluir ao menos uma imagem antes do próximo import ou usar fotos do fornecedor. Regerar woocommerce_import_localhost.csv para incluir este produto.,0,0,0,,,,,,,,,"Fabricado na China, Tamanho ajustável","Fabricado na China, Tamanho ajustável","{""Cor"": ""Camel , Marrom , Mostarda , Rosa , Verde"", ""Tamanho"": ""Tamanho único"", ""Pack"": ""Pacote 15""}","{""COR"": ""Camel , Marrom , Mostarda , Rosa , Verde"", ""TAMANHO"": ""Tamanho único"", ""VENDIDO POR"": ""Pacote 15""}",https://hologrammeparis.com/product/paille-12403/,palha-12403
chapeu-cloche,CHAPEU CLOCHE,FEMININO,35.00,35.00,Parcial,Sem imagens no site; Produto não saiu no CSV WooCommerce,Incluir ao menos uma imagem antes do próximo import ou usar fotos do fornecedor. Regerar woocommerce_import_localhost.csv para incluir este produto.,0,0,0,,,,,,,,,CHAPEU CLOCHE,CHAPEU CLOCHE,"{""Cor"": ""DIVERSOS"", ""Tamanho"": ""UNICO AJUSTÁVEL"", ""Composição"": ""PAPEL"", ""Pack"": ""UNIDADE""}","{""COR"": ""DIVERSOS"", ""TAMANHO"": ""UNICO AJUSTÁVEL"", ""VENDIDO POR"": ""UNIDADE"", ""COMPOSIÇÃO"": ""PAPEL""}",,chapeu-cloche
Chapka – 6064,GORRO USHANKA,GORROS,1.00,1.00,Parcial,Imagens filtradas por baixa resolução,Reduzir limites MIN_WIDTH/MIN_HEIGHT ou buscar imagens em maior resolução.,1,1,1,images/gorros/chapka-6064/img_01.jpg,images/gorros/chapka-6064/img_01.jpg,http://localhost:8080/wp-content/uploads/catalogo2025/gorros/chapka-6064/img_01.jpg,fallback_used_low_resolution (300x300),,,Hologramme est un grossiste de Toques et Chapkas avec 40 ans d’expérience. Découvrez nos collections de chapeaux en fourrure au tarif de gros.,Hologramme est un grossiste de Toques et Chapkas avec 40 ans d’expérience. Découvrez nos collections de chapeaux en fourrure au tarif de gros.,Fabricado na China,Fabricado na China,"{""Cor"": ""Bege , Camelo , Cáqui , Marrom , Preto"", ""Tamanho"": ""57 , 59"", ""Composição"": ""100% Poliéster / Forro: 100% Poliéster"", ""Pack"": ""Pacote 12""}","{""COR"": ""Bege , Camelo , Cáqui , Marrom , Preto"", ""TAMANHO"": ""57 , 59"", ""VENDIDO POR"": ""Pacote 12"", ""COMPOSIÇÃO"": ""100% Poliéster / Forro: 100% Poliéster""}",https://hologrammeparis.com/product-category/chapellerie/collection-hiver/chapeaux-hiver/toques-chapkas/,chapka-6064
Chapéu – 49171,CHAPÉU CHAPKA IMPERMEÁVEL,GORROS,2.00,3.00,Parcial,Imagens filtradas por baixa resolução; Especificações divergentes; Preço divergente,Reduzir limites MIN_WIDTH/MIN_HEIGHT ou buscar imagens em maior resolução. Completar especificações (Cor/Tamanho/Composição/Pack) antes do próximo import. Sincronizar preços entre Sheet e catalogo.json antes de gerar o CSV do WooCommerce.,1,1,1,images/gorros/chapeu-49171/img_20.jpg,images/gorros/chapeu-49171/img_01.jpg,http://localhost:8080/wp-content/uploads/catalogo2025/gorros/chapeu-49171/img_01.jpg,fallback_used_low_resolution (533x800); low_resolution (533x800); low_resolution (533x800); low_resolution (533x800); low_resolution (533x800); low_resolution (533x800); low_resolution (533x800); low_resolution (533x800); low_resolution (533x800); low_resolution (533x800); low_resolution (533x800); low_resolution (533x800); low_resolution (533x800),,,Fausse fourrure en 100% Modacrylique Nous essayons de mettre 6 couleurs différentes par pack.,Fausse fourrure en 100% Modacrylique Nous essayons de mettre 6 couleurs différentes par pack.,Etiqueta: Fabricado em Portugal,Etiqueta: Fabricado em Portugal,"{""Cor"": ""Branco, Preto"", ""Composição"": ""100% modacrílica""}","{""COR"": ""Bege , Azul Claro , Borgonha , Cinza , Marinho , Marrom , Mostarda , Preto , Laranja , Rosa , Vermelho , Verde"", ""COMPOSIÇÃO"": ""100% modacrílica""}",https://hologrammeparis.com/product/toque-49171-polaire/,chapeu-49171
Chapéu – 49171,CHAPÉU CHAPKA,GORROS,3.00,3.00,Parcial,Imagens filtradas por baixa resolução,Reduzir limites MIN_WIDTH/MIN_HEIGHT ou buscar imagens em maior resolução.,1,1,1,images/gorros/chapeu-49171/img_01.jpg,images/gorros/chapeu-49171/img_01.jpg,http://localhost:8080/wp-content/uploads/catalogo2025/gorros/chapeu-49171/img_01.jpg,fallback_used_low_resolution (533x800); low_resolution (533x800); low_resolution (533x800); low_resolution (533x800); low_resolution (533x800); low_resolution (533x800); low_resolution (533x800); low_resolution (533x800); low_resolution (533x800); low_resolution (533x800); low_resolution (533x800); low_resolution (533x800); low_resolution (533x800),,,Fausse fourrure en 100% Modacrylique,Fausse fourrure en 100% Modacrylique Nous essayons de mettre 6 couleurs différentes par pack.,Etiqueta: Fabricado em Portugal,Etiqueta: Fabricado em Portugal,"{""Cor"": ""Bege , Azul Claro , Borgonha , Cinza , Marinho , Marrom , Mostarda , Preto , Laranja , Rosa , Vermelho , Verde"", ""Composição"": ""100% modacrílica""}","{""COR"": ""Bege , Azul Claro , Borgonha , Cinza , Marinho , Marrom , Mostarda , Preto , Laranja , Rosa , Vermelho , Verde"", ""COMPOSIÇÃO"": ""100% modacrílica""}",https://hologrammeparis.com/product/toque-49171-simili-cuir/?attribute_pa_couleur=rouge-noir,chapeu-49171
Palha – 941216 Couro,CHAPÉU DE PALHA NATURAL,PALHA,35.00,35.00,Parcial,Imagens filtradas por baixa resolução,Reduzir limites MIN_WIDTH/MIN_HEIGHT ou buscar imagens em maior resolução.,1,1,1,images/palha/palha-941216-couro/img_06.jpg,images/palha/palha-941216-couro/img_06.jpg,http://localhost:8080/wp-content/uploads/catalogo2025/palha/palha-941216-couro/img_06.jpg,low_resolution (533x800); low_resolution (533x800); low_resolution (533x800); low_resolution (533x800); low_resolution (533x800),,,"Paquet de 30 pcs assorties: 3*55, 4*56, 6*57, 7*58, 5*59, 3*60, 2*61","Paquet de 30 pcs assorties: 3*55, 4*56, 6*57, 7*58, 5*59, 3*60, 2*61",Rótulo: Fabricado na Itália,Rótulo: Fabricado na Itália,"{""Cor"": ""Natural"", ""Tamanho"": ""55 , 56 , 57 , 58 , 59 , 60 , 61"", ""Composição"": ""Palha 100% natural"", ""Pack"": ""Pacote 15""}","{""COR"": ""Natural"", ""TAMANHO"": ""55 , 56 , 57 , 58 , 59 , 60 , 61"", ""VENDIDO POR"": ""Pacote 15"", ""COMPOSIÇÃO"": ""Palha 100% natural""}",https://hologrammeparis.com/product/paille-941216-cuir/,palha-941216-couro
Panamá – 201752,CHAPEU PANAMÁ ABA CURTA,PANAMÁ,67.50,67.50,Parcial,Tags divergentes,Atualizar tags no catalogo.json/CSV para refletir o que foi aprovado no Sheet.,6,6,6,"images/panamá/panama-201752/img_01.jpg, images/panamá/panama-201752/img_02.jpg, images/panamá/panama-201752/img_03.jpg, images/panamá/panama-201752/img_04.jpg, images/panamá/panama-201752/img_05.jpg, images/panamá/panama-201752/img_06.jpg","images/panamá/panama-201752/img_01.jpg, images/panamá/panama-201752/img_02.jpg, images/panamá/panama-201752/img_03.jpg, images/panamá/panama-201752/img_04.jpg, images/panamá/panama-201752/img_05.jpg, images/panamá/panama-201752/img_06.jpg","http://localhost:8080/wp-content/uploads/catalogo2025/panamá/panama-201752/img_01.jpg, http://localhost:8080/wp-content/uploads/catalogo2025/panamá/panama-201752/img_02.jpg, http://localhost:8080/wp-content/uploads/catalogo2025/panamá/panama-201752/img_03.jpg, http://localhost:8080/wp-content/uploads/catalogo2025/panamá/panama-201752/img_04.jpg, http://localhost:8080/wp-content/uploads/catalogo2025/panamá/panama-201752/img_05.jpg, http://localhost:8080/wp-content/uploads/catalogo2025/panamá/panama-201752/img_06.jpg",,,,Découvrez notre Panama - 201752-Ecru au prix de grossiste pour votre boutique sur Hologramme Paris.,Découvrez notre Panama - 201752-Ecru au prix de grossiste pour votre boutique sur Hologramme Paris.,"A versão revisitada do Panamá equatoriano, mais sólida, dobrável e moderna., Panamá Panasoft em papel 100% japonês ., Fabricado na Itália.","A versão revisitada do Panamá equatoriano, mais sólida, dobrável e moderna.

Panamá Panasoft em papel 100% japonês .

Fabricado na Itália.","{""Cor"": ""Branco, Bege"", ""Tamanho"": ""54, 55 , 56 , 57 , 58 , 59 , 60 , 61"", ""Composição"": ""Papel 100% Japonês"", ""Pack"": ""Unitário""}","{""COR"": ""Branco, Bege"", ""TAMANHO"": ""54, 55 , 56 , 57 , 58 , 59 , 60 , 61"", ""VENDIDO POR"": ""Unitário"", ""COMPOSIÇÃO"": ""Papel 100% Japonês""}",https://hologrammeparis.com/product/panama-201752-ecru/,panama-201752
Panamá – 201754,CHAPEU PANAMÁ,PANAMÁ,67.50,67.50,Parcial,Imagens filtradas por baixa resolução; Tags divergentes,Reduzir limites MIN_WIDTH/MIN_HEIGHT ou buscar imagens em maior resolução. Atualizar tags no catalogo.json/CSV para refletir o que foi aprovado no Sheet.,5,5,5,"images/panamá/panama-201754/img_02.jpg, images/panamá/panama-201754/img_03.jpg, images/panamá/panama-201754/img_04.jpg, images/panamá/panama-201754/img_05.jpg, images/panamá/panama-201754/img_06.jpg","images/panamá/panama-201754/img_02.jpg, images/panamá/panama-201754/img_03.jpg, images/panamá/panama-201754/img_04.jpg, images/panamá/panama-201754/img_05.jpg, images/panamá/panama-201754/img_06.jpg","http://localhost:8080/wp-content/uploads/catalogo2025/panamá/panama-201754/img_02.jpg, http://localhost:8080/wp-content/uploads/catalogo2025/panamá/panama-201754/img_03.jpg, http://localhost:8080/wp-content/uploads/catalogo2025/panamá/panama-201754/img_04.jpg, http://localhost:8080/wp-content/uploads/catalogo2025/panamá/panama-201754/img_05.jpg, http://localhost:8080/wp-content/uploads/catalogo2025/panamá/panama-201754/img_06.jpg",low_resolution (533x800),,,Découvrez notre Panama - 201754 au prix de grossiste pour votre boutique sur Hologramme Paris.,Découvrez notre Panama - 201754 au prix de grossiste pour votre boutique sur Hologramme Paris.,"A versão revisitada do Panamá equatoriano, mais sólida, dobrável e moderna., Panamá Panasoft em papel 100% japonês ., Fabricado na Itália.","A versão revisitada do Panamá equatoriano, mais sólida, dobrável e moderna.

Panamá Panasoft em papel 100% japonês .

Fabricado na Itália.","{""Cor"": ""Branco"", ""Tamanho"": ""54, 55 , 56 , 57 , 58 , 59"", ""Composição"": ""Papel 100% Japonês"", ""Pack"": ""Unitário""}","{""COR"": ""Branco"", ""TAMANHO"": ""54, 55 , 56 , 57 , 58 , 59"", ""VENDIDO POR"": ""Unitário"", ""COMPOSIÇÃO"": ""Papel 100% Japonês""}",https://hologrammeparis.com/product/panama-201754/,panama-201754
Panamá – 931,CHAPEU PANAMÁ AJUSTÁVEL,PANAMÁ,67.50,67.50,Parcial,Tags divergentes,Atualizar tags no catalogo.json/CSV para refletir o que foi aprovado no Sheet.,7,7,7,"images/panamá/panama-931/img_01.jpg, images/panamá/panama-931/img_02.jpg, images/panamá/panama-931/img_03.jpg, images/panamá/panama-931/img_04.jpg, images/panamá/panama-931/img_05.jpg, images/panamá/panama-931/img_06.jpg, images/panamá/panama-931/img_07.jpg","images/panamá/panama-931/img_01.jpg, images/panamá/panama-931/img_02.jpg, images/panamá/panama-931/img_03.jpg, images/panamá/panama-931/img_04.jpg, images/panamá/panama-931/img_05.jpg, images/panamá/panama-931/img_06.jpg, images/panamá/panama-931/img_07.jpg","http://localhost:8080/wp-content/uploads/catalogo2025/panamá/panama-931/img_01.jpg, http://localhost:8080/wp-content/uploads/catalogo2025/panamá/panama-931/img_02.jpg, http://localhost:8080/wp-content/uploads/catalogo2025/panamá/panama-931/img_03.jpg, http://localhost:8080/wp-content/uploads/catalogo2025/panamá/panama-931/img_04.jpg, http://localhost:8080/wp-content/uploads/catalogo2025/panamá/panama-931/img_05.jpg, http://localhost:8080/wp-content/uploads/catalogo2025/panamá/panama-931/img_06.jpg, http://localhost:8080/wp-content/uploads/catalogo2025/panamá/panama-931/img_07.jpg",,,,Découvrez notre Panama - Art 931 Japonais au prix de grossiste pour votre boutique sur Hologramme Paris.,Découvrez notre Panama - Art 931 Japonais au prix de grossiste pour votre boutique sur Hologramme Paris.,"A versão revisitada do Panamá equatoriano, mais sólida, dobrável e moderna., Panamá Panasoft em papel 100% japonês ., Fabricado na Itália.","A versão revisitada do Panamá equatoriano, mais sólida, dobrável e moderna.

Panamá Panasoft em papel 100% japonês .

Fabricado na Itália.","{""Cor"": ""Beige, Kaki, Marine, Noir"", ""Tamanho"": ""55 , 56 , 57 , 58 , 59 , 60 , 61"", ""Composição"": ""Papel 100% Japonês"", ""Pack"": ""Unitário""}","{""COR"": ""Beige, Kaki, Marine, Noir"", ""TAMANHO"": ""55 , 56 , 57 , 58 , 59 , 60 , 61"", ""VENDIDO POR"": ""Unitário"", ""COMPOSIÇÃO"": ""Papel 100% Japonês""}",https://hologrammeparis.com/product/panama-art-931-japonais/,panama-931
SOLID,BOINA UV,PROTEÇÃO SOLAR,27.50,19.90,Parcial,Sem imagens no site; Tags divergentes; Especificações divergentes; Preço divergente; Produto não saiu no CSV WooCommerce,Incluir ao menos uma imagem antes do próximo import ou usar fotos do fornecedor. Atualizar tags no catalogo.json/CSV para refletir o que foi aprovado no Sheet. Completar especificações (Cor/Tamanho/Composição/Pack) antes do próximo import. Sincronizar preços entre Sheet e catalogo.json antes de gerar o CSV do WooCommerce. Regerar woocommerce_import_localhost.csv para incluir este produto.,0,0,0,,,,,,,,,BOINA UV,CHAPÉU UV,"{""Cor"": ""Verde, Azul, Bege"", ""Tamanho"": ""56 , 58 , 60"", ""Composição"": ""100% Nylon"", ""Pack"": ""Unitário""}","{""COR"": ""Verde, Bege"", ""TAMANHO"": ""56 , 58 , 60"", ""VENDIDO POR"": ""Unitário"", ""COMPOSIÇÃO"": ""100% Nylon""}",,solid
SOLID,CHAPÉU UV,PROTEÇÃO SOLAR,19.90,19.90,Parcial,Sem imagens no site; Produto não saiu no CSV WooCommerce,Incluir ao menos uma imagem antes do próximo import ou usar fotos do fornecedor. Regerar woocommerce_import_localhost.csv para incluir este produto.,0,0,0,,,,,,,,,CHAPÉU UV,CHAPÉU UV,"{""Cor"": ""Verde, Bege"", ""Tamanho"": ""56 , 58 , 60"", ""Composição"": ""100% Nylon"", ""Pack"": ""Unitário""}","{""COR"": ""Verde, Bege"", ""TAMANHO"": ""56 , 58 , 60"", ""VENDIDO POR"": ""Unitário"", ""COMPOSIÇÃO"": ""100% Nylon""}",,solid
HOLOGRAMME,VISEIRA  FEMININA,VISEIRAS,2.00,8.00,Parcial,Preço divergente,Sincronizar preços entre Sheet e catalogo.json antes de gerar o CSV do WooCommerce.,0,4,4,,"images/cowboy/hologramme/img_01.jpg, images/cowboy/hologramme/img_02.jpg, images/cowboy/hologramme/img_03.jpg, images/cowboy/hologramme/img_04.jpg","http://localhost:8080/wp-content/uploads/catalogo2025/cowboy/hologramme/img_01.jpg, http://localhost:8080/wp-content/uploads/catalogo2025/cowboy/hologramme/img_02.jpg, http://localhost:8080/wp-content/uploads/catalogo2025/cowboy/hologramme/img_03.jpg, http://localhost:8080/wp-content/uploads/catalogo2025/cowboy/hologramme/img_04.jpg",,,"COR        
Bege, Castanho, Verde, Azul, Bordo, Marinho

TAMANHO                
55 , 56 , 57 , 58 , 59 , 60 , 61

VENDIDO POR        
Pacote 24

COMPOSIÇÃO                
69% Poliéster – 31% Algodão / Forro 100% Algodão",,Découvrez notre Casquette - Pierre Cardin Noir au prix de grossiste pour votre boutique sur Hologramme Paris.,VISEIRA  FEMININA,VISEIRA  FEMININA,"{""Cor"": ""Pink, verde, preto, azul, bege, camel""}","{""COR"": ""Pink, verde, preto, azul, bege, camel"", ""TAMANHO"": ""55 , 56 , 57 , 58 , 59 , 60 , 61"", ""COMPOSIÇÃO"": ""69% Poliéster – 31% Algodão / Forro 100% Algodão"", ""VENDIDO POR"": ""Pacote 24""}",,hologramme
Chapéu – 49103,CHAPÉUS ALGODÃO ENCERADO,À PROVA D´ÁGUA,45.00,45.00,Parcial,Imagens filtradas por baixa resolução,Reduzir limites MIN_WIDTH/MIN_HEIGHT ou buscar imagens em maior resolução.,4,4,4,"images/à prova d´água/chapeu-49103/img_01.jpg, images/à prova d´água/chapeu-49103/img_02.jpg, images/à prova d´água/chapeu-49103/img_03.jpg, images/à prova d´água/chapeu-49103/img_04.jpg","images/à prova d´água/chapeu-49103/img_01.jpg, images/à prova d´água/chapeu-49103/img_02.jpg, images/à prova d´água/chapeu-49103/img_03.jpg, images/à prova d´água/chapeu-49103/img_04.jpg","http://localhost:8080/wp-content/uploads/catalogo2025/à%20prova%20d´água/chapeu-49103/img_01.jpg, http://localhost:8080/wp-content/uploads/catalogo2025/à%20prova%20d´água/chapeu-49103/img_02.jpg, http://localhost:8080/wp-content/uploads/catalogo2025/à%20prova%20d´água/chapeu-49103/img_03.jpg, http://localhost:8080/wp-content/uploads/catalogo2025/à%20prova%20d´água/chapeu-49103/img_04.jpg",low_resolution (533x800); low_resolution (533x800); low_resolution (533x800); low_resolution (533x800); low_resolution (533x800); low_resolution (533x800); low_resolution (533x800); low_resolution (533x800); low_resolution (533x800); low_resolution (533x800); low_resolution (533x800); low_resolution (533x800); low_resolution (533x800); low_resolution (533x800); low_resolution (533x800); low_resolution (533x800); low_resolution (533x800); low_resolution (533x800); low_resolution (533x800); low_resolution (533x800),,,Découvrez notre Chapeau - 49103 au prix de grossiste pour votre boutique sur Hologramme Paris.,Découvrez notre Chapeau - 49103 au prix de grossiste pour votre boutique sur Hologramme Paris.,"Algodão Oleado, Fabricado em Portugal","Algodão Oleado, Fabricado em Portugal","{""Cor"": ""Camelo , Marinho , Marrom , Preto , Ferrugem , Taupe , Verde Escuro"", ""Tamanho"": ""55 , 57 , 59 , 61"", ""Composição"": ""100% algodão"", ""Pack"": ""Unitário""}","{""COR"": ""Camelo , Marinho , Marrom , Preto , Ferrugem , Taupe , Verde Escuro"", ""TAMANHO"": ""55 , 57 , 59 , 61"", ""VENDIDO POR"": ""Unitário"", ""COMPOSIÇÃO"": ""100% algodão""}",https://hologrammeparis.com/product/chapeau-49103/,chapeu-49103
SOLID,CHAPEU DOBRAVEL,À PROVA D´ÁGUA,55.00,19.90,Parcial,Sem imagens no site; Tags divergentes; Preço divergente; Produto não saiu no CSV WooCommerce,Incluir ao menos uma imagem antes do próximo import ou usar fotos do fornecedor. Atualizar tags no catalogo.json/CSV para refletir o que foi aprovado no Sheet. Sincronizar preços entre Sheet e catalogo.json antes de gerar o CSV do WooCommerce. Regerar woocommerce_import_localhost.csv para incluir este produto.,0,0,0,,,,,,,,,"impermeavel, dobravel",CHAPÉU UV,{},"{""COR"": ""Verde, Bege"", ""TAMANHO"": ""56 , 58 , 60"", ""VENDIDO POR"": ""Unitário"", ""COMPOSIÇÃO"": ""100% Nylon""}",,solid
SOLID,CHAPEU DOBRAVEL,À PROVA D´ÁGUA,55.00,19.90,Parcial,Sem imagens no site; Tags divergentes; Preço divergente; Produto não saiu no CSV WooCommerce,Incluir ao menos uma imagem antes do próximo import ou usar fotos do fornecedor. Atualizar tags no catalogo.json/CSV para refletir o que foi aprovado no Sheet. Sincronizar preços entre Sheet e catalogo.json antes de gerar o CSV do WooCommerce. Regerar woocommerce_import_localhost.csv para incluir este produto.,0,0,0,,,,,,,,,"impermeavel, dobravel",CHAPÉU UV,{},"{""COR"": ""Verde, Bege"", ""TAMANHO"": ""56 , 58 , 60"", ""VENDIDO POR"": ""Unitário"", ""COMPOSIÇÃO"": ""100% Nylon""}",,solid
