sheet,sheet_row,brand,name,info_short,supplier_url,extra_urls,price,supplier_code,tags,specs,variations,downloaded_images,filtered_images,scraped,slug,priority,long_description
BOINAS INVERNO,2,HOLOGRAMME,BOINA BICO DE PATO AJUSTÁVEL,Tamanho ajustável,https://hologrammeparis.com/product/casquette-22224/,[],27.5,Boné – 22182,"['Inverno', 'Tamanho ajustável']","{'COR': 'Sortido', 'TAMANHO': 'Tamanho único ajustável', 'VENDIDO POR': 'Pacote 12', 'COMPOSIÇÃO': '100% Poliéster'}","4*preto, 
3*marrom, 
2*bege, 
1*caqui, 
1*cinza, 
1*camelo","[{'path': 'images/boinas inverno/bone-22182/img_01.jpg', 'url': '', 'origin': 'sheet', 'position': 1}, {'path': 'images/boinas inverno/bone-22182/img_02.jpg', 'url': '', 'origin': 'sheet', 'position': 2}, {'path': 'images/boinas inverno/bone-22182/img_03.jpg', 'url': '', 'origin': 'sheet', 'position': 3}, {'path': 'images/boinas inverno/bone-22182/img_04.jpg', 'url': '', 'origin': 'sheet', 'position': 4}, {'path': 'images/boinas inverno/bone-22182/img_05.jpg', 'url': '', 'origin': 'sheet', 'position': 5}, {'path': 'images/boinas inverno/bone-22182/img_06.jpg', 'url': '', 'origin': 'sheet', 'position': 6}, {'path': 'images/boinas inverno/bone-22182/img_07.jpg', 'url': '', 'origin': 'sheet', 'position': 7}, {'path': 'images/boinas inverno/bone-22182/img_08.jpg', 'url': '', 'origin': 'sheet', 'position': 8}, {'path': 'images/boinas inverno/bone-22182/img_09.jpg', 'url': '', 'origin': 'sheet', 'position': 9}]",[],"[{'url': 'https://hologrammeparis.com/product/casquette-22224/', 'name': 'Casquette - 22224 - Hologramme Paris', 'description': 'Paquet de 12 pcs assorties: 4*Noir, 3*Marron, 2*Beige, 1*Kaki, 1*Gris, 1*Camel', 'price': None, 'currency': None, 'images': [{'url': 'https://hologrammeparis.com/wp-content/uploads/2023/10/22224.jpg', 'alt': None, 'origin': 'og:image', 'position': 1}, {'url': 'https://hologrammeparis.com/wp-content/uploads/2023/10/22224-1.jpg', 'alt': 'Casquette - 22224 – Image 2', 'origin': 'gallery', 'position': 5, 'width_hint': 800, 'height_hint': 1200}, {'url': 'https://hologrammeparis.com/wp-content/uploads/2023/10/22224-2.jpg', 'alt': 'Casquette - 22224 – Image 3', 'origin': 'gallery', 'position': 6, 'width_hint': 800, 'height_hint': 1200}, {'url': 'https://hologrammeparis.com/wp-content/uploads/2023/10/22224-4.jpg', 'alt': 'Casquette - 22224 – Image 4', 'origin': 'gallery', 'position': 7, 'width_hint': 800, 'height_hint': 1200}, {'url': 'https://hologrammeparis.com/wp-content/uploads/2023/10/22224-5.jpg', 'alt': 'Casquette - 22224 – Image 5', 'origin': 'gallery', 'position': 8, 'width_hint': 800, 'height_hint': 1200}, {'url': 'https://hologrammeparis.com/wp-content/uploads/2023/10/22224-6.jpg', 'alt': 'Casquette - 22224 – Image 6', 'origin': 'gallery', 'position': 9, 'width_hint': 800, 'height_hint': 1200}, {'url': 'https://hologrammeparis.com/wp-content/uploads/2023/10/22224-7.jpg', 'alt': 'Casquette - 22224 – Image 7', 'origin': 'gallery', 'position': 10, 'width_hint': 800, 'height_hint': 1200}, {'url': 'https://hologrammeparis.com/wp-content/uploads/2023/10/22224-8.jpg', 'alt': 'Casquette - 22224 – Image 8', 'origin': 'gallery', 'position': 11, 'width_hint': 800, 'height_hint': 1200}, {'url': 'https://hologrammeparis.com/wp-content/uploads/2023/10/22224-9.jpg', 'alt': 'Casquette - 22224 – Image 9', 'origin': 'gallery', 'position': 12, 'width_hint': 800, 'height_hint': 1200}], 'raw_jsonld': None}]",bone-22182,1,"Paquet de 12 pcs assorties: 4*Noir, 3*Marron, 2*Beige, 1*Kaki, 1*Gris, 1*Camel"
BOINAS INVERNO,4,HOLOGRAMME,BOINA OITAVA INVERNO,"Boina oitavada em poliéster e rayon, cores sortidas",https://hologrammeparis.com/product/casquette-25025/,[],29.9,Boné – 25025,"['Inverno', 'boina oitavada']","{'COR': 'Sortido', 'TAMANHO': '57 , 59', 'VENDIDO POR': 'Pacote 12', 'COMPOSIÇÃO': '67,3% Poliéster – 32,7% Rayon'}","4*Preto, 
2*Bordéus, 
2*Cinza claro, 
1*Cinza escuro, 
1*Marinho, 
1*Marrom, 
1*Cáqui","[{'path': 'images/boinas inverno/bone-25025/img_01.jpg', 'url': '', 'origin': 'sheet', 'position': 1}, {'path': 'images/boinas inverno/bone-25025/img_02.jpg', 'url': '', 'origin': 'sheet', 'position': 2}, {'path': 'images/boinas inverno/bone-25025/img_03.jpg', 'url': '', 'origin': 'sheet', 'position': 3}, {'path': 'images/boinas inverno/bone-25025/img_04.jpg', 'url': '', 'origin': 'sheet', 'position': 4}, {'path': 'images/boinas inverno/bone-25025/img_05.jpg', 'url': '', 'origin': 'sheet', 'position': 5}, {'path': 'images/boinas inverno/bone-25025/img_06.jpg', 'url': '', 'origin': 'sheet', 'position': 6}, {'path': 'images/boinas inverno/bone-25025/img_07.jpg', 'url': '', 'origin': 'sheet', 'position': 7}, {'path': 'images/boinas inverno/bone-25025/img_08.jpg', 'url': '', 'origin': 'sheet', 'position': 8}, {'path': 'images/boinas inverno/bone-25025/img_09.jpg', 'url': '', 'origin': 'sheet', 'position': 9}]",[],"[{'url': 'https://hologrammeparis.com/product/casquette-25025/', 'name': 'Casquette - 25025 - Hologramme Paris', 'description': 'Paquet de 12 pcs assorties: 4*Noir, 2*Bordeaux, 2*Gris Clair, 1*Gris Fonce, 1*Marine, 1*Marron, 1*Kaki', 'price': None, 'currency': None, 'images': [{'url': 'https://hologrammeparis.com/wp-content/uploads/2024/10/25025-1.jpg', 'alt': None, 'origin': 'og:image', 'position': 1}, {'url': 'https://hologrammeparis.com/wp-content/uploads/2024/10/25025-4.jpg', 'alt': 'Casquette - 25025 – Image 2', 'origin': 'gallery', 'position': 5, 'width_hint': 800, 'height_hint': 1200}, {'url': 'https://hologrammeparis.com/wp-content/uploads/2024/10/25025-2.jpg', 'alt': 'Casquette - 25025 – Image 3', 'origin': 'gallery', 'position': 6, 'width_hint': 800, 'height_hint': 1200}, {'url': 'https://hologrammeparis.com/wp-content/uploads/2024/10/25025-3.jpg', 'alt': 'Casquette - 25025 – Image 4', 'origin': 'gallery', 'position': 7, 'width_hint': 800, 'height_hint': 1200}, {'url': 'https://hologrammeparis.com/wp-content/uploads/2024/10/25025-5.jpg', 'alt': 'Casquette - 25025 – Image 5', 'origin': 'gallery', 'position': 8, 'width_hint': 800, 'height_hint': 1200}, {'url': 'https://hologrammeparis.com/wp-content/uploads/2024/10/25025-6.jpg', 'alt': 'Casquette - 25025 – Image 6', 'origin': 'gallery', 'position': 9, 'width_hint': 800, 'height_hint': 1200}, {'url': 'https://hologrammeparis.com/wp-content/uploads/2024/10/25025-8.jpg', 'alt': 'Casquette - 25025 – Image 7', 'origin': 'gallery', 'position': 10, 'width_hint': 800, 'height_hint': 1200}, {'url': 'https://hologrammeparis.com/wp-content/uploads/2024/10/25025-7.jpg', 'alt': 'Casquette - 25025 – Image 8', 'origin': 'gallery', 'position': 11, 'width_hint': 800, 'height_hint': 1200}, {'url': 'https://hologrammeparis.com/wp-content/uploads/2023/09/25025-2.jpg', 'alt': 'Casquette - 25025 – Image 9', 'origin': 'gallery', 'position': 12, 'width_hint': 800, 'height_hint': 1200}], 'raw_jsonld': None}]",bone-25025,,"Paquet de 12 pcs assorties: 4*Noir, 2*Bordeaux, 2*Gris Clair, 1*Gris Fonce, 1*Marine, 1*Marron, 1*Kaki"
BOINAS INVERNO,8,HOLOGRAMME,BOINA OITAVA XADREZ,"Boina oitavada xadrez com mistura de lã, cores sortidas",https://hologrammeparis.com/product/casquette-22195/,[],29.9,Boné – 22195,"['boina oitavada', 'Inverno', 'Mistura de lã']","{'COR': 'Sortido', 'TAMANHO': '57 , 59', 'VENDIDO POR': 'Pacote 12', 'COMPOSIÇÃO': '70% Poliéster – 15% Algodão – 15% Lã'}","4*branco, 3*ferrugem, 3*cinza, 2*mostarda","[{'path': 'images/boinas inverno/bone-22195/img_01.jpg', 'url': '', 'origin': 'sheet', 'position': 1}, {'path': 'images/boinas inverno/bone-22195/img_02.jpg', 'url': '', 'origin': 'sheet', 'position': 2}, {'path': 'images/boinas inverno/bone-22195/img_03.jpg', 'url': '', 'origin': 'sheet', 'position': 3}, {'path': 'images/boinas inverno/bone-22195/img_04.jpg', 'url': '', 'origin': 'sheet', 'position': 4}, {'path': 'images/boinas inverno/bone-22195/img_05.jpg', 'url': '', 'origin': 'sheet', 'position': 5}, {'path': 'images/boinas inverno/bone-22195/img_06.jpg', 'url': '', 'origin': 'sheet', 'position': 6}, {'path': 'images/boinas inverno/bone-22195/img_07.jpg', 'url': '', 'origin': 'sheet', 'position': 7}]",[],"[{'url': 'https://hologrammeparis.com/product/casquette-22195/', 'name': 'Casquette - 22195 - Hologramme Paris', 'description': 'Paquet de 12 pcs assorties: 4*Blanc, 3*Rouille, 3*Taupe, 2*Moutarde', 'price': None, 'currency': None, 'images': [{'url': 'https://hologrammeparis.com/wp-content/uploads/2024/10/22195-1.jpg', 'alt': None, 'origin': 'og:image', 'position': 1}, {'url': 'https://hologrammeparis.com/wp-content/uploads/2024/10/22195-5.jpg', 'alt': 'Casquette - 22195 – Image 2', 'origin': 'gallery', 'position': 5, 'width_hint': 800, 'height_hint': 1200}, {'url': 'https://hologrammeparis.com/wp-content/uploads/2024/10/22195-3.jpg', 'alt': 'Casquette - 22195 – Image 3', 'origin': 'gallery', 'position': 6, 'width_hint': 800, 'height_hint': 1200}, {'url': 'https://hologrammeparis.com/wp-content/uploads/2024/10/22195-4.jpg', 'alt': 'Casquette - 22195 – Image 4', 'origin': 'gallery', 'position': 7, 'width_hint': 800, 'height_hint': 1200}, {'url': 'https://hologrammeparis.com/wp-content/uploads/2024/10/22195-7.jpg', 'alt': 'Casquette - 22195 – Image 5', 'origin': 'gallery', 'position': 8, 'width_hint': 800, 'height_hint': 1200}, {'url': 'https://hologrammeparis.com/wp-content/uploads/2024/10/22195-6.jpg', 'alt': 'Casquette - 22195 – Image 6', 'origin': 'gallery', 'position': 9, 'width_hint': 800, 'height_hint': 1200}, {'url': 'https://hologrammeparis.com/wp-content/uploads/2024/10/22195-8.jpg', 'alt': 'Casquette - 22195 – Image 7', 'origin': 'gallery', 'position': 10, 'width_hint': 800, 'height_hint': 1200}], 'raw_jsonld': None}]",bone-22195,,"Paquet de 12 pcs assorties: 4*Blanc, 3*Rouille, 3*Taupe, 2*Moutarde"
BOINAS INVERNO,12,HOLOGRAMME,BOINA OITAVADA HARRINGBONE,"Boina oitavada harringbone com mistura de lã, cores sortidas",https://hologrammeparis.com/product/casquette-25023/,[],29.9,Boné – 25023,"['boina oitavada', 'Inverno', 'Mistura de lã']","{'COR': 'Sortido', 'TAMANHO': '57 , 59', 'VENDIDO POR': 'Pacote 12', 'COMPOSIÇÃO': '51,5% Poliéster – 25,4% Acrílico – 6,2% Rayon – 13,5% Algodão – 3,4% Lã'}","5*preto, 3*bege, 3*cinza, 1*marrom","[{'path': 'images/boinas inverno/bone-25023/img_01.jpg', 'url': '', 'origin': 'sheet', 'position': 1}, {'path': 'images/boinas inverno/bone-25023/img_02.jpg', 'url': '', 'origin': 'sheet', 'position': 2}, {'path': 'images/boinas inverno/bone-25023/img_03.jpg', 'url': '', 'origin': 'sheet', 'position': 3}, {'path': 'images/boinas inverno/bone-25023/img_04.jpg', 'url': '', 'origin': 'sheet', 'position': 4}, {'path': 'images/boinas inverno/bone-25023/img_05.jpg', 'url': '', 'origin': 'sheet', 'position': 5}, {'path': 'images/boinas inverno/bone-25023/img_06.jpg', 'url': '', 'origin': 'sheet', 'position': 6}, {'path': 'images/boinas inverno/bone-25023/img_07.jpg', 'url': '', 'origin': 'sheet', 'position': 7}]",[],"[{'url': 'https://hologrammeparis.com/product/casquette-25023/', 'name': 'Casquette - 25023 - Hologramme Paris', 'description': 'Paquet de 12 pcs assorties: 5*Noir, 3*Beige, 3*Gris, 1*Marron', 'price': None, 'currency': None, 'images': [{'url': 'https://hologrammeparis.com/wp-content/uploads/2024/10/25023-1.jpg', 'alt': None, 'origin': 'og:image', 'position': 1}, {'url': 'https://hologrammeparis.com/wp-content/uploads/2024/10/25023-4.jpg', 'alt': 'Casquette - 25023 – Image 2', 'origin': 'gallery', 'position': 5, 'width_hint': 800, 'height_hint': 1200}, {'url': 'https://hologrammeparis.com/wp-content/uploads/2024/10/25023-2.jpg', 'alt': 'Casquette - 25023 – Image 3', 'origin': 'gallery', 'position': 6, 'width_hint': 800, 'height_hint': 1200}, {'url': 'https://hologrammeparis.com/wp-content/uploads/2024/10/25023-3.jpg', 'alt': 'Casquette - 25023 – Image 4', 'origin': 'gallery', 'position': 7, 'width_hint': 800, 'height_hint': 1200}, {'url': 'https://hologrammeparis.com/wp-content/uploads/2024/10/25023-5.jpg', 'alt': 'Casquette - 25023 – Image 5', 'origin': 'gallery', 'position': 8, 'width_hint': 800, 'height_hint': 1200}, {'url': 'https://hologrammeparis.com/wp-content/uploads/2024/10/25023-7.jpg', 'alt': 'Casquette - 25023 – Image 6', 'origin': 'gallery', 'position': 9, 'width_hint': 800, 'height_hint': 1200}, {'url': 'https://hologrammeparis.com/wp-content/uploads/2024/10/25023-6.jpg', 'alt': 'Casquette - 25023 – Image 7', 'origin': 'gallery', 'position': 10, 'width_hint': 800, 'height_hint': 1200}], 'raw_jsonld': None}]",bone-25023,,"Paquet de 12 pcs assorties: 5*Noir, 3*Beige, 3*Gris, 1*Marron"
BOINAS INVERNO,16,HOLOGRAMME,BOINA PIEMONTE HARRINGBONE,Lã Pura,https://hologrammeparis.com/product/casquette-18456mi/,"['https://hologrammeparis.com/product/casquette-18456g/', 'https://hologrammeparis.com/product/casquette-18456ma/', 'https://hologrammeparis.com/product/casquette-18456v/']",45.0,Boné – 18456G,"['Fabricado na Itália', 'Inverno', 'Lã Pura']","{'COR': 'Marinho, Cinza, Castanho, Verde', 'TAMANHO': '55 , 56 , 57 , 58 , 59 , 60 , 61', 'VENDIDO POR': 'Unitário', 'COMPOSIÇÃO': '100% Lã'}","https://hologrammeparis.com/product/casquette-18456g/
https://hologrammeparis.com/product/casquette-18456ma/
https://hologrammeparis.com/product/casquette-18456v/","[{'path': 'images/boinas inverno/bone-18456g/img_01.jpg', 'url': '', 'origin': 'sheet', 'position': 1}, {'path': 'images/boinas inverno/bone-18456g/img_02.jpg', 'url': '', 'origin': 'sheet', 'position': 2}, {'path': 'images/boinas inverno/bone-18456g/img_03.jpg', 'url': '', 'origin': 'sheet', 'position': 3}, {'path': 'images/boinas inverno/bone-18456g/img_04.jpg', 'url': '', 'origin': 'sheet', 'position': 4}, {'path': 'images/boinas inverno/bone-18456g/img_05.jpg', 'url': '', 'origin': 'sheet', 'position': 5}, {'path': 'images/boinas inverno/bone-18456g/img_06.jpg', 'url': '', 'origin': 'sheet', 'position': 6}, {'path': 'images/boinas inverno/bone-18456g/img_07.jpg', 'url': '', 'origin': 'sheet', 'position': 7}, {'path': 'images/boinas inverno/bone-18456g/img_08.jpg', 'url': '', 'origin': 'sheet', 'position': 8}, {'path': 'images/boinas inverno/bone-18456g/img_09.jpg', 'url': '', 'origin': 'sheet', 'position': 9}, {'path': 'images/boinas inverno/bone-18456g/img_10.jpg', 'url': '', 'origin': 'sheet', 'position': 10}, {'path': 'images/boinas inverno/bone-18456g/img_11.jpg', 'url': '', 'origin': 'sheet', 'position': 11}, {'path': 'images/boinas inverno/bone-18456g/img_12.jpg', 'url': '', 'origin': 'sheet', 'position': 12}, {'path': 'images/boinas inverno/bone-18456g/img_13.jpg', 'url': '', 'origin': 'sheet', 'position': 13}, {'path': 'images/boinas inverno/bone-18456g/img_14.jpg', 'url': '', 'origin': 'sheet', 'position': 14}, {'path': 'images/boinas inverno/bone-18456g/img_15.jpg', 'url': '', 'origin': 'sheet', 'position': 15}, {'path': 'images/boinas inverno/bone-18456g/img_16.jpg', 'url': '', 'origin': 'sheet', 'position': 16}]",[],"[{'url': 'https://hologrammeparis.com/product/casquette-18456mi/', 'name': 'Casquette - 18456MI - Hologramme Paris', 'description': 'Découvrez notre Casquette - 18456MI au prix de grossiste pour votre boutique sur Hologramme Paris.', 'price': None, 'currency': None, 'images': [{'url': 'https://hologrammeparis.com/wp-content/uploads/2023/08/18456MI.jpg', 'alt': None, 'origin': 'og:image', 'position': 1}, {'url': 'https://hologrammeparis.com/wp-content/uploads/2023/08/18456MI-1.jpg', 'alt': 'Casquette - 18456MI – Image 2', 'origin': 'gallery', 'position': 5, 'width_hint': 800, 'height_hint': 1200}, {'url': 'https://hologrammeparis.com/wp-content/uploads/2023/08/18456MI-2.jpg', 'alt': 'Casquette - 18456MI – Image 3', 'origin': 'gallery', 'position': 6, 'width_hint': 800, 'height_hint': 1200}, {'url': 'https://hologrammeparis.com/wp-content/uploads/2023/08/18456MI-4.jpg', 'alt': 'Casquette - 18456MI – Image 4', 'origin': 'gallery', 'position': 7, 'width_hint': 800, 'height_hint': 1200}], 'raw_jsonld': None}, {'url': 'https://hologrammeparis.com/product/casquette-18456g/', 'name': 'Casquette - 18456G - Hologramme Paris', 'description': 'Découvrez notre Casquette - 18456G au prix de grossiste pour votre boutique sur Hologramme Paris.', 'price': None, 'currency': None, 'images': [{'url': 'https://hologrammeparis.com/wp-content/uploads/2023/08/18456G.jpg', 'alt': None, 'origin': 'og:image', 'position': 1}, {'url': 'https://hologrammeparis.com/wp-content/uploads/2023/08/18456G-1.jpg', 'alt': 'Casquette - 18456G – Image 2', 'origin': 'gallery', 'position': 5, 'width_hint': 800, 'height_hint': 1200}, {'url': 'https://hologrammeparis.com/wp-content/uploads/2023/08/18456G-2.jpg', 'alt': 'Casquette - 18456G – Image 3', 'origin': 'gallery', 'position': 6, 'width_hint': 800, 'height_hint': 1200}, {'url': 'https://hologrammeparis.com/wp-content/uploads/2023/08/18456G-4.jpg', 'alt': 'Casquette - 18456G – Image 4', 'origin': 'gallery', 'position': 7, 'width_hint': 800, 'height_hint': 1200}], 'raw_jsonld': None}, {'url': 'https://hologrammeparis.com/product/casquette-18456ma/', 'name': 'Casquette - 18456MA - Hologramme Paris', 'description': 'Découvrez notre Casquette - 18456MA au prix de grossiste pour votre boutique sur Hologramme Paris.', 'price': None, 'currency': None, 'images': [{'url': 'https://hologrammeparis.com/wp-content/uploads/2023/08/18456MA.jpg', 'alt': None, 'origin': 'og:image', 'position': 1}, {'url': 'https://hologrammeparis.com/wp-content/uploads/2023/08/18456MA-1.jpg', 'alt': 'Casquette - 18456MA – Image 2', 'origin': 'gallery', 'position': 5, 'width_hint': 800, 'height_hint': 1200}, {'url': 'https://hologrammeparis.com/wp-content/uploads/2023/08/18456MA-2.jpg', 'alt': 'Casquette - 18456MA – Image 3', 'origin': 'gallery', 'position': 6, 'width_hint': 800, 'height_hint': 1200}, {'url': 'https://hologrammeparis.com/wp-content/uploads/2023/08/18456MA-4.jpg', 'alt': 'Casquette - 18456MA – Image 4', 'origin': 'gallery', 'position': 7, 'width_hint': 800, 'height_hint': 1200}], 'raw_jsonld': None}, {'url': 'https://hologrammeparis.com/product/casquette-18456v/', 'name': 'Casquette - 18456V - Hologramme Paris', 'description': 'Découvrez notre Casquette - 18456V au prix de grossiste pour votre boutique sur Hologramme Paris.', 'price': None, 'currency': None, 'images': [{'url': 'https://hologrammeparis.com/wp-content/uploads/2023/08/18456V.jpg', 'alt': None, 'origin': 'og:image', 'position': 1}, {'url': 'https://hologrammeparis.com/wp-content/uploads/2023/08/18456V-1.jpg', 'alt': 'Casquette - 18456V – Image 2', 'origin': 'gallery', 'position': 5, 'width_hint': 800, 'height_hint': 1200}, {'url': 'https://hologrammeparis.com/wp-content/uploads/2023/08/18456V-2.jpg', 'alt': 'Casquette - 18456V – Image 3', 'origin': 'gallery', 'position': 6, 'width_hint': 800, 'height_hint': 1200}, {'url': 'https://hologrammeparis.com/wp-content/uploads/2023/08/18456V-4.jpg', 'alt': 'Casquette - 18456V – Image 4', 'origin': 'gallery', 'position': 7, 'width_hint': 800, 'height_hint': 1200}], 'raw_jsonld': None}]",bone-18456g,,Découvrez notre Casquette - 18456MI au prix de grossiste pour votre boutique sur Hologramme Paris.
BOINAS INVERNO,18,HOLOGRAMME,BOINA PURE WOOL QUADRADOS,Lã Pura,https://hologrammeparis.com/product/casquette-18439ol/,[],45.0,Boné – 18439OL,"['Fabricado na Itália', 'Inverno', 'Lã Pura']","{'COR': 'Oliva', 'TAMANHO': '55 , 56 , 57 , 58 , 59 , 60 , 61', 'VENDIDO POR': 'Unitário', 'COMPOSIÇÃO': '100% Lã'}",https://hologrammeparis.com/product/casquette-18439ol/,"[{'path': 'images/boinas inverno/bone-18439ol/img_01.jpg', 'url': '', 'origin': 'sheet', 'position': 1}, {'path': 'images/boinas inverno/bone-18439ol/img_02.jpg', 'url': '', 'origin': 'sheet', 'position': 2}, {'path': 'images/boinas inverno/bone-18439ol/img_03.jpg', 'url': '', 'origin': 'sheet', 'position': 3}, {'path': 'images/boinas inverno/bone-18439ol/img_04.jpg', 'url': '', 'origin': 'sheet', 'position': 4}]",[],"[{'url': 'https://hologrammeparis.com/product/casquette-18439ol/', 'name': 'Casquette - 18439OL - Hologramme Paris', 'description': 'Découvrez notre Casquette - 18439OL au prix de grossiste pour votre boutique sur Hologramme Paris.', 'price': None, 'currency': None, 'images': [{'url': 'https://hologrammeparis.com/wp-content/uploads/2023/08/18439OL.jpg', 'alt': None, 'origin': 'og:image', 'position': 1}, {'url': 'https://hologrammeparis.com/wp-content/uploads/2023/08/18439OL-1.jpg', 'alt': 'Casquette - 18439OL – Image 2', 'origin': 'gallery', 'position': 5, 'width_hint': 800, 'height_hint': 1200}, {'url': 'https://hologrammeparis.com/wp-content/uploads/2023/08/18439OL-2.jpg', 'alt': 'Casquette - 18439OL – Image 3', 'origin': 'gallery', 'position': 6, 'width_hint': 800, 'height_hint': 1200}, {'url': 'https://hologrammeparis.com/wp-content/uploads/2023/08/18439OL-4.jpg', 'alt': 'Casquette - 18439OL – Image 4', 'origin': 'gallery', 'position': 7, 'width_hint': 800, 'height_hint': 1200}], 'raw_jsonld': None}]",bone-18439ol,,Découvrez notre Casquette - 18439OL au prix de grossiste pour votre boutique sur Hologramme Paris.
BOINAS INVERNO,20,HOLOGRAMME,BOINA OITAVA HARRIS TWEED,Harris Tweed 100% lã virgem,https://hologrammeparis.com/product/casquette-18438mc/,"['https://hologrammeparis.com/product/casquette-18456g/', 'https://hologrammeparis.com/product/casquette-18456ma/', 'https://hologrammeparis.com/product/casquette-18456v/']",85.0,"Boné – 18438MC
18502MI","['Fabricado na Itália', 'Harris Tweed', 'Inverno', 'Lã Pura']","{'COR': 'Multicolorido', 'TAMANHO': '55 , 56 , 57 , 58 , 59 , 60 , 61', 'VENDIDO POR': 'Unitário', 'COMPOSIÇÃO': '100% Lã'}",https://hologrammeparis.com/product/casquette-18502mi/,"[{'path': 'images/boinas inverno/bone-18438mc-18502mi/img_01.jpg', 'url': '', 'origin': 'sheet', 'position': 1}, {'path': 'images/boinas inverno/bone-18438mc-18502mi/img_02.jpg', 'url': '', 'origin': 'sheet', 'position': 2}, {'path': 'images/boinas inverno/bone-18438mc-18502mi/img_03.jpg', 'url': '', 'origin': 'sheet', 'position': 3}, {'path': 'images/boinas inverno/bone-18438mc-18502mi/img_04.jpg', 'url': '', 'origin': 'sheet', 'position': 4}]",[],"[{'error': '404 Client Error: Not Found for url: https://hologrammeparis.com/product/casquette-18438mc/', 'url': 'https://hologrammeparis.com/product/casquette-18438mc/', 'images': []}, {'url': 'https://hologrammeparis.com/product/casquette-18502mi/', 'name': 'Casquette - 18502MI - Hologramme Paris', 'description': 'Harris Tweed 100% Laine vierge', 'price': None, 'currency': None, 'images': [{'url': 'https://hologrammeparis.com/wp-content/uploads/2024/08/18502MI-1.jpg', 'alt': None, 'origin': 'og:image', 'position': 1}, {'url': 'https://hologrammeparis.com/wp-content/uploads/2024/08/18502MI-2.jpg', 'alt': 'Casquette - 18502MI – Image 2', 'origin': 'gallery', 'position': 5, 'width_hint': 800, 'height_hint': 1200}, {'url': 'https://hologrammeparis.com/wp-content/uploads/2024/08/18502MI-3.jpg', 'alt': 'Casquette - 18502MI – Image 3', 'origin': 'gallery', 'position': 6, 'width_hint': 800, 'height_hint': 1200}, {'url': 'https://hologrammeparis.com/wp-content/uploads/2024/08/18502MI-4.jpg', 'alt': 'Casquette - 18502MI – Image 4', 'origin': 'gallery', 'position': 7, 'width_hint': 800, 'height_hint': 1200}], 'raw_jsonld': None}]",bone-18438mc-18502mi,,Harris Tweed 100% Laine vierge
BOINAS INVERNO,28,HOLOGRAMME,BOINA PIEMONTE BOMBAZINE,"Boina Piemonte em 100% algodão bombazine, fabricada na Itália",https://hologrammeparis.com/product/casquette-18106e/,"['https://hologrammeparis.com/product/casquette-18106k/', 'https://hologrammeparis.com/product/casquette-18106c/', 'https://hologrammeparis.com/product/casquette-18106b/']",27.5,"Boné – 18106MI
Boné – 18106K
Boné – 18106G
18106MA","['Rótulo: Fabricado na Itália', 'bombazine']","{'COR': 'Azul , Bege, Castanho, Cinza, Preto, Verde', 'TAMANHO': '55 , 56 , 57 , 58 , 59 , 60 , 61', 'VENDIDO POR': 'Unitário', 'COMPOSIÇÃO': '100% algodão (BOMBAZINE)'}","https://hologrammeparis.com/product/casquette-18106k/
https://hologrammeparis.com/product/casquette-18106c/
https://hologrammeparis.com/product/casquette-18106b/","[{'path': 'images/boinas inverno/bone-18106mi-bone-18106k-bone-18106g-18106ma/img_01.jpg', 'url': '', 'origin': 'sheet', 'position': 1}]","[{'url': 'https://hologrammeparis.com/wp-content/uploads/2021/07/18106E-Bleu-Fonce-5.jpg', 'reason': 'fallback_used_low_resolution', 'width': 533, 'height': 800}, {'url': 'https://hologrammeparis.com/wp-content/uploads/2021/07/18106E-Bleu-Fonce-9.jpg', 'reason': 'low_resolution', 'width': 533, 'height': 800}, {'url': 'https://hologrammeparis.com/wp-content/uploads/2021/07/18106E-Bleu-Fonce-4.jpg', 'reason': 'low_resolution', 'width': 533, 'height': 800}, {'url': 'https://hologrammeparis.com/wp-content/uploads/2021/07/18106E-Bleu-Fonce-8.jpg', 'reason': 'low_resolution', 'width': 533, 'height': 800}, {'url': 'https://hologrammeparis.com/wp-content/uploads/2021/07/18106E-Bleu-Fonce-7.jpg', 'reason': 'low_resolution', 'width': 533, 'height': 800}, {'url': 'https://hologrammeparis.com/wp-content/uploads/2021/07/18106E-Bleu-Fonce-6.jpg', 'reason': 'low_resolution', 'width': 533, 'height': 800}, {'url': 'https://hologrammeparis.com/wp-content/uploads/2021/07/18106E-Bleu-Fonce-10.jpg', 'reason': 'low_resolution', 'width': 533, 'height': 800}, {'url': 'https://hologrammeparis.com/wp-content/uploads/2021/07/18106K-Kaki-5.jpg', 'reason': 'low_resolution', 'width': 533, 'height': 800}, {'url': 'https://hologrammeparis.com/wp-content/uploads/2021/07/18106K-Kaki-9.jpg', 'reason': 'low_resolution', 'width': 533, 'height': 800}, {'url': 'https://hologrammeparis.com/wp-content/uploads/2021/07/18106K-Kaki-4.jpg', 'reason': 'low_resolution', 'width': 533, 'height': 800}, {'url': 'https://hologrammeparis.com/wp-content/uploads/2021/07/18106K-Kaki-8.jpg', 'reason': 'low_resolution', 'width': 533, 'height': 800}, {'url': 'https://hologrammeparis.com/wp-content/uploads/2021/07/18106K-Kaki-7.jpg', 'reason': 'low_resolution', 'width': 533, 'height': 800}, {'url': 'https://hologrammeparis.com/wp-content/uploads/2021/07/18106K-Kaki-6.jpg', 'reason': 'low_resolution', 'width': 533, 'height': 800}, {'url': 'https://hologrammeparis.com/wp-content/uploads/2021/07/18106C-5.jpg', 'reason': 'low_resolution', 'width': 533, 'height': 800}, {'url': 'https://hologrammeparis.com/wp-content/uploads/2021/07/18106C-9.jpg', 'reason': 'low_resolution', 'width': 533, 'height': 800}, {'url': 'https://hologrammeparis.com/wp-content/uploads/2021/07/18106C-4.jpg', 'reason': 'low_resolution', 'width': 533, 'height': 800}, {'url': 'https://hologrammeparis.com/wp-content/uploads/2021/07/18106C-8.jpg', 'reason': 'low_resolution', 'width': 533, 'height': 800}, {'url': 'https://hologrammeparis.com/wp-content/uploads/2021/07/18106C-6.jpg', 'reason': 'low_resolution', 'width': 533, 'height': 800}, {'url': 'https://hologrammeparis.com/wp-content/uploads/2021/07/18106C-7.jpg', 'reason': 'low_resolution', 'width': 533, 'height': 800}, {'url': 'https://hologrammeparis.com/wp-content/uploads/2021/07/18106C-10.jpg', 'reason': 'low_resolution', 'width': 533, 'height': 800}, {'url': 'https://hologrammeparis.com/wp-content/uploads/2021/07/18106B-1.jpg', 'reason': 'low_resolution', 'width': 533, 'height': 800}, {'url': 'https://hologrammeparis.com/wp-content/uploads/2021/07/18106B-9.jpg', 'reason': 'low_resolution', 'width': 533, 'height': 800}, {'url': 'https://hologrammeparis.com/wp-content/uploads/2021/07/18106B-4.jpg', 'reason': 'low_resolution', 'width': 533, 'height': 800}, {'url': 'https://hologrammeparis.com/wp-content/uploads/2021/07/18106B-8.jpg', 'reason': 'low_resolution', 'width': 533, 'height': 800}, {'url': 'https://hologrammeparis.com/wp-content/uploads/2021/07/18106B-5.jpg', 'reason': 'low_resolution', 'width': 533, 'height': 800}, {'url': 'https://hologrammeparis.com/wp-content/uploads/2021/07/18106B-7.jpg', 'reason': 'low_resolution', 'width': 533, 'height': 800}, {'url': 'https://hologrammeparis.com/wp-content/uploads/2021/07/18106B-6.jpg', 'reason': 'low_resolution', 'width': 533, 'height': 800}, {'url': 'https://hologrammeparis.com/wp-content/uploads/2021/07/18106B-10.jpg', 'reason': 'low_resolution', 'width': 533, 'height': 800}]","[{'url': 'https://hologrammeparis.com/product/casquette-18106e/', 'name': 'Casquette - 18106MI - Hologramme Paris', 'description': 'Découvrez notre Casquette - 18106MI au prix de grossiste pour votre boutique sur Hologramme Paris.', 'price': None, 'currency': None, 'images': [{'url': 'https://hologrammeparis.com/wp-content/uploads/2021/07/18106E-Bleu-Fonce-5.jpg', 'alt': None, 'origin': 'og:image', 'position': 1}, {'url': 'https://hologrammeparis.com/wp-content/uploads/2021/07/18106E-Bleu-Fonce-9.jpg', 'alt': 'Casquette - 18106MI – Image 2', 'origin': 'gallery', 'position': 5, 'width_hint': 533, 'height_hint': 800}, {'url': 'https://hologrammeparis.com/wp-content/uploads/2021/07/18106E-Bleu-Fonce-4.jpg', 'alt': 'Casquette - 18106MI – Image 3', 'origin': 'gallery', 'position': 6, 'width_hint': 533, 'height_hint': 800}, {'url': 'https://hologrammeparis.com/wp-content/uploads/2021/07/18106E-Bleu-Fonce-8.jpg', 'alt': 'Casquette - 18106MI – Image 4', 'origin': 'gallery', 'position': 7, 'width_hint': 533, 'height_hint': 800}, {'url': 'https://hologrammeparis.com/wp-content/uploads/2021/07/18106E-Bleu-Fonce-7.jpg', 'alt': 'Casquette - 18106MI – Image 6', 'origin': 'gallery', 'position': 9, 'width_hint': 533, 'height_hint': 800}, {'url': 'https://hologrammeparis.com/wp-content/uploads/2021/07/18106E-Bleu-Fonce-6.jpg', 'alt': 'Casquette - 18106MI – Image 7', 'origin': 'gallery', 'position': 10, 'width_hint': 533, 'height_hint': 800}, {'url': 'https://hologrammeparis.com/wp-content/uploads/2021/07/18106E-Bleu-Fonce-10.jpg', 'alt': 'Casquette - 18106MI – Image 8', 'origin': 'gallery', 'position': 11, 'width_hint': 533, 'height_hint': 800}], 'raw_jsonld': None}, {'url': 'https://hologrammeparis.com/product/casquette-18106k/', 'name': 'Casquette - 18106K - Hologramme Paris', 'description': 'Découvrez notre Casquette - 18106K au prix de grossiste pour votre boutique sur Hologramme Paris.', 'price': None, 'currency': None, 'images': [{'url': 'https://hologrammeparis.com/wp-content/uploads/2021/07/18106K-Kaki-5.jpg', 'alt': None, 'origin': 'og:image', 'position': 1}, {'url': 'https://hologrammeparis.com/wp-content/uploads/2021/07/18106K-Kaki-9.jpg', 'alt': 'Casquette - 18106K – Image 2', 'origin': 'gallery', 'position': 5, 'width_hint': 533, 'height_hint': 800}, {'url': 'https://hologrammeparis.com/wp-content/uploads/2021/07/18106K-Kaki-4.jpg', 'alt': 'Casquette - 18106K – Image 3', 'origin': 'gallery', 'position': 6, 'width_hint': 533, 'height_hint': 800}, {'url': 'https://hologrammeparis.com/wp-content/uploads/2021/07/18106K-Kaki-8.jpg', 'alt': 'Casquette - 18106K – Image 4', 'origin': 'gallery', 'position': 7, 'width_hint': 533, 'height_hint': 800}, {'url': 'https://hologrammeparis.com/wp-content/uploads/2021/07/18106K-Kaki-7.jpg', 'alt': 'Casquette - 18106K – Image 5', 'origin': 'gallery', 'position': 8, 'width_hint': 533, 'height_hint': 800}, {'url': 'https://hologrammeparis.com/wp-content/uploads/2021/07/18106K-Kaki-6.jpg', 'alt': 'Casquette - 18106K – Image 7', 'origin': 'gallery', 'position': 10, 'width_hint': 533, 'height_hint': 800}], 'raw_jsonld': None}, {'url': 'https://hologrammeparis.com/product/casquette-18106c/', 'name': 'Casquette - 18106G - Hologramme Paris', 'description': 'Découvrez notre Casquette - 18106G au prix de grossiste pour votre boutique sur Hologramme Paris.', 'price': None, 'currency': None, 'images': [{'url': 'https://hologrammeparis.com/wp-content/uploads/2021/07/18106C-5.jpg', 'alt': None, 'origin': 'og:image', 'position': 1}, {'url': 'https://hologrammeparis.com/wp-content/uploads/2021/07/18106C-9.jpg', 'alt': 'Casquette - 18106G – Image 2', 'origin': 'gallery', 'position': 5, 'width_hint': 533, 'height_hint': 800}, {'url': 'https://hologrammeparis.com/wp-content/uploads/2021/07/18106C-4.jpg', 'alt': 'Casquette - 18106G – Image 3', 'origin': 'gallery', 'position': 6, 'width_hint': 533, 'height_hint': 800}, {'url': 'https://hologrammeparis.com/wp-content/uploads/2021/07/18106C-8.jpg', 'alt': 'Casquette - 18106G – Image 4', 'origin': 'gallery', 'position': 7, 'width_hint': 533, 'height_hint': 800}, {'url': 'https://hologrammeparis.com/wp-content/uploads/2021/07/18106C-6.jpg', 'alt': 'Casquette - 18106G – Image 6', 'origin': 'gallery', 'position': 9, 'width_hint': 533, 'height_hint': 800}, {'url': 'https://hologrammeparis.com/wp-content/uploads/2021/07/18106C-7.jpg', 'alt': 'Casquette - 18106G – Image 7', 'origin': 'gallery', 'position': 10, 'width_hint': 533, 'height_hint': 800}, {'url': 'https://hologrammeparis.com/wp-content/uploads/2021/07/18106C-10.jpg', 'alt': 'Casquette - 18106G – Image 8', 'origin': 'gallery', 'position': 11, 'width_hint': 533, 'height_hint': 800}], 'raw_jsonld': None}, {'url': 'https://hologrammeparis.com/product/casquette-18106b/', 'name': 'Casquette - 18106MA - Hologramme Paris', 'description': 'Découvrez notre Casquette - 18106MA au prix de grossiste pour votre boutique sur Hologramme Paris.', 'price': None, 'currency': None, 'images': [{'url': 'https://hologrammeparis.com/wp-content/uploads/2021/07/18106B-1.jpg', 'alt': None, 'origin': 'og:image', 'position': 1}, {'url': 'https://hologrammeparis.com/wp-content/uploads/2021/07/18106B-9.jpg', 'alt': 'Casquette - 18106MA – Image 2', 'origin': 'gallery', 'position': 5, 'width_hint': 533, 'height_hint': 800}, {'url': 'https://hologrammeparis.com/wp-content/uploads/2021/07/18106B-4.jpg', 'alt': 'Casquette - 18106MA – Image 3', 'origin': 'gallery', 'position': 6, 'width_hint': 533, 'height_hint': 800}, {'url': 'https://hologrammeparis.com/wp-content/uploads/2021/07/18106B-8.jpg', 'alt': 'Casquette - 18106MA – Image 4', 'origin': 'gallery', 'position': 7, 'width_hint': 533, 'height_hint': 800}, {'url': 'https://hologrammeparis.com/wp-content/uploads/2021/07/18106B-5.jpg', 'alt': 'Casquette - 18106MA – Image 5', 'origin': 'gallery', 'position': 8, 'width_hint': 533, 'height_hint': 800}, {'url': 'https://hologrammeparis.com/wp-content/uploads/2021/07/18106B-7.jpg', 'alt': 'Casquette - 18106MA – Image 6', 'origin': 'gallery', 'position': 9, 'width_hint': 533, 'height_hint': 800}, {'url': 'https://hologrammeparis.com/wp-content/uploads/2021/07/18106B-6.jpg', 'alt': 'Casquette - 18106MA – Image 7', 'origin': 'gallery', 'position': 10, 'width_hint': 533, 'height_hint': 800}, {'url': 'https://hologrammeparis.com/wp-content/uploads/2021/07/18106B-10.jpg', 'alt': 'Casquette - 18106MA – Image 8', 'origin': 'gallery', 'position': 11, 'width_hint': 533, 'height_hint': 800}], 'raw_jsonld': None}]",bone-18106mi-bone-18106k-bone-18106g-18106ma,,Découvrez notre Casquette - 18106MI au prix de grossiste pour votre boutique sur Hologramme Paris.
BOINAS INVERNO,30,HOLOGRAMME,BOINA MISTURA DE LÃ QUADRADOS,"Boina com mistura de lã e padrão quadrados, fabricada na Itália",https://hologrammeparis.com/product/casquette-18153k/,[],35.0,Boné – 18153K,['Rótulo: Fabricado na Itália'],"{'COR': 'Cáqui', 'TAMANHO': '55 , 56 , 57 , 58 , 59 , 60 , 61', 'VENDIDO POR': 'Unitário', 'COMPOSIÇÃO': '16% Poliéster – 25% Acrílico – 59% Lã'}",https://hologrammeparis.com/product/casquette-18153k/,"[{'path': 'images/boinas inverno/bone-18153k/img_01.jpg', 'url': '', 'origin': 'sheet', 'position': 1}, {'path': 'images/boinas inverno/bone-18153k/img_02.jpg', 'url': '', 'origin': 'sheet', 'position': 2}, {'path': 'images/boinas inverno/bone-18153k/img_03.jpg', 'url': '', 'origin': 'sheet', 'position': 3}, {'path': 'images/boinas inverno/bone-18153k/img_04.jpg', 'url': '', 'origin': 'sheet', 'position': 4}]","[{'url': 'https://hologrammeparis.com/wp-content/uploads/2021/07/18153K-Kaki-9.jpg', 'reason': 'low_resolution', 'width': 533, 'height': 800}]","[{'url': 'https://hologrammeparis.com/product/casquette-18153k/', 'name': 'Casquette - 18153K - Hologramme Paris', 'description': 'Découvrez notre Casquette - 18153K au prix de grossiste pour votre boutique sur Hologramme Paris.', 'price': None, 'currency': None, 'images': [{'url': 'https://hologrammeparis.com/wp-content/uploads/2021/08/18153K-1.jpg', 'alt': None, 'origin': 'og:image', 'position': 1}, {'url': 'https://hologrammeparis.com/wp-content/uploads/2021/08/18153K-4.jpg', 'alt': 'Casquette - 18153K – Image 2', 'origin': 'gallery', 'position': 5, 'width_hint': 800, 'height_hint': 1200}, {'url': 'https://hologrammeparis.com/wp-content/uploads/2021/08/18153K-2.jpg', 'alt': 'Casquette - 18153K – Image 3', 'origin': 'gallery', 'position': 6, 'width_hint': 800, 'height_hint': 1200}, {'url': 'https://hologrammeparis.com/wp-content/uploads/2021/08/18153K-3.jpg', 'alt': 'Casquette - 18153K – Image 4', 'origin': 'gallery', 'position': 7, 'width_hint': 800, 'height_hint': 1200}, {'url': 'https://hologrammeparis.com/wp-content/uploads/2021/07/18153K-Kaki-9.jpg', 'alt': 'Casquette - 18153K – Image 5', 'origin': 'gallery', 'position': 8, 'width_hint': 533, 'height_hint': 800}], 'raw_jsonld': None}]",bone-18153k,,Découvrez notre Casquette - 18153K au prix de grossiste pour votre boutique sur Hologramme Paris.
BOINAS INVERNO,34,HOLOGRAMME,BOINA PIEMONTE CASHMERE,WOOL & CASHEMERE,https://hologrammeparis.com/product/casquette-18445mi/,"['https://hologrammeparis.com/product/casquette-18445k/', 'https://hologrammeparis.com/product/casquette-18445n/', 'https://hologrammeparis.com/product/casquette-18445gr/', 'https://hologrammeparis.com/product/casquette-18445ca/']",29.9,"Boné – 18445MI
Boné – 18445K
Boné – 18445N
Boné – 18445GR
Boné – 18445CA","['Fabricado na Itália', 'Inverno', 'cashmere']","{'COR': 'Marinho, Cáqui, Preto, Cinza, Camel', 'TAMANHO': '55 , 56 , 57 , 58 , 59 , 60 , 61', 'VENDIDO POR': 'Unitário', 'COMPOSIÇÃO': '70% Lã – 20% Poliamida – 10% Caxemira'}","https://hologrammeparis.com/product/casquette-18445k/
https://hologrammeparis.com/product/casquette-18445n/
https://hologrammeparis.com/product/casquette-18445gr/
https://hologrammeparis.com/product/casquette-18445ca/","[{'path': 'images/boinas inverno/bone-18445mi-bone-18445k-bone-18445n-bone-18445gr-bone-18445ca/img_01.jpg', 'url': '', 'origin': 'sheet', 'position': 1}, {'path': 'images/boinas inverno/bone-18445mi-bone-18445k-bone-18445n-bone-18445gr-bone-18445ca/img_02.jpg', 'url': '', 'origin': 'sheet', 'position': 2}, {'path': 'images/boinas inverno/bone-18445mi-bone-18445k-bone-18445n-bone-18445gr-bone-18445ca/img_03.jpg', 'url': '', 'origin': 'sheet', 'position': 3}, {'path': 'images/boinas inverno/bone-18445mi-bone-18445k-bone-18445n-bone-18445gr-bone-18445ca/img_04.jpg', 'url': '', 'origin': 'sheet', 'position': 4}, {'path': 'images/boinas inverno/bone-18445mi-bone-18445k-bone-18445n-bone-18445gr-bone-18445ca/img_05.jpg', 'url': '', 'origin': 'sheet', 'position': 5}, {'path': 'images/boinas inverno/bone-18445mi-bone-18445k-bone-18445n-bone-18445gr-bone-18445ca/img_06.jpg', 'url': '', 'origin': 'sheet', 'position': 6}, {'path': 'images/boinas inverno/bone-18445mi-bone-18445k-bone-18445n-bone-18445gr-bone-18445ca/img_07.jpg', 'url': '', 'origin': 'sheet', 'position': 7}, {'path': 'images/boinas inverno/bone-18445mi-bone-18445k-bone-18445n-bone-18445gr-bone-18445ca/img_08.jpg', 'url': '', 'origin': 'sheet', 'position': 8}, {'path': 'images/boinas inverno/bone-18445mi-bone-18445k-bone-18445n-bone-18445gr-bone-18445ca/img_09.jpg', 'url': '', 'origin': 'sheet', 'position': 9}, {'path': 'images/boinas inverno/bone-18445mi-bone-18445k-bone-18445n-bone-18445gr-bone-18445ca/img_10.jpg', 'url': '', 'origin': 'sheet', 'position': 10}, {'path': 'images/boinas inverno/bone-18445mi-bone-18445k-bone-18445n-bone-18445gr-bone-18445ca/img_11.jpg', 'url': '', 'origin': 'sheet', 'position': 11}, {'path': 'images/boinas inverno/bone-18445mi-bone-18445k-bone-18445n-bone-18445gr-bone-18445ca/img_12.jpg', 'url': '', 'origin': 'sheet', 'position': 12}, {'path': 'images/boinas inverno/bone-18445mi-bone-18445k-bone-18445n-bone-18445gr-bone-18445ca/img_13.jpg', 'url': '', 'origin': 'sheet', 'position': 13}, {'path': 'images/boinas inverno/bone-18445mi-bone-18445k-bone-18445n-bone-18445gr-bone-18445ca/img_14.jpg', 'url': '', 'origin': 'sheet', 'position': 14}, {'path': 'images/boinas inverno/bone-18445mi-bone-18445k-bone-18445n-bone-18445gr-bone-18445ca/img_15.jpg', 'url': '', 'origin': 'sheet', 'position': 15}, {'path': 'images/boinas inverno/bone-18445mi-bone-18445k-bone-18445n-bone-18445gr-bone-18445ca/img_16.jpg', 'url': '', 'origin': 'sheet', 'position': 16}, {'path': 'images/boinas inverno/bone-18445mi-bone-18445k-bone-18445n-bone-18445gr-bone-18445ca/img_17.jpg', 'url': '', 'origin': 'sheet', 'position': 17}, {'path': 'images/boinas inverno/bone-18445mi-bone-18445k-bone-18445n-bone-18445gr-bone-18445ca/img_18.jpg', 'url': '', 'origin': 'sheet', 'position': 18}, {'path': 'images/boinas inverno/bone-18445mi-bone-18445k-bone-18445n-bone-18445gr-bone-18445ca/img_19.jpg', 'url': '', 'origin': 'sheet', 'position': 19}, {'path': 'images/boinas inverno/bone-18445mi-bone-18445k-bone-18445n-bone-18445gr-bone-18445ca/img_20.jpg', 'url': '', 'origin': 'sheet', 'position': 20}]",[],"[{'url': 'https://hologrammeparis.com/product/casquette-18445mi/', 'name': 'Casquette - 18445MI - Hologramme Paris', 'description': 'Découvrez notre Casquette - 18445MI au prix de grossiste pour votre boutique sur Hologramme Paris.', 'price': None, 'currency': None, 'images': [{'url': 'https://hologrammeparis.com/wp-content/uploads/2023/08/18445MI.jpg', 'alt': None, 'origin': 'og:image', 'position': 1}, {'url': 'https://hologrammeparis.com/wp-content/uploads/2023/08/18445MI-1.jpg', 'alt': 'Casquette - 18445MI – Image 2', 'origin': 'gallery', 'position': 5, 'width_hint': 800, 'height_hint': 1200}, {'url': 'https://hologrammeparis.com/wp-content/uploads/2023/08/18445MI-2.jpg', 'alt': 'Casquette - 18445MI – Image 3', 'origin': 'gallery', 'position': 6, 'width_hint': 800, 'height_hint': 1200}, {'url': 'https://hologrammeparis.com/wp-content/uploads/2023/08/18445MI-4.jpg', 'alt': 'Casquette - 18445MI – Image 4', 'origin': 'gallery', 'position': 7, 'width_hint': 800, 'height_hint': 1200}], 'raw_jsonld': None}, {'url': 'https://hologrammeparis.com/product/casquette-18445k/', 'name': 'Casquette - 18445K - Hologramme Paris', 'description': 'Découvrez notre Casquette - 18445K au prix de grossiste pour votre boutique sur Hologramme Paris.', 'price': None, 'currency': None, 'images': [{'url': 'https://hologrammeparis.com/wp-content/uploads/2023/08/18445K.jpg', 'alt': None, 'origin': 'og:image', 'position': 1}, {'url': 'https://hologrammeparis.com/wp-content/uploads/2023/08/18445K-1.jpg', 'alt': 'Casquette - 18445K – Image 2', 'origin': 'gallery', 'position': 5, 'width_hint': 800, 'height_hint': 1200}, {'url': 'https://hologrammeparis.com/wp-content/uploads/2023/08/18445K-2.jpg', 'alt': 'Casquette - 18445K – Image 3', 'origin': 'gallery', 'position': 6, 'width_hint': 800, 'height_hint': 1200}, {'url': 'https://hologrammeparis.com/wp-content/uploads/2023/08/18445K-4.jpg', 'alt': 'Casquette - 18445K – Image 4', 'origin': 'gallery', 'position': 7, 'width_hint': 800, 'height_hint': 1200}], 'raw_jsonld': None}, {'url': 'https://hologrammeparis.com/product/casquette-18445n/', 'name': 'Casquette - 18445N - Hologramme Paris', 'description': 'Découvrez notre Casquette - 18445N au prix de grossiste pour votre boutique sur Hologramme Paris.', 'price': None, 'currency': None, 'images': [{'url': 'https://hologrammeparis.com/wp-content/uploads/2023/08/18445N.jpg', 'alt': None, 'origin': 'og:image', 'position': 1}, {'url': 'https://hologrammeparis.com/wp-content/uploads/2023/08/18445N-1.jpg', 'alt': 'Casquette - 18445N – Image 2', 'origin': 'gallery', 'position': 5, 'width_hint': 800, 'height_hint': 1200}, {'url': 'https://hologrammeparis.com/wp-content/uploads/2023/08/18445N-2.jpg', 'alt': 'Casquette - 18445N – Image 3', 'origin': 'gallery', 'position': 6, 'width_hint': 800, 'height_hint': 1200}, {'url': 'https://hologrammeparis.com/wp-content/uploads/2023/08/18445N-4.jpg', 'alt': 'Casquette - 18445N – Image 4', 'origin': 'gallery', 'position': 7, 'width_hint': 800, 'height_hint': 1200}], 'raw_jsonld': None}, {'url': 'https://hologrammeparis.com/product/casquette-18445gr/', 'name': 'Casquette - 18445GR - Hologramme Paris', 'description': 'Découvrez notre Casquette - 18445GR au prix de grossiste pour votre boutique sur Hologramme Paris.', 'price': None, 'currency': None, 'images': [{'url': 'https://hologrammeparis.com/wp-content/uploads/2023/08/18445GR.jpg', 'alt': None, 'origin': 'og:image', 'position': 1}, {'url': 'https://hologrammeparis.com/wp-content/uploads/2023/08/18445GR-1.jpg', 'alt': 'Casquette - 18445GR – Image 2', 'origin': 'gallery', 'position': 5, 'width_hint': 800, 'height_hint': 1200}, {'url': 'https://hologrammeparis.com/wp-content/uploads/2023/08/18445GR-2.jpg', 'alt': 'Casquette - 18445GR – Image 3', 'origin': 'gallery', 'position': 6, 'width_hint': 800, 'height_hint': 1200}, {'url': 'https://hologrammeparis.com/wp-content/uploads/2023/08/18445GR-4.jpg', 'alt': 'Casquette - 18445GR – Image 4', 'origin': 'gallery', 'position': 7, 'width_hint': 800, 'height_hint': 1200}], 'raw_jsonld': None}, {'url': 'https://hologrammeparis.com/product/casquette-18445ca/', 'name': 'Casquette - 18445CA - Hologramme Paris', 'description': 'Découvrez notre Casquette - 18445CA au prix de grossiste pour votre boutique sur Hologramme Paris.', 'price': None, 'currency': None, 'images': [{'url': 'https://hologrammeparis.com/wp-content/uploads/2023/08/18445CA.jpg', 'alt': None, 'origin': 'og:image', 'position': 1}, {'url': 'https://hologrammeparis.com/wp-content/uploads/2023/08/18445CA-1.jpg', 'alt': 'Casquette - 18445CA – Image 2', 'origin': 'gallery', 'position': 5, 'width_hint': 800, 'height_hint': 1200}, {'url': 'https://hologrammeparis.com/wp-content/uploads/2023/08/18445CA-2.jpg', 'alt': 'Casquette - 18445CA – Image 3', 'origin': 'gallery', 'position': 6, 'width_hint': 800, 'height_hint': 1200}, {'url': 'https://hologrammeparis.com/wp-content/uploads/2023/08/18445CA-4.jpg', 'alt': 'Casquette - 18445CA – Image 4', 'origin': 'gallery', 'position': 7, 'width_hint': 800, 'height_hint': 1200}], 'raw_jsonld': None}]",bone-18445mi-bone-18445k-bone-18445n-bone-18445gr-bone-18445ca,,Découvrez notre Casquette - 18445MI au prix de grossiste pour votre boutique sur Hologramme Paris.
BOINAS INVERNO,40,HOLOGRAMME,BOINA OITAVADA PURE WOOL XADREZ,"Boina oitavada em 100% lã pura com padrão xadrez, fabricada na Itália",https://hologrammeparis.com/product/casquette-18440ol/,[],45.0,Boné – 18440OL,"['Fabricado na Itália', 'Inverno', 'Lã Pura']","{'COR': 'Oliva', 'TAMANHO': '55 , 56 , 57 , 58 , 59 , 60 , 61', 'VENDIDO POR': 'Unitário', 'COMPOSIÇÃO': '100% Lã'}",https://hologrammeparis.com/product/casquette-18440ol/,"[{'path': 'images/boinas inverno/bone-18440ol/img_01.jpg', 'url': '', 'origin': 'sheet', 'position': 1}, {'path': 'images/boinas inverno/bone-18440ol/img_02.jpg', 'url': '', 'origin': 'sheet', 'position': 2}, {'path': 'images/boinas inverno/bone-18440ol/img_03.jpg', 'url': '', 'origin': 'sheet', 'position': 3}, {'path': 'images/boinas inverno/bone-18440ol/img_04.jpg', 'url': '', 'origin': 'sheet', 'position': 4}]",[],"[{'url': 'https://hologrammeparis.com/product/casquette-18440ol/', 'name': 'Casquette - 18440OL - Hologramme Paris', 'description': 'Découvrez notre Casquette - 18440OL au prix de grossiste pour votre boutique sur Hologramme Paris.', 'price': None, 'currency': None, 'images': [{'url': 'https://hologrammeparis.com/wp-content/uploads/2023/08/18440OL.jpg', 'alt': None, 'origin': 'og:image', 'position': 1}, {'url': 'https://hologrammeparis.com/wp-content/uploads/2023/08/18440OL-1.jpg', 'alt': 'Casquette - 18440OL – Image 2', 'origin': 'gallery', 'position': 5, 'width_hint': 800, 'height_hint': 1200}, {'url': 'https://hologrammeparis.com/wp-content/uploads/2023/08/18440OL-2.jpg', 'alt': 'Casquette - 18440OL – Image 3', 'origin': 'gallery', 'position': 6, 'width_hint': 800, 'height_hint': 1200}, {'url': 'https://hologrammeparis.com/wp-content/uploads/2023/08/18440OL-4.jpg', 'alt': 'Casquette - 18440OL – Image 4', 'origin': 'gallery', 'position': 7, 'width_hint': 800, 'height_hint': 1200}], 'raw_jsonld': None}]",bone-18440ol,,Découvrez notre Casquette - 18440OL au prix de grossiste pour votre boutique sur Hologramme Paris.
BOINAS INVERNO,46,HOLOGRAMME,CHAPÉUS MIKI / MARINHEIRO,Gorro estilo bretão Miki Docker em lã com pata de aperto traseira,https://hologrammeparis.com/product/bonnet-22100/,[],24.9,"Gorro – Miki 22100

gorro de lã estilo bretão “Miki Docker” com aba de aperto traseira",['CHAPÉUS MIKI / MARINHEIRO'],"{'COR': 'Azul celeste , camelo claro , camelo escuro , cinza escuro , cáqui , marinho , marrom , mostarda , preto , vermelho , verde', 'VENDIDO POR': 'Unitário', 'COMPOSIÇÃO': '49% Viscose – 51% Lã'}",https://hologrammeparis.com/product/bonnet-22100/,"[{'path': 'images/boinas inverno/gorro-miki-22100-gorro-de-la-estilo-bretao-miki-docker-com-aba-de-aperto-traseira/img_01.jpg', 'url': '', 'origin': 'sheet', 'position': 1}]","[{'url': 'https://hologrammeparis.com/wp-content/uploads/2021/07/22100-Vert-2.jpg', 'reason': 'low_resolution', 'width': 533, 'height': 800}, {'url': 'https://hologrammeparis.com/wp-content/uploads/2021/07/22100-Vert-1.jpg', 'reason': 'low_resolution', 'width': 533, 'height': 800}, {'url': 'https://hologrammeparis.com/wp-content/uploads/2021/07/22100-Vert-3.jpg', 'reason': 'low_resolution', 'width': 533, 'height': 800}, {'url': 'https://hologrammeparis.com/wp-content/uploads/2021/07/22100-Vert-4.jpg', 'reason': 'low_resolution', 'width': 533, 'height': 800}]","[{'url': 'https://hologrammeparis.com/product/bonnet-22100/', 'name': 'Bonnet - Miki 22100 - Hologramme Paris', 'description': 'Notre version Hologramme Paris du «\xa0Miki Docker\xa0» Bonnet style breton en laine avec patte de serrage arrière Sobre et sans logo apparent', 'price': None, 'currency': None, 'images': [{'url': 'https://hologrammeparis.com/wp-content/uploads/2021/08/22100-Mannequin.jpg', 'alt': None, 'origin': 'og:image', 'position': 1}, {'url': 'https://hologrammeparis.com/wp-content/uploads/2021/07/22100-Vert-2.jpg', 'alt': 'Bonnet - Miki 22100 – Image 2', 'origin': 'gallery', 'position': 5, 'width_hint': 533, 'height_hint': 800}, {'url': 'https://hologrammeparis.com/wp-content/uploads/2021/07/22100-Vert-1.jpg', 'alt': 'Bonnet - Miki 22100 – Image 3', 'origin': 'gallery', 'position': 6, 'width_hint': 533, 'height_hint': 800}, {'url': 'https://hologrammeparis.com/wp-content/uploads/2021/07/22100-Vert-3.jpg', 'alt': 'Bonnet - Miki 22100 – Image 4', 'origin': 'gallery', 'position': 7, 'width_hint': 533, 'height_hint': 800}, {'url': 'https://hologrammeparis.com/wp-content/uploads/2021/07/22100-Vert-4.jpg', 'alt': 'Bonnet - Miki 22100 – Image 5', 'origin': 'gallery', 'position': 8, 'width_hint': 533, 'height_hint': 800}], 'raw_jsonld': None}]",gorro-miki-22100-gorro-de-la-estilo-bretao-miki-docker-com-aba-de-aperto-traseira,,Notre version Hologramme Paris du « Miki Docker » Bonnet style breton en laine avec patte de serrage arrière Sobre et sans logo apparent
BOINAS INVERNO,48,HOLOGRAMME,CHAPÉUS MIKI / MARINHEIRO,"Gorro estilo bretão em lã merino, fabricado em Portugal",https://hologrammeparis.com/product/bonnet-344974/?attribute_pa_couleur=gris-fonce,[],24.9,"Gorro – 344974

gorro de lã estilo bretão “Miki Docker” com aba de aperto traseira",['Etiqueta: Fabricado em Portugal'],"{'COR': 'Borgonha , Camelo Claro , Camelo Escuro , Cinza Claro , Cinza Escuro , Cáqui , Marinho , Marrom , Marrom Escuro , Mostarda , Preto , Vermelho , Roxo', 'VENDIDO POR': 'Unitário', 'COMPOSIÇÃO': '20% Poliamida – 80% Lã Merino'}",https://hologrammeparis.com/product/bonnet-344974/?attribute_pa_couleur=gris-fonce,"[{'path': 'images/boinas inverno/gorro-344974-gorro-de-la-estilo-bretao-miki-docker-com-aba-de-aperto-traseira/img_01.jpg', 'url': '', 'origin': 'sheet', 'position': 1}]","[{'url': 'https://hologrammeparis.com/wp-content/uploads/2021/07/344974-Bordeaux.jpg', 'reason': 'fallback_used_low_resolution', 'width': 533, 'height': 800}, {'url': 'https://hologrammeparis.com/wp-content/uploads/2021/07/344974-Gris-Clair-2.jpg', 'reason': 'low_resolution', 'width': 533, 'height': 800}, {'url': 'https://hologrammeparis.com/wp-content/uploads/2021/07/344974-Gris-Clair-3.jpg', 'reason': 'low_resolution', 'width': 533, 'height': 800}, {'url': 'https://hologrammeparis.com/wp-content/uploads/2021/07/344974-Gris-Clair-4.jpg', 'reason': 'low_resolution', 'width': 533, 'height': 800}, {'url': 'https://hologrammeparis.com/wp-content/uploads/2021/07/344974-Gris-Clair-5.jpg', 'reason': 'low_resolution', 'width': 533, 'height': 800}]","[{'url': 'https://hologrammeparis.com/product/bonnet-344974/?attribute_pa_couleur=gris-fonce', 'name': 'Bonnet - 4974 Laine - Hologramme Paris', 'description': 'Découvrez notre Bonnet - 4974 Laine au prix de grossiste pour votre boutique sur Hologramme Paris.', 'price': None, 'currency': None, 'images': [{'url': 'https://hologrammeparis.com/wp-content/uploads/2021/07/344974-Bordeaux.jpg', 'alt': None, 'origin': 'og:image', 'position': 1}, {'url': 'https://hologrammeparis.com/wp-content/uploads/2021/07/344974-Gris-Clair-2.jpg', 'alt': 'Bonnet - 4974 Laine – Image 2', 'origin': 'gallery', 'position': 5, 'width_hint': 533, 'height_hint': 800}, {'url': 'https://hologrammeparis.com/wp-content/uploads/2021/07/344974-Gris-Clair-3.jpg', 'alt': 'Bonnet - 4974 Laine – Image 3', 'origin': 'gallery', 'position': 6, 'width_hint': 533, 'height_hint': 800}, {'url': 'https://hologrammeparis.com/wp-content/uploads/2021/07/344974-Gris-Clair-4.jpg', 'alt': 'Bonnet - 4974 Laine – Image 4', 'origin': 'gallery', 'position': 7, 'width_hint': 533, 'height_hint': 800}, {'url': 'https://hologrammeparis.com/wp-content/uploads/2021/07/344974-Gris-Clair-5.jpg', 'alt': 'Bonnet - 4974 Laine – Image 5', 'origin': 'gallery', 'position': 8, 'width_hint': 533, 'height_hint': 800}], 'raw_jsonld': None}]",gorro-344974-gorro-de-la-estilo-bretao-miki-docker-com-aba-de-aperto-traseira,,Découvrez notre Bonnet - 4974 Laine au prix de grossiste pour votre boutique sur Hologramme Paris.
BOINAS INVERNO,50,HOLOGRAMME,BOINA SEXTAVADA PURE WOOL,"Boina sextavada em 100% lã pura, fabricada na Itália",https://hologrammeparis.com/product/casquette-18508mi/,"['https://hologrammeparis.com/product/casquette-18508k/', 'https://hologrammeparis.com/fr/product/casquette-18452mi/', 'https://hologrammeparis.com/fr/product/casquette-18452ma/']",55.0,"Boné – 18508MI
18452","['Fabricado na Itália', 'Inverno', 'Lã Pura']","{'COR': 'Marinha, Caqui, Marrom', 'TAMANHO': '55 , 56 , 57 , 58 , 59 , 60 , 61', 'VENDIDO POR': 'Unitário', 'COMPOSIÇÃO': '100% Lã'}","https://hologrammeparis.com/product/casquette-18508k/
https://hologrammeparis.com/fr/product/casquette-18452mi/
https://hologrammeparis.com/fr/product/casquette-18452ma/","[{'path': 'images/boinas inverno/bone-18508mi-18452/img_01.jpg', 'url': '', 'origin': 'sheet', 'position': 1}, {'path': 'images/boinas inverno/bone-18508mi-18452/img_02.jpg', 'url': '', 'origin': 'sheet', 'position': 2}, {'path': 'images/boinas inverno/bone-18508mi-18452/img_03.jpg', 'url': '', 'origin': 'sheet', 'position': 3}, {'path': 'images/boinas inverno/bone-18508mi-18452/img_04.jpg', 'url': '', 'origin': 'sheet', 'position': 4}, {'path': 'images/boinas inverno/bone-18508mi-18452/img_05.jpg', 'url': '', 'origin': 'sheet', 'position': 5}, {'path': 'images/boinas inverno/bone-18508mi-18452/img_06.jpg', 'url': '', 'origin': 'sheet', 'position': 6}, {'path': 'images/boinas inverno/bone-18508mi-18452/img_07.jpg', 'url': '', 'origin': 'sheet', 'position': 7}, {'path': 'images/boinas inverno/bone-18508mi-18452/img_08.jpg', 'url': '', 'origin': 'sheet', 'position': 8}, {'path': 'images/boinas inverno/bone-18508mi-18452/img_09.jpg', 'url': '', 'origin': 'sheet', 'position': 9}, {'path': 'images/boinas inverno/bone-18508mi-18452/img_10.jpg', 'url': '', 'origin': 'sheet', 'position': 10}, {'path': 'images/boinas inverno/bone-18508mi-18452/img_11.jpg', 'url': '', 'origin': 'sheet', 'position': 11}, {'path': 'images/boinas inverno/bone-18508mi-18452/img_12.jpg', 'url': '', 'origin': 'sheet', 'position': 12}, {'path': 'images/boinas inverno/bone-18508mi-18452/img_13.jpg', 'url': '', 'origin': 'sheet', 'position': 13}, {'path': 'images/boinas inverno/bone-18508mi-18452/img_14.jpg', 'url': '', 'origin': 'sheet', 'position': 14}, {'path': 'images/boinas inverno/bone-18508mi-18452/img_15.jpg', 'url': '', 'origin': 'sheet', 'position': 15}, {'path': 'images/boinas inverno/bone-18508mi-18452/img_16.jpg', 'url': '', 'origin': 'sheet', 'position': 16}]",[],"[{'url': 'https://hologrammeparis.com/product/casquette-18508mi/', 'name': 'Casquette - 18508MI - Hologramme Paris', 'description': 'Découvrez notre Casquette - 18508MI au prix de grossiste pour votre boutique sur Hologramme Paris.', 'price': None, 'currency': None, 'images': [{'url': 'https://hologrammeparis.com/wp-content/uploads/2024/08/18508MI-1.jpg', 'alt': None, 'origin': 'og:image', 'position': 1}, {'url': 'https://hologrammeparis.com/wp-content/uploads/2024/08/18508MI-2.jpg', 'alt': 'Casquette - 18508MI – Image 2', 'origin': 'gallery', 'position': 5, 'width_hint': 800, 'height_hint': 1200}, {'url': 'https://hologrammeparis.com/wp-content/uploads/2024/08/18508MI-3.jpg', 'alt': 'Casquette - 18508MI – Image 3', 'origin': 'gallery', 'position': 6, 'width_hint': 800, 'height_hint': 1200}, {'url': 'https://hologrammeparis.com/wp-content/uploads/2024/08/18508MI-4.jpg', 'alt': 'Casquette - 18508MI – Image 4', 'origin': 'gallery', 'position': 7, 'width_hint': 800, 'height_hint': 1200}], 'raw_jsonld': None}, {'url': 'https://hologrammeparis.com/product/casquette-18508k/', 'name': 'Casquette - 18508K - Hologramme Paris', 'description': 'Découvrez notre Casquette - 18508K au prix de grossiste pour votre boutique sur Hologramme Paris.', 'price': None, 'currency': None, 'images': [{'url': 'https://hologrammeparis.com/wp-content/uploads/2024/08/18508K-1.jpg', 'alt': None, 'origin': 'og:image', 'position': 1}, {'url': 'https://hologrammeparis.com/wp-content/uploads/2024/08/18508K-2.jpg', 'alt': 'Casquette - 18508K – Image 2', 'origin': 'gallery', 'position': 5, 'width_hint': 800, 'height_hint': 1200}, {'url': 'https://hologrammeparis.com/wp-content/uploads/2024/08/18508K-3.jpg', 'alt': 'Casquette - 18508K – Image 3', 'origin': 'gallery', 'position': 6, 'width_hint': 800, 'height_hint': 1200}, {'url': 'https://hologrammeparis.com/wp-content/uploads/2024/08/18508K-4.jpg', 'alt': 'Casquette - 18508K – Image 4', 'origin': 'gallery', 'position': 7, 'width_hint': 800, 'height_hint': 1200}], 'raw_jsonld': None}, {'url': 'https://hologrammeparis.com/fr/product/casquette-18452mi/', 'name': 'Casquette - 18452MI - Hologramme Paris', 'description': 'Découvrez notre Casquette - 18452MI au prix de grossiste pour votre boutique sur Hologramme Paris.', 'price': None, 'currency': None, 'images': [{'url': 'https://hologrammeparis.com/wp-content/uploads/2023/08/18452MI.jpg', 'alt': None, 'origin': 'og:image', 'position': 1}, {'url': 'https://hologrammeparis.com/wp-content/uploads/2023/08/18452MI-1.jpg', 'alt': 'Casquette - 18452MI – Image 2', 'origin': 'gallery', 'position': 5, 'width_hint': 800, 'height_hint': 1200}, {'url': 'https://hologrammeparis.com/wp-content/uploads/2023/08/18452MI-2.jpg', 'alt': 'Casquette - 18452MI – Image 3', 'origin': 'gallery', 'position': 6, 'width_hint': 800, 'height_hint': 1200}, {'url': 'https://hologrammeparis.com/wp-content/uploads/2023/08/18452MI-4.jpg', 'alt': 'Casquette - 18452MI – Image 4', 'origin': 'gallery', 'position': 7, 'width_hint': 800, 'height_hint': 1200}], 'raw_jsonld': None}, {'url': 'https://hologrammeparis.com/fr/product/casquette-18452ma/', 'name': 'Casquette - 18452MA - Hologramme Paris', 'description': 'Découvrez notre Casquette - 18452MA au prix de grossiste pour votre boutique sur Hologramme Paris.', 'price': None, 'currency': None, 'images': [{'url': 'https://hologrammeparis.com/wp-content/uploads/2023/08/18452MA.jpg', 'alt': None, 'origin': 'og:image', 'position': 1}, {'url': 'https://hologrammeparis.com/wp-content/uploads/2023/08/18452MA-1.jpg', 'alt': 'Casquette - 18452MA – Image 2', 'origin': 'gallery', 'position': 5, 'width_hint': 800, 'height_hint': 1200}, {'url': 'https://hologrammeparis.com/wp-content/uploads/2023/08/18452MA-2.jpg', 'alt': 'Casquette - 18452MA – Image 3', 'origin': 'gallery', 'position': 6, 'width_hint': 800, 'height_hint': 1200}, {'url': 'https://hologrammeparis.com/wp-content/uploads/2023/08/18452MA-4.jpg', 'alt': 'Casquette - 18452MA – Image 4', 'origin': 'gallery', 'position': 7, 'width_hint': 800, 'height_hint': 1200}], 'raw_jsonld': None}]",bone-18508mi-18452,,Découvrez notre Casquette - 18508MI au prix de grossiste pour votre boutique sur Hologramme Paris.
BOINAS INVERNO,52,HOLOGRAMME,BOINA HARRIS TWEED QUADRADOS,Harris Tweed 100% lã virgem,https://hologrammeparis.com/product/casquette-18500mi/,[],85.0,Boné – 18500MI,"['Fabricado na Itália', 'Harris Tweed', 'Inverno', 'Lã Pura']","{'COR': 'Marinho', 'TAMANHO': '55 , 56 , 57 , 58 , 59 , 60 , 61', 'VENDIDO POR': 'Unitário', 'COMPOSIÇÃO': '100% Lã'}",https://hologrammeparis.com/product/casquette-18500mi/,"[{'path': 'images/boinas inverno/bone-18500mi/img_01.jpg', 'url': '', 'origin': 'sheet', 'position': 1}, {'path': 'images/boinas inverno/bone-18500mi/img_02.jpg', 'url': '', 'origin': 'sheet', 'position': 2}, {'path': 'images/boinas inverno/bone-18500mi/img_03.jpg', 'url': '', 'origin': 'sheet', 'position': 3}, {'path': 'images/boinas inverno/bone-18500mi/img_04.jpg', 'url': '', 'origin': 'sheet', 'position': 4}]",[],"[{'url': 'https://hologrammeparis.com/product/casquette-18500mi/', 'name': 'Casquette - 18500MI - Hologramme Paris', 'description': 'Harris Tweed 100% Laine vierge', 'price': None, 'currency': None, 'images': [{'url': 'https://hologrammeparis.com/wp-content/uploads/2024/08/18500MI-1.jpg', 'alt': None, 'origin': 'og:image', 'position': 1}, {'url': 'https://hologrammeparis.com/wp-content/uploads/2024/08/18500MI-2.jpg', 'alt': 'Casquette - 18500MI – Image 2', 'origin': 'gallery', 'position': 5, 'width_hint': 800, 'height_hint': 1200}, {'url': 'https://hologrammeparis.com/wp-content/uploads/2024/08/18500MI-3.jpg', 'alt': 'Casquette - 18500MI – Image 3', 'origin': 'gallery', 'position': 6, 'width_hint': 800, 'height_hint': 1200}, {'url': 'https://hologrammeparis.com/wp-content/uploads/2024/08/18500MI-4.jpg', 'alt': 'Casquette - 18500MI – Image 4', 'origin': 'gallery', 'position': 7, 'width_hint': 800, 'height_hint': 1200}], 'raw_jsonld': None}]",bone-18500mi,,Harris Tweed 100% Laine vierge
BOINAS INVERNO,54,HOLOGRAMME,BOINA HARRIS TWEED PATCHWORK,Harris Tweed 100% lã virgem,https://hologrammeparis.com/product/casquette-18501mi/,[],85.0,Boné – 18501MI,"['Fabricado na Itália', 'Harris Tweed', 'Inverno', 'Lã Pura']","{'COR': 'Marinho', 'TAMANHO': '55 , 56 , 57 , 58 , 59 , 60 , 61', 'VENDIDO POR': 'Unitário', 'COMPOSIÇÃO': '100% Lã'}",https://hologrammeparis.com/product/casquette-18501mi/,"[{'path': 'images/boinas inverno/bone-18501mi/img_01.jpg', 'url': '', 'origin': 'sheet', 'position': 1}, {'path': 'images/boinas inverno/bone-18501mi/img_02.jpg', 'url': '', 'origin': 'sheet', 'position': 2}, {'path': 'images/boinas inverno/bone-18501mi/img_03.jpg', 'url': '', 'origin': 'sheet', 'position': 3}, {'path': 'images/boinas inverno/bone-18501mi/img_04.jpg', 'url': '', 'origin': 'sheet', 'position': 4}]",[],"[{'url': 'https://hologrammeparis.com/product/casquette-18501mi/', 'name': 'Casquette - 18501MI - Hologramme Paris', 'description': 'Harris Tweed 100% Laine vierge', 'price': None, 'currency': None, 'images': [{'url': 'https://hologrammeparis.com/wp-content/uploads/2024/08/18501MI-1.jpg', 'alt': None, 'origin': 'og:image', 'position': 1}, {'url': 'https://hologrammeparis.com/wp-content/uploads/2024/08/18501MI-2.jpg', 'alt': 'Casquette - 18501MI – Image 2', 'origin': 'gallery', 'position': 5, 'width_hint': 800, 'height_hint': 1200}, {'url': 'https://hologrammeparis.com/wp-content/uploads/2024/08/18501MI-3.jpg', 'alt': 'Casquette - 18501MI – Image 3', 'origin': 'gallery', 'position': 6, 'width_hint': 800, 'height_hint': 1200}, {'url': 'https://hologrammeparis.com/wp-content/uploads/2024/08/18501MI-4.jpg', 'alt': 'Casquette - 18501MI – Image 4', 'origin': 'gallery', 'position': 7, 'width_hint': 800, 'height_hint': 1200}], 'raw_jsonld': None}]",bone-18501mi,,Harris Tweed 100% Laine vierge
BOINAS INVERNO,56,HOLOGRAMME,BOINA PIEMONTE MIX WOOL,"Boina Piemonte com mistura de lã, fabricada na Itália",https://hologrammeparis.com/product/casquette-18074bl/,"['https://hologrammeparis.com/product/casquette-18074v/', 'https://hologrammeparis.com/product/casquette-18074gc/']",29.9,"Boné – 18074
Boné – 18074K
Boné – 18074GC","['Fabricado na Itália', 'Inverno']","{'COR': 'Azul, Verde, Cinza', 'TAMANHO': '55 , 56 , 57 , 58 , 59 , 60 , 61', 'VENDIDO POR': 'Unitário', 'COMPOSIÇÃO': '35% Lã – 25% Poliéster – 20% Acrílico – 10% Algodão – 10% Poliamida'}","https://hologrammeparis.com/product/casquette-18074v/
https://hologrammeparis.com/product/casquette-18074gc/","[{'path': 'images/boinas inverno/bone-18074-bone-18074k-bone-18074gc/img_01.jpg', 'url': '', 'origin': 'sheet', 'position': 1}, {'path': 'images/boinas inverno/bone-18074-bone-18074k-bone-18074gc/img_02.jpg', 'url': '', 'origin': 'sheet', 'position': 2}, {'path': 'images/boinas inverno/bone-18074-bone-18074k-bone-18074gc/img_03.jpg', 'url': '', 'origin': 'sheet', 'position': 3}, {'path': 'images/boinas inverno/bone-18074-bone-18074k-bone-18074gc/img_04.jpg', 'url': '', 'origin': 'sheet', 'position': 4}, {'path': 'images/boinas inverno/bone-18074-bone-18074k-bone-18074gc/img_05.jpg', 'url': '', 'origin': 'sheet', 'position': 5}, {'path': 'images/boinas inverno/bone-18074-bone-18074k-bone-18074gc/img_06.jpg', 'url': '', 'origin': 'sheet', 'position': 6}, {'path': 'images/boinas inverno/bone-18074-bone-18074k-bone-18074gc/img_07.jpg', 'url': '', 'origin': 'sheet', 'position': 7}, {'path': 'images/boinas inverno/bone-18074-bone-18074k-bone-18074gc/img_08.jpg', 'url': '', 'origin': 'sheet', 'position': 8}, {'path': 'images/boinas inverno/bone-18074-bone-18074k-bone-18074gc/img_09.jpg', 'url': '', 'origin': 'sheet', 'position': 9}, {'path': 'images/boinas inverno/bone-18074-bone-18074k-bone-18074gc/img_12.jpg', 'url': '', 'origin': 'sheet', 'position': 10}, {'path': 'images/boinas inverno/bone-18074-bone-18074k-bone-18074gc/img_13.jpg', 'url': '', 'origin': 'sheet', 'position': 11}, {'path': 'images/boinas inverno/bone-18074-bone-18074k-bone-18074gc/img_14.jpg', 'url': '', 'origin': 'sheet', 'position': 12}, {'path': 'images/boinas inverno/bone-18074-bone-18074k-bone-18074gc/img_15.jpg', 'url': '', 'origin': 'sheet', 'position': 13}]","[{'url': 'https://hologrammeparis.com/wp-content/uploads/2021/07/18074V-9.jpg', 'reason': 'low_resolution', 'width': 533, 'height': 800}, {'url': 'https://hologrammeparis.com/wp-content/uploads/2021/07/18074V-2.jpg', 'reason': 'low_resolution', 'width': 533, 'height': 800}, {'url': 'https://hologrammeparis.com/wp-content/uploads/2021/07/18074GC-2.jpg', 'reason': 'low_resolution', 'width': 533, 'height': 800}, {'url': 'https://hologrammeparis.com/wp-content/uploads/2021/07/18074GC-5.jpg', 'reason': 'low_resolution', 'width': 533, 'height': 800}, {'url': 'https://hologrammeparis.com/wp-content/uploads/2021/07/18074GC-3.jpg', 'reason': 'low_resolution', 'width': 533, 'height': 800}]","[{'url': 'https://hologrammeparis.com/product/casquette-18074bl/', 'name': 'Casquette - 18074BL - Hologramme Paris', 'description': 'Découvrez notre Casquette - 18074BL au prix de grossiste pour votre boutique sur Hologramme Paris.', 'price': None, 'currency': None, 'images': [{'url': 'https://hologrammeparis.com/wp-content/uploads/2021/09/18074BL-1.jpg', 'alt': None, 'origin': 'og:image', 'position': 1}, {'url': 'https://hologrammeparis.com/wp-content/uploads/2021/09/18074BL-4.jpg', 'alt': 'Casquette - 18074BL – Image 2', 'origin': 'gallery', 'position': 5, 'width_hint': 800, 'height_hint': 1200}, {'url': 'https://hologrammeparis.com/wp-content/uploads/2021/09/18074BL-5.jpg', 'alt': 'Casquette - 18074BL – Image 3', 'origin': 'gallery', 'position': 6, 'width_hint': 800, 'height_hint': 1200}, {'url': 'https://hologrammeparis.com/wp-content/uploads/2021/09/18074BL-3.jpg', 'alt': 'Casquette - 18074BL – Image 4', 'origin': 'gallery', 'position': 7, 'width_hint': 800, 'height_hint': 1200}, {'url': 'https://hologrammeparis.com/wp-content/uploads/2021/09/18074BL-2.jpg', 'alt': 'Casquette - 18074BL – Image 5', 'origin': 'gallery', 'position': 8, 'width_hint': 800, 'height_hint': 1200}], 'raw_jsonld': None}, {'url': 'https://hologrammeparis.com/product/casquette-18074v/', 'name': 'Casquette - 18074K - Hologramme Paris', 'description': 'Découvrez notre Casquette - 18074K au prix de grossiste pour votre boutique sur Hologramme Paris.', 'price': None, 'currency': None, 'images': [{'url': 'https://hologrammeparis.com/wp-content/uploads/2021/08/18074K-1.jpg', 'alt': None, 'origin': 'og:image', 'position': 1}, {'url': 'https://hologrammeparis.com/wp-content/uploads/2021/08/18074K-4.jpg', 'alt': 'Casquette - 18074K – Image 2', 'origin': 'gallery', 'position': 5, 'width_hint': 800, 'height_hint': 1200}, {'url': 'https://hologrammeparis.com/wp-content/uploads/2021/08/18074K-3.jpg', 'alt': 'Casquette - 18074K – Image 3', 'origin': 'gallery', 'position': 6, 'width_hint': 800, 'height_hint': 1200}, {'url': 'https://hologrammeparis.com/wp-content/uploads/2021/08/18074K-2.jpg', 'alt': 'Casquette - 18074K – Image 4', 'origin': 'gallery', 'position': 7, 'width_hint': 800, 'height_hint': 1200}, {'url': 'https://hologrammeparis.com/wp-content/uploads/2021/07/18074V-9.jpg', 'alt': 'Casquette - 18074K – Image 5', 'origin': 'gallery', 'position': 8, 'width_hint': 533, 'height_hint': 800}, {'url': 'https://hologrammeparis.com/wp-content/uploads/2021/07/18074V-2.jpg', 'alt': 'Casquette - 18074K – Image 6', 'origin': 'gallery', 'position': 9, 'width_hint': 533, 'height_hint': 800}], 'raw_jsonld': None}, {'url': 'https://hologrammeparis.com/product/casquette-18074gc/', 'name': 'Casquette - 18074GC - Hologramme Paris', 'description': 'Découvrez notre Casquette - 18074GC au prix de grossiste pour votre boutique sur Hologramme Paris.', 'price': None, 'currency': None, 'images': [{'url': 'https://hologrammeparis.com/wp-content/uploads/2021/08/18074GC-1.jpg', 'alt': None, 'origin': 'og:image', 'position': 1}, {'url': 'https://hologrammeparis.com/wp-content/uploads/2021/08/18074GC-4.jpg', 'alt': 'Casquette - 18074GC – Image 2', 'origin': 'gallery', 'position': 5, 'width_hint': 800, 'height_hint': 1200}, {'url': 'https://hologrammeparis.com/wp-content/uploads/2021/08/18074GC-2.jpg', 'alt': 'Casquette - 18074GC – Image 3', 'origin': 'gallery', 'position': 6, 'width_hint': 800, 'height_hint': 1200}, {'url': 'https://hologrammeparis.com/wp-content/uploads/2021/08/18074GC-3.jpg', 'alt': 'Casquette - 18074GC – Image 4', 'origin': 'gallery', 'position': 7, 'width_hint': 800, 'height_hint': 1200}, {'url': 'https://hologrammeparis.com/wp-content/uploads/2021/07/18074GC-2.jpg', 'alt': 'Casquette - 18074GC – Image 5', 'origin': 'gallery', 'position': 8, 'width_hint': 533, 'height_hint': 800}, {'url': 'https://hologrammeparis.com/wp-content/uploads/2021/07/18074GC-5.jpg', 'alt': 'Casquette - 18074GC – Image 6', 'origin': 'gallery', 'position': 9, 'width_hint': 533, 'height_hint': 800}, {'url': 'https://hologrammeparis.com/wp-content/uploads/2021/07/18074GC-3.jpg', 'alt': 'Casquette - 18074GC – Image 7', 'origin': 'gallery', 'position': 10, 'width_hint': 533, 'height_hint': 800}], 'raw_jsonld': None}]",bone-18074-bone-18074k-bone-18074gc,,Découvrez notre Casquette - 18074BL au prix de grossiste pour votre boutique sur Hologramme Paris.
BOINAS INVERNO,58,HOLOGRAMME,BOINA SEXTAVADA COM BOMBAZINE,"Boina sextavada em bombazine, fabricada na Itália",https://hologrammeparis.com/product/casquette-18279k/,"['https://hologrammeparis.com/product/casquette-18279mi/', 'https://hologrammeparis.com/product/casquette-18279ma/', 'https://hologrammeparis.com/product/casquette-18279bg/']",45.0,"Boné – 18279K
Boné – 18279MA
Boné – 18279MI
Boné – 18279BG
Boné – 18279G","['Fabricado na Itália', 'Inverno']","{'COR': 'Azul, Preto, Bege, Marrom, Cinza, Verde', 'TAMANHO': '55 , 56 , 57 , 58 , 59 , 60 , 61', 'VENDIDO POR': 'Unitário', 'COMPOSIÇÃO': '61% Poliéster – 31% Viscose – 8% Elastano , Forro: Poliéster'}","https://hologrammeparis.com/product/casquette-18279mi/
https://hologrammeparis.com/product/casquette-18279ma/
https://hologrammeparis.com/product/casquette-18279bg/","[{'path': 'images/boinas inverno/bone-18279k-bone-18279ma-bone-18279mi-bone-18279bg-bone-18279g/img_01.jpg', 'url': '', 'origin': 'sheet', 'position': 1}, {'path': 'images/boinas inverno/bone-18279k-bone-18279ma-bone-18279mi-bone-18279bg-bone-18279g/img_02.jpg', 'url': '', 'origin': 'sheet', 'position': 2}, {'path': 'images/boinas inverno/bone-18279k-bone-18279ma-bone-18279mi-bone-18279bg-bone-18279g/img_03.jpg', 'url': '', 'origin': 'sheet', 'position': 3}, {'path': 'images/boinas inverno/bone-18279k-bone-18279ma-bone-18279mi-bone-18279bg-bone-18279g/img_04.jpg', 'url': '', 'origin': 'sheet', 'position': 4}, {'path': 'images/boinas inverno/bone-18279k-bone-18279ma-bone-18279mi-bone-18279bg-bone-18279g/img_05.jpg', 'url': '', 'origin': 'sheet', 'position': 5}, {'path': 'images/boinas inverno/bone-18279k-bone-18279ma-bone-18279mi-bone-18279bg-bone-18279g/img_06.jpg', 'url': '', 'origin': 'sheet', 'position': 6}, {'path': 'images/boinas inverno/bone-18279k-bone-18279ma-bone-18279mi-bone-18279bg-bone-18279g/img_07.jpg', 'url': '', 'origin': 'sheet', 'position': 7}, {'path': 'images/boinas inverno/bone-18279k-bone-18279ma-bone-18279mi-bone-18279bg-bone-18279g/img_08.jpg', 'url': '', 'origin': 'sheet', 'position': 8}, {'path': 'images/boinas inverno/bone-18279k-bone-18279ma-bone-18279mi-bone-18279bg-bone-18279g/img_09.jpg', 'url': '', 'origin': 'sheet', 'position': 9}, {'path': 'images/boinas inverno/bone-18279k-bone-18279ma-bone-18279mi-bone-18279bg-bone-18279g/img_10.jpg', 'url': '', 'origin': 'sheet', 'position': 10}, {'path': 'images/boinas inverno/bone-18279k-bone-18279ma-bone-18279mi-bone-18279bg-bone-18279g/img_11.jpg', 'url': '', 'origin': 'sheet', 'position': 11}, {'path': 'images/boinas inverno/bone-18279k-bone-18279ma-bone-18279mi-bone-18279bg-bone-18279g/img_12.jpg', 'url': '', 'origin': 'sheet', 'position': 12}]",[],"[{'url': 'https://hologrammeparis.com/product/casquette-18279k/', 'name': 'Casquette - 18279K - Hologramme Paris', 'description': 'Découvrez notre Casquette - 18279K au prix de grossiste pour votre boutique sur Hologramme Paris.', 'price': None, 'currency': None, 'images': [{'url': 'https://hologrammeparis.com/wp-content/uploads/2022/08/18279K.jpg', 'alt': None, 'origin': 'og:image', 'position': 1}, {'url': 'https://hologrammeparis.com/wp-content/uploads/2022/08/18279K-1.jpg', 'alt': 'Casquette - 18279K – Image 2', 'origin': 'gallery', 'position': 5, 'width_hint': 800, 'height_hint': 1200}, {'url': 'https://hologrammeparis.com/wp-content/uploads/2022/08/18279K-2.jpg', 'alt': 'Casquette - 18279K – Image 3', 'origin': 'gallery', 'position': 6, 'width_hint': 800, 'height_hint': 1200}, {'url': 'https://hologrammeparis.com/wp-content/uploads/2022/08/18279K-3.jpg', 'alt': 'Casquette - 18279K – Image 4', 'origin': 'gallery', 'position': 7, 'width_hint': 800, 'height_hint': 1200}], 'raw_jsonld': None}, {'error': '404 Client Error: Not Found for url: https://hologrammeparis.com/product/casquette-18279mi/', 'url': 'https://hologrammeparis.com/product/casquette-18279mi/', 'images': []}, {'url': 'https://hologrammeparis.com/product/casquette-18279ma/', 'name': 'Casquette - 18279MA - Hologramme Paris', 'description': 'Découvrez notre Casquette - 18279MA au prix de grossiste pour votre boutique sur Hologramme Paris.', 'price': None, 'currency': None, 'images': [{'url': 'https://hologrammeparis.com/wp-content/uploads/2024/11/18279MA-1.jpg', 'alt': None, 'origin': 'og:image', 'position': 1}, {'url': 'https://hologrammeparis.com/wp-content/uploads/2024/11/18279MA-3.jpg', 'alt': 'Casquette - 18279MA – Image 2', 'origin': 'gallery', 'position': 5, 'width_hint': 800, 'height_hint': 1200}, {'url': 'https://hologrammeparis.com/wp-content/uploads/2024/11/18279MA-2.jpg', 'alt': 'Casquette - 18279MA – Image 3', 'origin': 'gallery', 'position': 6, 'width_hint': 800, 'height_hint': 1200}, {'url': 'https://hologrammeparis.com/wp-content/uploads/2024/11/18279MA-4.jpg', 'alt': 'Casquette - 18279MA – Image 4', 'origin': 'gallery', 'position': 7, 'width_hint': 800, 'height_hint': 1200}], 'raw_jsonld': None}, {'url': 'https://hologrammeparis.com/product/casquette-18279bg/', 'name': 'Casquette - 18279BG - Hologramme Paris', 'description': 'Découvrez notre Casquette - 18279BG au prix de grossiste pour votre boutique sur Hologramme Paris.', 'price': None, 'currency': None, 'images': [{'url': 'https://hologrammeparis.com/wp-content/uploads/2024/11/18279BG-1.jpg', 'alt': None, 'origin': 'og:image', 'position': 1}, {'url': 'https://hologrammeparis.com/wp-content/uploads/2024/11/18279BG-3.jpg', 'alt': 'Casquette - 18279BG – Image 2', 'origin': 'gallery', 'position': 5, 'width_hint': 800, 'height_hint': 1200}, {'url': 'https://hologrammeparis.com/wp-content/uploads/2024/11/18279BG-2.jpg', 'alt': 'Casquette - 18279BG – Image 3', 'origin': 'gallery', 'position': 6, 'width_hint': 800, 'height_hint': 1200}, {'url': 'https://hologrammeparis.com/wp-content/uploads/2024/11/18279BG-4.jpg', 'alt': 'Casquette - 18279BG – Image 4', 'origin': 'gallery', 'position': 7, 'width_hint': 800, 'height_hint': 1200}], 'raw_jsonld': None}]",bone-18279k-bone-18279ma-bone-18279mi-bone-18279bg-bone-18279g,,Découvrez notre Casquette - 18279K au prix de grossiste pour votre boutique sur Hologramme Paris.
BOINAS INVERNO,60,HOLOGRAMME,BOINA OITAVADA HARRINGBONE,Boina oitavada harringbone em lã e poliéster,https://hologrammeparis.com/product/casquette-22174/,[],29.9,Boné – 22174,"['boina oitavada', 'Inverno', 'Mistura de lã']","{'COR': 'Preto', 'TAMANHO': '57 , 59', 'VENDIDO POR': 'Pacote 12', 'COMPOSIÇÃO': '50% Laine – 50% Polyester'}","5*Noir, 4*Gris, 3*Marron",[],[],"[{'error': '404 Client Error: Not Found for url: https://hologrammeparis.com/product/casquette-22174/', 'url': 'https://hologrammeparis.com/product/casquette-22174/', 'images': []}]",bone-22174,,
BOINAS INVERNO,62,HOLOGRAMME,BOINA OITAVADA PURE WOOL,"Boina oitavada em 100% lã pura Shetland, fabricada na Itália",https://hologrammeparis.com/product/casquette-18220mi-new/,[],45.0,18220MI,"['Fabricado na Itália', 'Inverno', 'Lã Pura']","{'COR': 'Marinha', 'TAMANHO': '55 , 56 , 57 , 58 , 59 , 60 , 61', 'VENDIDO POR': 'Unitário', 'COMPOSIÇÃO': '100% Lã'}",100% Lã Shetland Pura,"[{'path': 'images/boinas inverno/18220mi/img_01.jpg', 'url': '', 'origin': 'sheet', 'position': 1}, {'path': 'images/boinas inverno/18220mi/img_02.jpg', 'url': '', 'origin': 'sheet', 'position': 2}, {'path': 'images/boinas inverno/18220mi/img_03.jpg', 'url': '', 'origin': 'sheet', 'position': 3}, {'path': 'images/boinas inverno/18220mi/img_04.jpg', 'url': '', 'origin': 'sheet', 'position': 4}]",[],"[{'url': 'https://hologrammeparis.com/product/casquette-18220mi-new/', 'name': 'Casquette - 18220MI New - Hologramme Paris', 'description': '100% Pure Laine Shetland', 'price': None, 'currency': None, 'images': [{'url': 'https://hologrammeparis.com/wp-content/uploads/2023/08/18220MI.jpg', 'alt': None, 'origin': 'og:image', 'position': 1}, {'url': 'https://hologrammeparis.com/wp-content/uploads/2023/08/18220MI-1.jpg', 'alt': 'Casquette - 18220MI New – Image 2', 'origin': 'gallery', 'position': 5, 'width_hint': 800, 'height_hint': 1200}, {'url': 'https://hologrammeparis.com/wp-content/uploads/2023/08/18220MI-2.jpg', 'alt': 'Casquette - 18220MI New – Image 3', 'origin': 'gallery', 'position': 6, 'width_hint': 800, 'height_hint': 1200}, {'url': 'https://hologrammeparis.com/wp-content/uploads/2023/08/18220MI-4.jpg', 'alt': 'Casquette - 18220MI New – Image 4', 'origin': 'gallery', 'position': 7, 'width_hint': 800, 'height_hint': 1200}], 'raw_jsonld': None}]",18220mi,,100% Pure Laine Shetland
COWBOY,16,HOLOGRAMME,VISEIRA  FEMININA,"COR        
Bege, Castanho, Verde, Azul, Bordo, Marinho

TAMANHO                
55 , 56 , 57 , 58 , 59 , 60 , 61

VENDIDO POR        
Pacote 24

COMPOSIÇÃO                
69% Poliéster – 31% Algodão / Forro 100% Algodão",https://hologrammeparis.com/product/casquette-18474ol/,['https://hologrammeparis.com/product/casquette-e18107gr/'],8.0,HOLOGRAMME,['VISEIRA  FEMININA'],"{'COR': 'Pink, verde, preto, azul, bege, camel', 'TAMANHO': '55 , 56 , 57 , 58 , 59 , 60 , 61', 'COMPOSIÇÃO': '69% Poliéster – 31% Algodão / Forro 100% Algodão', 'VENDIDO POR': 'Pacote 24'}",https://hologrammeparis.com/product/casquette-18474ol/,"[{'path': 'images/cowboy/hologramme/img_01.jpg', 'url': '', 'origin': 'sheet', 'position': 1}, {'path': 'images/cowboy/hologramme/img_02.jpg', 'url': '', 'origin': 'sheet', 'position': 2}, {'path': 'images/cowboy/hologramme/img_03.jpg', 'url': '', 'origin': 'sheet', 'position': 3}, {'path': 'images/cowboy/hologramme/img_04.jpg', 'url': '', 'origin': 'sheet', 'position': 4}]",[],"[{'url': 'https://hologrammeparis.com/product/casquette-18474ol/', 'name': 'Casquette - 18474OL = 18519OL - Hologramme Paris', 'description': 'Découvrez notre Casquette - 18474OL = 18519OL au prix de grossiste pour votre boutique sur Hologramme Paris.', 'price': None, 'currency': None, 'images': [{'url': 'https://hologrammeparis.com/wp-content/uploads/2024/02/18474OL-1.jpg', 'alt': None, 'origin': 'og:image', 'position': 1}, {'url': 'https://hologrammeparis.com/wp-content/uploads/2024/02/18474OL-2.jpg', 'alt': 'Casquette - 18474OL = 18519OL – Image 2', 'origin': 'gallery', 'position': 5, 'width_hint': 800, 'height_hint': 1200}, {'url': 'https://hologrammeparis.com/wp-content/uploads/2024/02/18474OL-3.jpg', 'alt': 'Casquette - 18474OL = 18519OL – Image 3', 'origin': 'gallery', 'position': 6, 'width_hint': 800, 'height_hint': 1200}, {'url': 'https://hologrammeparis.com/wp-content/uploads/2024/02/18474OL-4.jpg', 'alt': 'Casquette - 18474OL = 18519OL – Image 4', 'origin': 'gallery', 'position': 7, 'width_hint': 800, 'height_hint': 1200}], 'raw_jsonld': None}]",hologramme,,Découvrez notre Casquette - Pierre Cardin Noir au prix de grossiste pour votre boutique sur Hologramme Paris.
BOINAS VERÃO,2,HOLOGRAMME,BOINA OITAVADA LINHO,"Boina oitavada em linho e viscose, leve e fresca para verão",https://hologrammeparis.com/product/casquette-12805/,[],27.5,Boné – 12805,['Verão 2023'],"{'COR': 'Sortido', 'TAMANHO': '57 , 59', 'VENDIDO POR': 'Pacote 24', 'COMPOSIÇÃO': '85% Viscose – 15% Linho'}","Pacote de 24 peças variadas:
4*Preto, 4*Marinho, 5*Cinza, 4*Verde, 3*Camelo, 4*Bege","[{'path': 'images/boinas verão/bone-12805/img_01.jpg', 'url': '', 'origin': 'sheet', 'position': 1}, {'path': 'images/boinas verão/bone-12805/img_02.jpg', 'url': '', 'origin': 'sheet', 'position': 2}, {'path': 'images/boinas verão/bone-12805/img_03.jpg', 'url': '', 'origin': 'sheet', 'position': 3}, {'path': 'images/boinas verão/bone-12805/img_04.jpg', 'url': '', 'origin': 'sheet', 'position': 4}, {'path': 'images/boinas verão/bone-12805/img_05.jpg', 'url': '', 'origin': 'sheet', 'position': 5}, {'path': 'images/boinas verão/bone-12805/img_06.jpg', 'url': '', 'origin': 'sheet', 'position': 6}, {'path': 'images/boinas verão/bone-12805/img_07.jpg', 'url': '', 'origin': 'sheet', 'position': 7}, {'path': 'images/boinas verão/bone-12805/img_08.jpg', 'url': '', 'origin': 'sheet', 'position': 8}, {'path': 'images/boinas verão/bone-12805/img_09.jpg', 'url': '', 'origin': 'sheet', 'position': 9}]",[],"[{'url': 'https://hologrammeparis.com/product/casquette-12805/', 'name': 'Casquette - 12805 - Hologramme Paris', 'description': 'Paquet de 24 pcs assorties: 4*Noir, 4*Marine, 5*Gris, 4*Vert, 3*Camel, 4*Beige', 'price': None, 'currency': None, 'images': [{'url': 'https://hologrammeparis.com/wp-content/uploads/2024/05/12805-1.jpg', 'alt': None, 'origin': 'og:image', 'position': 1}, {'url': 'https://hologrammeparis.com/wp-content/uploads/2024/05/12805-3.jpg', 'alt': 'Casquette - 12805 – Image 2', 'origin': 'gallery', 'position': 5, 'width_hint': 800, 'height_hint': 1200}, {'url': 'https://hologrammeparis.com/wp-content/uploads/2024/05/12805-2.jpg', 'alt': 'Casquette - 12805 – Image 3', 'origin': 'gallery', 'position': 6, 'width_hint': 800, 'height_hint': 1200}, {'url': 'https://hologrammeparis.com/wp-content/uploads/2024/05/12805-4.jpg', 'alt': 'Casquette - 12805 – Image 4', 'origin': 'gallery', 'position': 7, 'width_hint': 800, 'height_hint': 1200}, {'url': 'https://hologrammeparis.com/wp-content/uploads/2024/05/12805-5.jpg', 'alt': 'Casquette - 12805 – Image 5', 'origin': 'gallery', 'position': 8, 'width_hint': 800, 'height_hint': 1200}, {'url': 'https://hologrammeparis.com/wp-content/uploads/2024/05/12805-6.jpg', 'alt': 'Casquette - 12805 – Image 6', 'origin': 'gallery', 'position': 9, 'width_hint': 800, 'height_hint': 1200}, {'url': 'https://hologrammeparis.com/wp-content/uploads/2024/05/12805-7.jpg', 'alt': 'Casquette - 12805 – Image 7', 'origin': 'gallery', 'position': 10, 'width_hint': 800, 'height_hint': 1200}, {'url': 'https://hologrammeparis.com/wp-content/uploads/2024/05/12805-8.jpg', 'alt': 'Casquette - 12805 – Image 8', 'origin': 'gallery', 'position': 11, 'width_hint': 800, 'height_hint': 1200}, {'url': 'https://hologrammeparis.com/wp-content/uploads/2023/02/12805-9.jpg', 'alt': 'Casquette - 12805 – Image 9', 'origin': 'gallery', 'position': 12, 'width_hint': 800, 'height_hint': 1200}], 'raw_jsonld': None}]",bone-12805,,"Paquet de 24 pcs assorties: 4*Noir, 4*Marine, 5*Gris, 4*Vert, 3*Camel, 4*Beige"
BOINAS VERÃO,4,HOLOGRAMME,BOINA PIEMONTE LINHO E ALGODÃO,"Boina Piemonte em linho e algodão, fabricada na Itália",https://hologrammeparis.com/product/casquette-18110ec/,['https://hologrammeparis.com/fr/product/casquette-18110ol/'],27.5,"Boné – 18110EC
Boné – 18110OL",['Etiqueta: Fabricado em Italia'],"{'COR': 'Cru, Preto, Verde, Azul', 'TAMANHO': '54 , 55 , 56 , 57 , 58 , 59 , 60 , 61', 'VENDIDO POR': 'Unitário', 'COMPOSIÇÃO': '50% Algodão – 50% Linho'}",https://hologrammeparis.com/fr/product/casquette-18110ol/,"[{'path': 'images/boinas verão/bone-18110ec-bone-18110ol/img_01.jpg', 'url': '', 'origin': 'sheet', 'position': 1}, {'path': 'images/boinas verão/bone-18110ec-bone-18110ol/img_02.jpg', 'url': '', 'origin': 'sheet', 'position': 2}, {'path': 'images/boinas verão/bone-18110ec-bone-18110ol/img_03.jpg', 'url': '', 'origin': 'sheet', 'position': 3}, {'path': 'images/boinas verão/bone-18110ec-bone-18110ol/img_04.jpg', 'url': '', 'origin': 'sheet', 'position': 4}, {'path': 'images/boinas verão/bone-18110ec-bone-18110ol/img_05.jpg', 'url': '', 'origin': 'sheet', 'position': 5}, {'path': 'images/boinas verão/bone-18110ec-bone-18110ol/img_06.jpg', 'url': '', 'origin': 'sheet', 'position': 6}, {'path': 'images/boinas verão/bone-18110ec-bone-18110ol/img_08.jpg', 'url': '', 'origin': 'sheet', 'position': 7}, {'path': 'images/boinas verão/bone-18110ec-bone-18110ol/img_09.jpg', 'url': '', 'origin': 'sheet', 'position': 8}]","[{'url': 'https://hologrammeparis.com/wp-content/uploads/2021/07/18110OL-Olive-1.jpg', 'reason': 'low_resolution', 'width': 533, 'height': 800}, {'url': 'https://hologrammeparis.com/wp-content/uploads/2021/07/18110OL-Olive-2.jpg', 'reason': 'low_resolution', 'width': 533, 'height': 800}, {'url': 'https://hologrammeparis.com/wp-content/uploads/2021/07/18110OL-Olive-3.jpg', 'reason': 'low_resolution', 'width': 533, 'height': 800}]","[{'url': 'https://hologrammeparis.com/product/casquette-18110ec/', 'name': 'Casquette - 18110EC - Hologramme Paris', 'description': 'Découvrez notre Casquette - 18110EC au prix de grossiste pour votre boutique sur Hologramme Paris.', 'price': None, 'currency': None, 'images': [{'url': 'https://hologrammeparis.com/wp-content/uploads/2021/08/18110EC-1-1.jpg', 'alt': None, 'origin': 'og:image', 'position': 1}, {'url': 'https://hologrammeparis.com/wp-content/uploads/2021/08/18110EC-4.jpg', 'alt': 'Casquette - 18110EC – Image 2', 'origin': 'gallery', 'position': 5, 'width_hint': 800, 'height_hint': 1200}, {'url': 'https://hologrammeparis.com/wp-content/uploads/2021/08/18110EC-2-1.jpg', 'alt': 'Casquette - 18110EC – Image 3', 'origin': 'gallery', 'position': 6, 'width_hint': 800, 'height_hint': 1200}, {'url': 'https://hologrammeparis.com/wp-content/uploads/2021/08/18110EC-3.jpg', 'alt': 'Casquette - 18110EC – Image 4', 'origin': 'gallery', 'position': 7, 'width_hint': 800, 'height_hint': 1200}, {'url': 'https://hologrammeparis.com/wp-content/uploads/2021/08/18110EC-2.jpg', 'alt': 'Casquette - 18110EC – Image 5', 'origin': 'gallery', 'position': 8, 'width_hint': 800, 'height_hint': 1200}, {'url': 'https://hologrammeparis.com/wp-content/uploads/2021/08/18110EC-1.jpg', 'alt': 'Casquette - 18110EC – Image 6', 'origin': 'gallery', 'position': 9, 'width_hint': 800, 'height_hint': 1200}], 'raw_jsonld': None}, {'url': 'https://hologrammeparis.com/fr/product/casquette-18110ol/', 'name': 'Casquette - 18110OL - Hologramme Paris', 'description': 'Découvrez notre Casquette - 18110OL au prix de grossiste pour votre boutique sur Hologramme Paris.', 'price': None, 'currency': None, 'images': [{'url': 'https://hologrammeparis.com/wp-content/uploads/2021/07/18110OL-Olive-1.jpg', 'alt': None, 'origin': 'og:image', 'position': 1}, {'url': 'https://hologrammeparis.com/wp-content/uploads/2021/08/18110OL-2.jpg', 'alt': 'Casquette - 18110OL – Image 2', 'origin': 'gallery', 'position': 5, 'width_hint': 800, 'height_hint': 1200}, {'url': 'https://hologrammeparis.com/wp-content/uploads/2021/08/18110OL-1.jpg', 'alt': 'Casquette - 18110OL – Image 3', 'origin': 'gallery', 'position': 6, 'width_hint': 800, 'height_hint': 1200}, {'url': 'https://hologrammeparis.com/wp-content/uploads/2021/07/18110OL-Olive-2.jpg', 'alt': 'Casquette - 18110OL – Image 4', 'origin': 'gallery', 'position': 7, 'width_hint': 533, 'height_hint': 800}, {'url': 'https://hologrammeparis.com/wp-content/uploads/2021/07/18110OL-Olive-3.jpg', 'alt': 'Casquette - 18110OL – Image 5', 'origin': 'gallery', 'position': 8, 'width_hint': 533, 'height_hint': 800}], 'raw_jsonld': None}]",bone-18110ec-bone-18110ol,,Découvrez notre Casquette - 18110EC au prix de grossiste pour votre boutique sur Hologramme Paris.
BOINAS VERÃO,6,HOLOGRAMME,BOINA SEXTAVADA CORES NA PALA,Boina sextavada com detalhes coloridos na pala,https://hologrammeparis.com/product/casquette-18474ol/,['https://hologrammeparis.com/product/casquette-18474g/'],45.0,Boné – 18474,['BOINA SEXTAVADA CORES NA PALA'],"{'COR': 'Verde, Bege, Azul, Cinza', 'TAMANHO': '55 , 56 , 57 , 58 , 59 , 60 , 61', 'VENDIDO POR': 'Unitário', 'COMPOSIÇÃO': '50% Polyester – 50% Viscose'}",https://hologrammeparis.com/product/casquette-18474g/,"[{'path': 'images/boinas verão/bone-18474/img_01.jpg', 'url': '', 'origin': 'sheet', 'position': 1}, {'path': 'images/boinas verão/bone-18474/img_02.jpg', 'url': '', 'origin': 'sheet', 'position': 2}, {'path': 'images/boinas verão/bone-18474/img_03.jpg', 'url': '', 'origin': 'sheet', 'position': 3}, {'path': 'images/boinas verão/bone-18474/img_04.jpg', 'url': '', 'origin': 'sheet', 'position': 4}, {'path': 'images/boinas verão/bone-18474/img_05.jpg', 'url': '', 'origin': 'sheet', 'position': 5}, {'path': 'images/boinas verão/bone-18474/img_06.jpg', 'url': '', 'origin': 'sheet', 'position': 6}, {'path': 'images/boinas verão/bone-18474/img_07.jpg', 'url': '', 'origin': 'sheet', 'position': 7}, {'path': 'images/boinas verão/bone-18474/img_08.jpg', 'url': '', 'origin': 'sheet', 'position': 8}]",[],"[{'url': 'https://hologrammeparis.com/product/casquette-18474ol/', 'name': 'Casquette - 18474OL = 18519OL - Hologramme Paris', 'description': 'Découvrez notre Casquette - 18474OL = 18519OL au prix de grossiste pour votre boutique sur Hologramme Paris.', 'price': None, 'currency': None, 'images': [{'url': 'https://hologrammeparis.com/wp-content/uploads/2024/02/18474OL-1.jpg', 'alt': None, 'origin': 'og:image', 'position': 1}, {'url': 'https://hologrammeparis.com/wp-content/uploads/2024/02/18474OL-2.jpg', 'alt': 'Casquette - 18474OL = 18519OL – Image 2', 'origin': 'gallery', 'position': 5, 'width_hint': 800, 'height_hint': 1200}, {'url': 'https://hologrammeparis.com/wp-content/uploads/2024/02/18474OL-3.jpg', 'alt': 'Casquette - 18474OL = 18519OL – Image 3', 'origin': 'gallery', 'position': 6, 'width_hint': 800, 'height_hint': 1200}, {'url': 'https://hologrammeparis.com/wp-content/uploads/2024/02/18474OL-4.jpg', 'alt': 'Casquette - 18474OL = 18519OL – Image 4', 'origin': 'gallery', 'position': 7, 'width_hint': 800, 'height_hint': 1200}], 'raw_jsonld': None}, {'url': 'https://hologrammeparis.com/product/casquette-18474g/', 'name': 'Casquette - 18474G = 18519G - Hologramme Paris', 'description': 'Découvrez notre Casquette - 18474G = 18519G au prix de grossiste pour votre boutique sur Hologramme Paris.', 'price': None, 'currency': None, 'images': [{'url': 'https://hologrammeparis.com/wp-content/uploads/2024/02/18474G-1.jpg', 'alt': None, 'origin': 'og:image', 'position': 1}, {'url': 'https://hologrammeparis.com/wp-content/uploads/2024/02/18474G-2.jpg', 'alt': 'Casquette - 18474G = 18519G – Image 2', 'origin': 'gallery', 'position': 5, 'width_hint': 800, 'height_hint': 1200}, {'url': 'https://hologrammeparis.com/wp-content/uploads/2024/02/18474G-3.jpg', 'alt': 'Casquette - 18474G = 18519G – Image 3', 'origin': 'gallery', 'position': 6, 'width_hint': 800, 'height_hint': 1200}, {'url': 'https://hologrammeparis.com/wp-content/uploads/2024/02/18474G-4.jpg', 'alt': 'Casquette - 18474G = 18519G – Image 4', 'origin': 'gallery', 'position': 7, 'width_hint': 800, 'height_hint': 1200}], 'raw_jsonld': None}]",bone-18474,,Découvrez notre Casquette - 18474OL = 18519OL au prix de grossiste pour votre boutique sur Hologramme Paris.
COWBOY,16,HOLOGRAMME,VISEIRA  FEMININA,"COR        
Bege, Castanho, Verde, Azul, Bordo, Marinho

TAMANHO                
55 , 56 , 57 , 58 , 59 , 60 , 61

VENDIDO POR        
Pacote 24

COMPOSIÇÃO                
69% Poliéster – 31% Algodão / Forro 100% Algodão",https://hologrammeparis.com/product/casquette-18474ol/,['https://hologrammeparis.com/product/casquette-e18107gr/'],8.0,HOLOGRAMME,['VISEIRA  FEMININA'],"{'COR': 'Pink, verde, preto, azul, bege, camel', 'TAMANHO': '55 , 56 , 57 , 58 , 59 , 60 , 61', 'COMPOSIÇÃO': '69% Poliéster – 31% Algodão / Forro 100% Algodão', 'VENDIDO POR': 'Pacote 24'}",https://hologrammeparis.com/product/casquette-18474ol/,"[{'path': 'images/cowboy/hologramme/img_01.jpg', 'url': '', 'origin': 'sheet', 'position': 1}, {'path': 'images/cowboy/hologramme/img_02.jpg', 'url': '', 'origin': 'sheet', 'position': 2}, {'path': 'images/cowboy/hologramme/img_03.jpg', 'url': '', 'origin': 'sheet', 'position': 3}, {'path': 'images/cowboy/hologramme/img_04.jpg', 'url': '', 'origin': 'sheet', 'position': 4}]",[],"[{'url': 'https://hologrammeparis.com/product/casquette-18474ol/', 'name': 'Casquette - 18474OL = 18519OL - Hologramme Paris', 'description': 'Découvrez notre Casquette - 18474OL = 18519OL au prix de grossiste pour votre boutique sur Hologramme Paris.', 'price': None, 'currency': None, 'images': [{'url': 'https://hologrammeparis.com/wp-content/uploads/2024/02/18474OL-1.jpg', 'alt': None, 'origin': 'og:image', 'position': 1}, {'url': 'https://hologrammeparis.com/wp-content/uploads/2024/02/18474OL-2.jpg', 'alt': 'Casquette - 18474OL = 18519OL – Image 2', 'origin': 'gallery', 'position': 5, 'width_hint': 800, 'height_hint': 1200}, {'url': 'https://hologrammeparis.com/wp-content/uploads/2024/02/18474OL-3.jpg', 'alt': 'Casquette - 18474OL = 18519OL – Image 3', 'origin': 'gallery', 'position': 6, 'width_hint': 800, 'height_hint': 1200}, {'url': 'https://hologrammeparis.com/wp-content/uploads/2024/02/18474OL-4.jpg', 'alt': 'Casquette - 18474OL = 18519OL – Image 4', 'origin': 'gallery', 'position': 7, 'width_hint': 800, 'height_hint': 1200}], 'raw_jsonld': None}]",hologramme,,Découvrez notre Casquette - Pierre Cardin Noir au prix de grossiste pour votre boutique sur Hologramme Paris.
BOINAS VERÃO,12,"Boné – 18107
Boné – 18515 ","Tag: Fabricado na Itália, Linho","COR        
Verde, Azul, Bege

TAMANHO                
55 , 56 , 57 , 58 , 59 , 60 , 61

VENDIDO POR        
Unidade

COMPOSIÇÃO                
100% Linho",https://hologrammeparis.com/product/casquette-e18107bl/,"['https://hologrammeparis.com/fr/product/casquette-e18107bg/', 'https://hologrammeparis.com/fr/product/casquette-18515bg/']",47.5,"Boné – 18107
Boné – 18515","['Fabricado na Itália', 'Linho']","{'COR': 'Verde, Azul, Bege', 'TAMANHO': '55 , 56 , 57 , 58 , 59 , 60 , 61', 'VENDIDO POR': 'Unidade', 'COMPOSIÇÃO': '100% Linho'}","https://hologrammeparis.com/product/casquette-e18107bl/
https://hologrammeparis.com/fr/product/casquette-e18107bg/
https://hologrammeparis.com/fr/product/casquette-18515bg/","[{'path': 'images/boinas verão/bone-18107-bone-18515/img_01.jpg', 'url': '', 'origin': 'sheet', 'position': 1}, {'path': 'images/boinas verão/bone-18107-bone-18515/img_02.jpg', 'url': '', 'origin': 'sheet', 'position': 2}, {'path': 'images/boinas verão/bone-18107-bone-18515/img_03.jpg', 'url': '', 'origin': 'sheet', 'position': 3}, {'path': 'images/boinas verão/bone-18107-bone-18515/img_04.jpg', 'url': '', 'origin': 'sheet', 'position': 4}, {'path': 'images/boinas verão/bone-18107-bone-18515/img_05.jpg', 'url': '', 'origin': 'sheet', 'position': 5}, {'path': 'images/boinas verão/bone-18107-bone-18515/img_06.jpg', 'url': '', 'origin': 'sheet', 'position': 6}, {'path': 'images/boinas verão/bone-18107-bone-18515/img_07.jpg', 'url': '', 'origin': 'sheet', 'position': 7}, {'path': 'images/boinas verão/bone-18107-bone-18515/img_08.jpg', 'url': '', 'origin': 'sheet', 'position': 8}, {'path': 'images/boinas verão/bone-18107-bone-18515/img_09.jpg', 'url': '', 'origin': 'sheet', 'position': 9}, {'path': 'images/boinas verão/bone-18107-bone-18515/img_10.jpg', 'url': '', 'origin': 'sheet', 'position': 10}]",[],"[{'url': 'https://hologrammeparis.com/product/casquette-e18107bl/', 'name': 'Casquette - E18107BL - Hologramme Paris', 'description': 'Découvrez notre Casquette - E18107BL au prix de grossiste pour votre boutique sur Hologramme Paris.', 'price': None, 'currency': None, 'images': [{'url': 'https://hologrammeparis.com/wp-content/uploads/2021/08/PFS-18107BL.jpg', 'alt': None, 'origin': 'og:image', 'position': 1}, {'url': 'https://hologrammeparis.com/wp-content/uploads/2022/03/E18107BL-2.jpg', 'alt': 'Casquette - E18107BL – Image 2', 'origin': 'gallery', 'position': 5, 'width_hint': 800, 'height_hint': 1200}, {'url': 'https://hologrammeparis.com/wp-content/uploads/2022/03/E18107BL-1.jpg', 'alt': 'Casquette - E18107BL – Image 3', 'origin': 'gallery', 'position': 6, 'width_hint': 800, 'height_hint': 1200}], 'raw_jsonld': None}, {'url': 'https://hologrammeparis.com/fr/product/casquette-e18107bg/', 'name': 'Casquette - E18107BG - Hologramme Paris', 'description': 'Découvrez notre Casquette - E18107BG au prix de grossiste pour votre boutique sur Hologramme Paris.', 'price': None, 'currency': None, 'images': [{'url': 'https://hologrammeparis.com/wp-content/uploads/2021/08/PFS-18107BG.jpg', 'alt': None, 'origin': 'og:image', 'position': 1}, {'url': 'https://hologrammeparis.com/wp-content/uploads/2022/03/E18107BG-2.jpg', 'alt': 'Casquette - E18107BG – Image 2', 'origin': 'gallery', 'position': 5, 'width_hint': 800, 'height_hint': 1200}, {'url': 'https://hologrammeparis.com/wp-content/uploads/2022/03/E18107BG-1.jpg', 'alt': 'Casquette - E18107BG – Image 3', 'origin': 'gallery', 'position': 6, 'width_hint': 800, 'height_hint': 1200}], 'raw_jsonld': None}, {'url': 'https://hologrammeparis.com/fr/product/casquette-18515bg/', 'name': 'Casquette - 18515BG - Hologramme Paris', 'description': 'Découvrez notre Casquette - 18515BG au prix de grossiste pour votre boutique sur Hologramme Paris.', 'price': None, 'currency': None, 'images': [{'url': 'https://hologrammeparis.com/wp-content/uploads/2025/02/18515BG-1.jpg', 'alt': None, 'origin': 'og:image', 'position': 1}, {'url': 'https://hologrammeparis.com/wp-content/uploads/2025/02/18515BG-4.jpg', 'alt': 'Casquette - 18515BG – Image 2', 'origin': 'gallery', 'position': 5, 'width_hint': 800, 'height_hint': 1200}, {'url': 'https://hologrammeparis.com/wp-content/uploads/2025/02/18515BG-2.jpg', 'alt': 'Casquette - 18515BG – Image 3', 'origin': 'gallery', 'position': 6, 'width_hint': 800, 'height_hint': 1200}, {'url': 'https://hologrammeparis.com/wp-content/uploads/2025/02/18515BG-3.jpg', 'alt': 'Casquette - 18515BG – Image 4', 'origin': 'gallery', 'position': 7, 'width_hint': 800, 'height_hint': 1200}], 'raw_jsonld': None}]",bone-18107-bone-18515,,Découvrez notre Casquette - E18107BL au prix de grossiste pour votre boutique sur Hologramme Paris.
BOINAS VERÃO,14,HOLOGRAMME,BOINA PIEMONTE ALGODÃO,"Boina Piemonte em algodão, fabricada na Itália",https://hologrammeparis.com/fr/product/casquette-18521a/,[],35.0,Boné – 18521A,"['Fabricado na Itália', 'Algodão']","{'COR': 'Azul, Bege, Marinho', 'TAMANHO': '55 , 56 , 57 , 58 , 59 , 60 , 61', 'VENDIDO POR': 'Unidade', 'COMPOSIÇÃO': '100% Algodão'}",https://hologrammeparis.com/fr/product/casquette-18521a/,"[{'path': 'images/boinas verão/bone-18521a/img_01.jpg', 'url': '', 'origin': 'sheet', 'position': 1}, {'path': 'images/boinas verão/bone-18521a/img_02.jpg', 'url': '', 'origin': 'sheet', 'position': 2}, {'path': 'images/boinas verão/bone-18521a/img_03.jpg', 'url': '', 'origin': 'sheet', 'position': 3}, {'path': 'images/boinas verão/bone-18521a/img_04.jpg', 'url': '', 'origin': 'sheet', 'position': 4}]",[],"[{'url': 'https://hologrammeparis.com/fr/product/casquette-18521a/', 'name': 'Casquette - 18521A - Hologramme Paris', 'description': 'Découvrez notre Casquette - 18521A au prix de grossiste pour votre boutique sur Hologramme Paris.', 'price': None, 'currency': None, 'images': [{'url': 'https://hologrammeparis.com/wp-content/uploads/2025/02/18521A-1.jpg', 'alt': None, 'origin': 'og:image', 'position': 1}, {'url': 'https://hologrammeparis.com/wp-content/uploads/2025/02/18521A-2.jpg', 'alt': 'Casquette - 18521A – Image 2', 'origin': 'gallery', 'position': 5, 'width_hint': 800, 'height_hint': 1200}, {'url': 'https://hologrammeparis.com/wp-content/uploads/2025/02/18521A-3.jpg', 'alt': 'Casquette - 18521A – Image 3', 'origin': 'gallery', 'position': 6, 'width_hint': 800, 'height_hint': 1200}, {'url': 'https://hologrammeparis.com/wp-content/uploads/2025/02/18521A-5.jpg', 'alt': 'Casquette - 18521A – Image 4', 'origin': 'gallery', 'position': 7, 'width_hint': 800, 'height_hint': 1200}], 'raw_jsonld': None}]",bone-18521a,,Découvrez notre Casquette - 18521A au prix de grossiste pour votre boutique sur Hologramme Paris.
BOINAS VERÃO,16,HOLOGRAMME,BOINA SEXTAVADA ALGODÃO,"Boina sextavada em algodão, leve e versátil",https://hologrammeparis.com/fr/product/casquette-15266f/,['https://hologrammeparis.com/fr/product/casquette-15266c/'],16.9,"Boné – 15266F
Boné – 15266C","['verão', 'cotton']","{'COULEUR': 'Assorties', 'TAILLE': '57, 59', 'VENDU PAR': 'Pack 24', 'COMPOSITION': '100% Coton'}",https://hologrammeparis.com/fr/product/casquette-15266c/,"[{'path': 'images/boinas verão/bone-15266f-bone-15266c/img_01.jpg', 'url': '', 'origin': 'sheet', 'position': 1}, {'path': 'images/boinas verão/bone-15266f-bone-15266c/img_02.jpg', 'url': '', 'origin': 'sheet', 'position': 2}, {'path': 'images/boinas verão/bone-15266f-bone-15266c/img_03.jpg', 'url': '', 'origin': 'sheet', 'position': 3}, {'path': 'images/boinas verão/bone-15266f-bone-15266c/img_04.jpg', 'url': '', 'origin': 'sheet', 'position': 4}, {'path': 'images/boinas verão/bone-15266f-bone-15266c/img_05.jpg', 'url': '', 'origin': 'sheet', 'position': 5}, {'path': 'images/boinas verão/bone-15266f-bone-15266c/img_06.jpg', 'url': '', 'origin': 'sheet', 'position': 6}, {'path': 'images/boinas verão/bone-15266f-bone-15266c/img_07.jpg', 'url': '', 'origin': 'sheet', 'position': 7}, {'path': 'images/boinas verão/bone-15266f-bone-15266c/img_08.jpg', 'url': '', 'origin': 'sheet', 'position': 8}, {'path': 'images/boinas verão/bone-15266f-bone-15266c/img_09.jpg', 'url': '', 'origin': 'sheet', 'position': 9}, {'path': 'images/boinas verão/bone-15266f-bone-15266c/img_10.jpg', 'url': '', 'origin': 'sheet', 'position': 10}, {'path': 'images/boinas verão/bone-15266f-bone-15266c/img_11.jpg', 'url': '', 'origin': 'sheet', 'position': 11}, {'path': 'images/boinas verão/bone-15266f-bone-15266c/img_12.jpg', 'url': '', 'origin': 'sheet', 'position': 12}, {'path': 'images/boinas verão/bone-15266f-bone-15266c/img_13.jpg', 'url': '', 'origin': 'sheet', 'position': 13}, {'path': 'images/boinas verão/bone-15266f-bone-15266c/img_14.jpg', 'url': '', 'origin': 'sheet', 'position': 14}, {'path': 'images/boinas verão/bone-15266f-bone-15266c/img_15.jpg', 'url': '', 'origin': 'sheet', 'position': 15}, {'path': 'images/boinas verão/bone-15266f-bone-15266c/img_16.jpg', 'url': '', 'origin': 'sheet', 'position': 16}, {'path': 'images/boinas verão/bone-15266f-bone-15266c/img_17.jpg', 'url': '', 'origin': 'sheet', 'position': 17}, {'path': 'images/boinas verão/bone-15266f-bone-15266c/img_18.jpg', 'url': '', 'origin': 'sheet', 'position': 18}, {'path': 'images/boinas verão/bone-15266f-bone-15266c/img_19.jpg', 'url': '', 'origin': 'sheet', 'position': 19}, {'path': 'images/boinas verão/bone-15266f-bone-15266c/img_20.jpg', 'url': '', 'origin': 'sheet', 'position': 20}, {'path': 'images/boinas verão/bone-15266f-bone-15266c/img_21.jpg', 'url': '', 'origin': 'sheet', 'position': 21}, {'path': 'images/boinas verão/bone-15266f-bone-15266c/img_22.jpg', 'url': '', 'origin': 'sheet', 'position': 22}, {'path': 'images/boinas verão/bone-15266f-bone-15266c/img_23.jpg', 'url': '', 'origin': 'sheet', 'position': 23}, {'path': 'images/boinas verão/bone-15266f-bone-15266c/img_24.jpg', 'url': '', 'origin': 'sheet', 'position': 24}, {'path': 'images/boinas verão/bone-15266f-bone-15266c/img_25.jpg', 'url': '', 'origin': 'sheet', 'position': 25}, {'path': 'images/boinas verão/bone-15266f-bone-15266c/img_26.jpg', 'url': '', 'origin': 'sheet', 'position': 26}, {'path': 'images/boinas verão/bone-15266f-bone-15266c/img_27.jpg', 'url': '', 'origin': 'sheet', 'position': 27}, {'path': 'images/boinas verão/bone-15266f-bone-15266c/img_28.jpg', 'url': '', 'origin': 'sheet', 'position': 28}, {'path': 'images/boinas verão/bone-15266f-bone-15266c/img_29.jpg', 'url': '', 'origin': 'sheet', 'position': 29}, {'path': 'images/boinas verão/bone-15266f-bone-15266c/img_30.jpg', 'url': '', 'origin': 'sheet', 'position': 30}, {'path': 'images/boinas verão/bone-15266f-bone-15266c/img_31.jpg', 'url': '', 'origin': 'sheet', 'position': 31}, {'path': 'images/boinas verão/bone-15266f-bone-15266c/img_32.jpg', 'url': '', 'origin': 'sheet', 'position': 32}, {'path': 'images/boinas verão/bone-15266f-bone-15266c/img_33.jpg', 'url': '', 'origin': 'sheet', 'position': 33}, {'path': 'images/boinas verão/bone-15266f-bone-15266c/img_34.jpg', 'url': '', 'origin': 'sheet', 'position': 34}]",[],"[{'url': 'https://hologrammeparis.com/fr/product/casquette-15266f/', 'name': 'Casquette - 15266F - Hologramme Paris', 'description': 'Paquet de 24 pcs assorties: 2 de chaque couleur', 'price': None, 'currency': None, 'images': [{'url': 'https://hologrammeparis.com/wp-content/uploads/2025/02/15266F-1.jpg', 'alt': None, 'origin': 'og:image', 'position': 1}, {'url': 'https://hologrammeparis.com/wp-content/uploads/2025/05/15266F-5.jpg', 'alt': 'Casquette - 15266F – Image 2', 'origin': 'gallery', 'position': 5, 'width_hint': 800, 'height_hint': 1200}, {'url': 'https://hologrammeparis.com/wp-content/uploads/2025/02/15266F-13.jpg', 'alt': 'Casquette - 15266F – Image 3', 'origin': 'gallery', 'position': 6, 'width_hint': 800, 'height_hint': 1200}, {'url': 'https://hologrammeparis.com/wp-content/uploads/2025/05/15266F-2.jpg', 'alt': 'Casquette - 15266F – Image 4', 'origin': 'gallery', 'position': 7, 'width_hint': 800, 'height_hint': 1200}, {'url': 'https://hologrammeparis.com/wp-content/uploads/2025/05/15266F-4.jpg', 'alt': 'Casquette - 15266F – Image 5', 'origin': 'gallery', 'position': 8, 'width_hint': 800, 'height_hint': 1200}, {'url': 'https://hologrammeparis.com/wp-content/uploads/2025/05/15266F-3.jpg', 'alt': 'Casquette - 15266F – Image 6', 'origin': 'gallery', 'position': 9, 'width_hint': 800, 'height_hint': 1200}, {'url': 'https://hologrammeparis.com/wp-content/uploads/2025/02/15266F-5.jpg', 'alt': 'Casquette - 15266F – Image 7', 'origin': 'gallery', 'position': 10, 'width_hint': 800, 'height_hint': 1200}, {'url': 'https://hologrammeparis.com/wp-content/uploads/2025/02/15266F-6.jpg', 'alt': 'Casquette - 15266F – Image 8', 'origin': 'gallery', 'position': 11, 'width_hint': 800, 'height_hint': 1200}, {'url': 'https://hologrammeparis.com/wp-content/uploads/2025/02/15266F-7.jpg', 'alt': 'Casquette - 15266F – Image 9', 'origin': 'gallery', 'position': 12, 'width_hint': 800, 'height_hint': 1200}, {'url': 'https://hologrammeparis.com/wp-content/uploads/2025/02/15266F-8.jpg', 'alt': 'Casquette - 15266F – Image 10', 'origin': 'gallery', 'position': 13, 'width_hint': 800, 'height_hint': 1200}, {'url': 'https://hologrammeparis.com/wp-content/uploads/2025/02/15266F-9.jpg', 'alt': 'Casquette - 15266F – Image 11', 'origin': 'gallery', 'position': 14, 'width_hint': 800, 'height_hint': 1200}, {'url': 'https://hologrammeparis.com/wp-content/uploads/2025/02/15266F-10.jpg', 'alt': 'Casquette - 15266F – Image 12', 'origin': 'gallery', 'position': 15, 'width_hint': 800, 'height_hint': 1200}, {'url': 'https://hologrammeparis.com/wp-content/uploads/2025/02/15266F-11.jpg', 'alt': 'Casquette - 15266F – Image 13', 'origin': 'gallery', 'position': 16, 'width_hint': 800, 'height_hint': 1200}, {'url': 'https://hologrammeparis.com/wp-content/uploads/2025/02/15266F-12.jpg', 'alt': 'Casquette - 15266F – Image 14', 'origin': 'gallery', 'position': 17, 'width_hint': 800, 'height_hint': 1200}, {'url': 'https://hologrammeparis.com/wp-content/uploads/2025/02/15266F-14.jpg', 'alt': 'Casquette - 15266F – Image 15', 'origin': 'gallery', 'position': 18, 'width_hint': 800, 'height_hint': 1200}, {'url': 'https://hologrammeparis.com/wp-content/uploads/2025/02/15266F-15.jpg', 'alt': 'Casquette - 15266F – Image 16', 'origin': 'gallery', 'position': 19, 'width_hint': 800, 'height_hint': 1200}, {'url': 'https://hologrammeparis.com/wp-content/uploads/2025/02/15266F-4.jpg', 'alt': 'Casquette - 15266F – Image 17', 'origin': 'gallery', 'position': 20, 'width_hint': 800, 'height_hint': 1200}, {'url': 'https://hologrammeparis.com/wp-content/uploads/2025/02/15266F-2.jpg', 'alt': 'Casquette - 15266F – Image 18', 'origin': 'gallery', 'position': 21, 'width_hint': 800, 'height_hint': 1200}, {'url': 'https://hologrammeparis.com/wp-content/uploads/2025/02/15266F-3.jpg', 'alt': 'Casquette - 15266F – Image 19', 'origin': 'gallery', 'position': 22, 'width_hint': 800, 'height_hint': 1200}], 'raw_jsonld': None}, {'url': 'https://hologrammeparis.com/fr/product/casquette-15266c/', 'name': 'Casquette - 15266C - Hologramme Paris', 'description': 'Paquet de 24 pcs assorties: 2 de chaque couleur', 'price': None, 'currency': None, 'images': [{'url': 'https://hologrammeparis.com/wp-content/uploads/2025/02/15266C-1.jpg', 'alt': None, 'origin': 'og:image', 'position': 1}, {'url': 'https://hologrammeparis.com/wp-content/uploads/2025/02/15266C-4.jpg', 'alt': 'Casquette - 15266C – Image 2', 'origin': 'gallery', 'position': 5, 'width_hint': 800, 'height_hint': 1200}, {'url': 'https://hologrammeparis.com/wp-content/uploads/2025/02/15266C-2.jpg', 'alt': 'Casquette - 15266C – Image 3', 'origin': 'gallery', 'position': 6, 'width_hint': 800, 'height_hint': 1200}, {'url': 'https://hologrammeparis.com/wp-content/uploads/2025/02/15266C-3.jpg', 'alt': 'Casquette - 15266C – Image 4', 'origin': 'gallery', 'position': 7, 'width_hint': 800, 'height_hint': 1200}, {'url': 'https://hologrammeparis.com/wp-content/uploads/2025/02/15266C-5.jpg', 'alt': 'Casquette - 15266C – Image 5', 'origin': 'gallery', 'position': 8, 'width_hint': 800, 'height_hint': 1200}, {'url': 'https://hologrammeparis.com/wp-content/uploads/2025/02/15266C-6.jpg', 'alt': 'Casquette - 15266C – Image 6', 'origin': 'gallery', 'position': 9, 'width_hint': 800, 'height_hint': 1200}, {'url': 'https://hologrammeparis.com/wp-content/uploads/2025/02/15266C-7.jpg', 'alt': 'Casquette - 15266C – Image 7', 'origin': 'gallery', 'position': 10, 'width_hint': 800, 'height_hint': 1200}, {'url': 'https://hologrammeparis.com/wp-content/uploads/2025/02/15266C-8.jpg', 'alt': 'Casquette - 15266C – Image 8', 'origin': 'gallery', 'position': 11, 'width_hint': 800, 'height_hint': 1200}, {'url': 'https://hologrammeparis.com/wp-content/uploads/2025/02/15266C-9.jpg', 'alt': 'Casquette - 15266C – Image 9', 'origin': 'gallery', 'position': 12, 'width_hint': 800, 'height_hint': 1200}, {'url': 'https://hologrammeparis.com/wp-content/uploads/2025/02/15266C-10.jpg', 'alt': 'Casquette - 15266C – Image 10', 'origin': 'gallery', 'position': 13, 'width_hint': 800, 'height_hint': 1200}, {'url': 'https://hologrammeparis.com/wp-content/uploads/2025/02/15266C-11.jpg', 'alt': 'Casquette - 15266C – Image 11', 'origin': 'gallery', 'position': 14, 'width_hint': 800, 'height_hint': 1200}, {'url': 'https://hologrammeparis.com/wp-content/uploads/2025/02/15266C-12.jpg', 'alt': 'Casquette - 15266C – Image 12', 'origin': 'gallery', 'position': 15, 'width_hint': 800, 'height_hint': 1200}, {'url': 'https://hologrammeparis.com/wp-content/uploads/2025/02/15266C-13.jpg', 'alt': 'Casquette - 15266C – Image 13', 'origin': 'gallery', 'position': 16, 'width_hint': 800, 'height_hint': 1200}, {'url': 'https://hologrammeparis.com/wp-content/uploads/2025/02/15266C-14.jpg', 'alt': 'Casquette - 15266C – Image 14', 'origin': 'gallery', 'position': 17, 'width_hint': 800, 'height_hint': 1200}, {'url': 'https://hologrammeparis.com/wp-content/uploads/2025/02/15266C-15.jpg', 'alt': 'Casquette - 15266C – Image 15', 'origin': 'gallery', 'position': 18, 'width_hint': 800, 'height_hint': 1200}], 'raw_jsonld': None}]",bone-15266f-bone-15266c,,Paquet de 24 pcs assorties: 2 de chaque couleur
BOINAS VERÃO,20,Casquette – 18534N,"Étiquette : verão, Fabriqué en Italie, Linho, algodão","Couleur        
Noir

Taille        
55, 56, 57, 58, 59, 60, 61

Vendu par        
Unitaire

Composition        
50% Coton – 50% Lin",,[],37.5,Casquette – 18534N,"['Étiquette : verão', 'Fabriqué en Italie', 'Linho', 'algodão']","{'COULEUR': 'Noir', 'TAILLE': '55, 56, 57, 58, 59, 60, 61', 'VENDU PAR': 'Unitaire', 'COMPOSITION': '50% Coton – 50% Lin'}",,[],[],[],casquette-18534n,,
ARTIGOS EM PELE,2,HOLOGRAMME,BOINA SEXTAVADA PELE,,https://hologrammeparis.com/product/casquette-18161n/,['https://hologrammeparis.com/product/casquette-18161m/'],89.9,"Boné – 18161N
Boné – 18161M","['Fabricado na Itália', 'pele genuina']","{'COR': 'Preto, Marrom', 'TAMANHO': '55 , 56 , 57 , 58 , 59 , 60 , 61', 'VENDIDO POR': 'Unitário', 'COMPOSIÇÃO': '100% couro de vaca'}",https://hologrammeparis.com/product/casquette-18161m/,"[{'path': 'images/artigos em pele/bone-18161n-bone-18161m/img_01.jpg', 'url': '', 'origin': 'sheet', 'position': 1}]","[{'url': 'https://hologrammeparis.com/wp-content/uploads/2021/07/18161N-1.jpg', 'reason': 'fallback_used_low_resolution', 'width': 533, 'height': 800}, {'url': 'https://hologrammeparis.com/wp-content/uploads/2021/07/18161N-4.jpg', 'reason': 'low_resolution', 'width': 533, 'height': 800}, {'url': 'https://hologrammeparis.com/wp-content/uploads/2021/07/18161N-5.jpg', 'reason': 'low_resolution', 'width': 533, 'height': 800}, {'url': 'https://hologrammeparis.com/wp-content/uploads/2021/07/18161N-2.jpg', 'reason': 'low_resolution', 'width': 533, 'height': 800}, {'url': 'https://hologrammeparis.com/wp-content/uploads/2021/07/18161N-3.jpg', 'reason': 'low_resolution', 'width': 533, 'height': 800}]","[{'url': 'https://hologrammeparis.com/product/casquette-18161n/', 'name': 'Casquette - 18161N - Hologramme Paris', 'description': 'Découvrez notre Casquette - 18161N au prix de grossiste pour votre boutique sur Hologramme Paris.', 'price': None, 'currency': None, 'images': [{'url': 'https://hologrammeparis.com/wp-content/uploads/2021/07/18161N-1.jpg', 'alt': None, 'origin': 'og:image', 'position': 1}, {'url': 'https://hologrammeparis.com/wp-content/uploads/2021/07/18161N-4.jpg', 'alt': 'Casquette - 18161N – Image 2', 'origin': 'gallery', 'position': 5, 'width_hint': 533, 'height_hint': 800}, {'url': 'https://hologrammeparis.com/wp-content/uploads/2021/07/18161N-5.jpg', 'alt': 'Casquette - 18161N – Image 3', 'origin': 'gallery', 'position': 6, 'width_hint': 533, 'height_hint': 800}, {'url': 'https://hologrammeparis.com/wp-content/uploads/2021/07/18161N-2.jpg', 'alt': 'Casquette - 18161N – Image 4', 'origin': 'gallery', 'position': 7, 'width_hint': 533, 'height_hint': 800}, {'url': 'https://hologrammeparis.com/wp-content/uploads/2021/07/18161N-3.jpg', 'alt': 'Casquette - 18161N – Image 5', 'origin': 'gallery', 'position': 8, 'width_hint': 533, 'height_hint': 800}], 'raw_jsonld': None}, {'error': '404 Client Error: Not Found for url: https://hologrammeparis.com/product/casquette-18161m/', 'url': 'https://hologrammeparis.com/product/casquette-18161m/', 'images': []}]",bone-18161n-bone-18161m,,Découvrez notre Casquette - 18161N au prix de grossiste pour votre boutique sur Hologramme Paris.
ARTIGOS EM PELE,4,HOLOGRAMME,LUVAS FEMININAS,,https://hologrammeparis.com/product/gants-17120n/?attribute_pa_couleur=marron,[],35.0,Gants – 17120,['Etiqueta: LUVAS'],"{'COULEUR': 'Bordeaux, Gris, Marine, Marron, Moutarde, Noir, Orange, Rouge, Taupe', 'TAILLE': '6.5, 7, 7.5, 8', 'VENDU PAR': 'Unitaire', 'COMPOSITION': '100% Cuir de Vachette'}",https://hologrammeparis.com/product/gants-17120n/?attribute_pa_couleur=marron,"[{'path': 'images/artigos em pele/gants-17120/img_01.jpg', 'url': '', 'origin': 'sheet', 'position': 1}]","[{'url': 'https://hologrammeparis.com/wp-content/uploads/2021/07/17120N-Noir.jpg', 'reason': 'fallback_used_low_resolution', 'width': 533, 'height': 800}, {'url': 'https://hologrammeparis.com/wp-content/uploads/2021/07/17120MD-Moutarde-1.jpg', 'reason': 'low_resolution', 'width': 533, 'height': 800}, {'url': 'https://hologrammeparis.com/wp-content/uploads/2021/07/17120MD-Moutarde-2.jpg', 'reason': 'low_resolution', 'width': 533, 'height': 800}, {'url': 'https://hologrammeparis.com/wp-content/uploads/2021/07/17120MA-Marron.jpg', 'reason': 'low_resolution', 'width': 533, 'height': 800}, {'url': 'https://hologrammeparis.com/wp-content/uploads/2021/07/17120BR-Bordeaux.jpg', 'reason': 'low_resolution', 'width': 533, 'height': 800}, {'url': 'https://hologrammeparis.com/wp-content/uploads/2021/07/17120TP-Taupe.jpg', 'reason': 'low_resolution', 'width': 533, 'height': 800}, {'url': 'https://hologrammeparis.com/wp-content/uploads/2021/07/17120R-Rouge.jpg', 'reason': 'low_resolution', 'width': 533, 'height': 800}, {'url': 'https://hologrammeparis.com/wp-content/uploads/2021/07/17120OR-Orange.jpg', 'reason': 'low_resolution', 'width': 533, 'height': 800}, {'url': 'https://hologrammeparis.com/wp-content/uploads/2021/07/17120MI-Marine.jpg', 'reason': 'low_resolution', 'width': 533, 'height': 800}, {'url': 'https://hologrammeparis.com/wp-content/uploads/2021/07/17120G-Gris.jpg', 'reason': 'low_resolution', 'width': 533, 'height': 800}]","[{'url': 'https://hologrammeparis.com/product/gants-17120n/?attribute_pa_couleur=marron', 'name': 'Gants en cuir classique - 17120 - Hologramme Paris', 'description': 'Découvrez notre Gants en cuir classique - 17120 au prix de grossiste pour votre boutique sur Hologramme Paris.', 'price': None, 'currency': None, 'images': [{'url': 'https://hologrammeparis.com/wp-content/uploads/2021/07/17120N-Noir.jpg', 'alt': None, 'origin': 'og:image', 'position': 1}, {'url': 'https://hologrammeparis.com/wp-content/uploads/2021/07/17120MD-Moutarde-1.jpg', 'alt': 'Gants en cuir classique - 17120 – Image 2', 'origin': 'gallery', 'position': 5, 'width_hint': 533, 'height_hint': 800}, {'url': 'https://hologrammeparis.com/wp-content/uploads/2021/07/17120MD-Moutarde-2.jpg', 'alt': 'Gants en cuir classique - 17120 – Image 3', 'origin': 'gallery', 'position': 6, 'width_hint': 533, 'height_hint': 800}, {'url': 'https://hologrammeparis.com/wp-content/uploads/2021/07/17120MA-Marron.jpg', 'alt': 'Gants en cuir classique - 17120 – Image 4', 'origin': 'gallery', 'position': 7, 'width_hint': 533, 'height_hint': 800}, {'url': 'https://hologrammeparis.com/wp-content/uploads/2021/07/17120BR-Bordeaux.jpg', 'alt': 'Gants en cuir classique - 17120 – Image 5', 'origin': 'gallery', 'position': 8, 'width_hint': 533, 'height_hint': 800}, {'url': 'https://hologrammeparis.com/wp-content/uploads/2021/07/17120TP-Taupe.jpg', 'alt': 'Gants en cuir classique - 17120 – Image 6', 'origin': 'gallery', 'position': 9, 'width_hint': 533, 'height_hint': 800}, {'url': 'https://hologrammeparis.com/wp-content/uploads/2021/07/17120R-Rouge.jpg', 'alt': 'Gants en cuir classique - 17120 – Image 7', 'origin': 'gallery', 'position': 10, 'width_hint': 533, 'height_hint': 800}, {'url': 'https://hologrammeparis.com/wp-content/uploads/2021/07/17120OR-Orange.jpg', 'alt': 'Gants en cuir classique - 17120 – Image 8', 'origin': 'gallery', 'position': 11, 'width_hint': 533, 'height_hint': 800}, {'url': 'https://hologrammeparis.com/wp-content/uploads/2021/07/17120MI-Marine.jpg', 'alt': 'Gants en cuir classique - 17120 – Image 9', 'origin': 'gallery', 'position': 12, 'width_hint': 533, 'height_hint': 800}, {'url': 'https://hologrammeparis.com/wp-content/uploads/2021/07/17120G-Gris.jpg', 'alt': 'Gants en cuir classique - 17120 – Image 10', 'origin': 'gallery', 'position': 13, 'width_hint': 533, 'height_hint': 800}], 'raw_jsonld': None}]",gants-17120,,Découvrez notre Gants en cuir classique - 17120 au prix de grossiste pour votre boutique sur Hologramme Paris.
ARTIGOS EM PELE,6,HOLOGRAMME,LUVAS MASCULINAS,,https://hologrammeparis.com/product/gants-17119n/,[],35.0,Gants – 17119,['Etiqueta: LUVAS'],"{'COULEUR': 'Camel, Marine, Marron, Noir', 'TAILLE': '8, 8.5, 9, 9.5', 'VENDU PAR': 'Unitaire', 'COMPOSITION': ""100% Cuir d'Ovin / Doublure : 100% Polyester""}",https://hologrammeparis.com/product/gants-17119n/,"[{'path': 'images/artigos em pele/gants-17119/img_01.jpg', 'url': '', 'origin': 'sheet', 'position': 1}]","[{'url': 'https://hologrammeparis.com/wp-content/uploads/2021/07/17119N-Noir.jpg', 'reason': 'fallback_used_low_resolution', 'width': 533, 'height': 800}, {'url': 'https://hologrammeparis.com/wp-content/uploads/2021/07/17119MI-Marine-1.jpg', 'reason': 'low_resolution', 'width': 533, 'height': 800}, {'url': 'https://hologrammeparis.com/wp-content/uploads/2021/07/17119MI-Marine-2.jpg', 'reason': 'low_resolution', 'width': 533, 'height': 800}, {'url': 'https://hologrammeparis.com/wp-content/uploads/2021/07/17119CL-Camel.jpg', 'reason': 'low_resolution', 'width': 533, 'height': 800}, {'url': 'https://hologrammeparis.com/wp-content/uploads/2021/07/17119MA-Marron.jpg', 'reason': 'low_resolution', 'width': 533, 'height': 800}]","[{'url': 'https://hologrammeparis.com/product/gants-17119n/', 'name': 'Gants en cuir classique - 17119 - Hologramme Paris', 'description': 'Découvrez notre Gants en cuir classique - 17119 au prix de grossiste pour votre boutique sur Hologramme Paris.', 'price': None, 'currency': None, 'images': [{'url': 'https://hologrammeparis.com/wp-content/uploads/2021/07/17119N-Noir.jpg', 'alt': None, 'origin': 'og:image', 'position': 1}, {'url': 'https://hologrammeparis.com/wp-content/uploads/2021/07/17119MI-Marine-1.jpg', 'alt': 'Gants en cuir classique - 17119 – Image 2', 'origin': 'gallery', 'position': 5, 'width_hint': 533, 'height_hint': 800}, {'url': 'https://hologrammeparis.com/wp-content/uploads/2021/07/17119MI-Marine-2.jpg', 'alt': 'Gants en cuir classique - 17119 – Image 3', 'origin': 'gallery', 'position': 6, 'width_hint': 533, 'height_hint': 800}, {'url': 'https://hologrammeparis.com/wp-content/uploads/2021/07/17119CL-Camel.jpg', 'alt': 'Gants en cuir classique - 17119 – Image 4', 'origin': 'gallery', 'position': 7, 'width_hint': 533, 'height_hint': 800}, {'url': 'https://hologrammeparis.com/wp-content/uploads/2021/07/17119MA-Marron.jpg', 'alt': 'Gants en cuir classique - 17119 – Image 5', 'origin': 'gallery', 'position': 8, 'width_hint': 533, 'height_hint': 800}], 'raw_jsonld': None}]",gants-17119,,Découvrez notre Gants en cuir classique - 17119 au prix de grossiste pour votre boutique sur Hologramme Paris.
ARTIGOS EM PELE,8,HOLOGRAMME,CARTEIRAS,,https://hologrammeparis.com/product/porte-monnaie-5657/,[],35.0,Porte-Monnaie – 5657,['CARTEIRAS'],"{'COULEUR': 'Bleu, Bordeaux, Cognac, Marron, Noir, Taupe', 'VENDU PAR': 'Unitaire'}",https://hologrammeparis.com/product/porte-monnaie-5657/,"[{'path': 'images/artigos em pele/porte-monnaie-5657/img_01.jpg', 'url': '', 'origin': 'sheet', 'position': 1}]",[],"[{'url': 'https://hologrammeparis.com/product/porte-monnaie-5657/', 'name': 'Porte-Monnaie - 5657 - Hologramme Paris', 'description': 'Découvrez notre Porte-Monnaie - 5657 au prix de grossiste pour votre boutique sur Hologramme Paris.', 'price': None, 'currency': None, 'images': [{'url': 'https://hologrammeparis.com/wp-content/uploads/2022/06/5657-10.20.jpg', 'alt': None, 'origin': 'og:image', 'position': 1}], 'raw_jsonld': None}]",porte-monnaie-5657,,Découvrez notre Porte-Monnaie - 5657 au prix de grossiste pour votre boutique sur Hologramme Paris.
ARTIGOS EM PELE,10,,CHAPEU AUSTRALIANO,,,[],67.5,chapeu-australiano,['Fabricado em Portugal'],{},,[],[],[],chapeu-australiano,,
CORTIÇA,16,MONTADO,CHAPÉU TIROLÊS EM CORTIÇA,,https://vips-velen.pt/?product=chapeu-tiroles-em-cortica,[],45.0,VELEN,"['Chapéu tirolês em cortiça. Na confecção deste chapéu não foi usado nenhum material de origem animal.\n\n– Chapéu tirolês', '100% cortiça\n\n– Produto sustentável.\n\n– Produto produzido em Portugal com cortiça Portuguesa.\n\n– Duradouro', 'eco-Friendly e resistente à água.\n\n– Pode ser limpo com água e sabão neutro.\n\n– Cor da peça em exibição: Natural.']","{'COULEUR': 'Natural', 'TAILLE': '54, 55 , 56 , 57 , 58 , 59 , 60 , 61, 62, 63', 'VENDU PAR': 'Unitaire', 'COMPOSITION': '100%', 'COR': 'Natural', 'TAMANHO': '55 , 56 , 57 , 58 , 59 , 60 , 61', 'COMPOSIÇÃO': '100%', 'VENDIDO POR': 'Unitário'}",Etiqueta: Fabricado em Portugal,"[{'path': 'images/cortiça/velen/img_01.jpg', 'url': '', 'origin': 'sheet', 'position': 1}]",[],"[{'error': '404 Client Error: Not Found for url: http://velen-cork.com/?product=chapeu-tiroles-em-cortica', 'url': 'https://vips-velen.pt/?product=chapeu-tiroles-em-cortica', 'images': [], 'description': 'Boné Vegan estilo basebol de cortiça. 100% Eco-Friendly, produzido em Portugal. Leve,  prático e resistente. Montado - Cortiça com Arte.'}]",velen,,"Boné Vegan estilo basebol de cortiça. 100% Eco-Friendly, produzido em Portugal. Leve,  prático e resistente. Montado - Cortiça com Arte."
CORTIÇA,16,MONTADO,CHAPÉU TIROLÊS EM CORTIÇA,,https://vips-velen.pt/?product=chapeu-tiroles-em-cortica,[],45.0,VELEN,"['Chapéu tirolês em cortiça. Na confecção deste chapéu não foi usado nenhum material de origem animal.\n\n– Chapéu tirolês', '100% cortiça\n\n– Produto sustentável.\n\n– Produto produzido em Portugal com cortiça Portuguesa.\n\n– Duradouro', 'eco-Friendly e resistente à água.\n\n– Pode ser limpo com água e sabão neutro.\n\n– Cor da peça em exibição: Natural.']","{'COULEUR': 'Natural', 'TAILLE': '54, 55 , 56 , 57 , 58 , 59 , 60 , 61, 62, 63', 'VENDU PAR': 'Unitaire', 'COMPOSITION': '100%', 'COR': 'Natural', 'TAMANHO': '55 , 56 , 57 , 58 , 59 , 60 , 61', 'COMPOSIÇÃO': '100%', 'VENDIDO POR': 'Unitário'}",Etiqueta: Fabricado em Portugal,"[{'path': 'images/cortiça/velen/img_01.jpg', 'url': '', 'origin': 'sheet', 'position': 1}]",[],"[{'error': '404 Client Error: Not Found for url: http://velen-cork.com/?product=chapeu-tiroles-em-cortica', 'url': 'https://vips-velen.pt/?product=chapeu-tiroles-em-cortica', 'images': [], 'description': 'Boné Vegan estilo basebol de cortiça. 100% Eco-Friendly, produzido em Portugal. Leve,  prático e resistente. Montado - Cortiça com Arte.'}]",velen,,"Boné Vegan estilo basebol de cortiça. 100% Eco-Friendly, produzido em Portugal. Leve,  prático e resistente. Montado - Cortiça com Arte."
CORTIÇA,16,MONTADO,CHAPÉU TIROLÊS EM CORTIÇA,,https://vips-velen.pt/?product=chapeu-tiroles-em-cortica,[],45.0,VELEN,"['Chapéu tirolês em cortiça. Na confecção deste chapéu não foi usado nenhum material de origem animal.\n\n– Chapéu tirolês', '100% cortiça\n\n– Produto sustentável.\n\n– Produto produzido em Portugal com cortiça Portuguesa.\n\n– Duradouro', 'eco-Friendly e resistente à água.\n\n– Pode ser limpo com água e sabão neutro.\n\n– Cor da peça em exibição: Natural.']","{'COULEUR': 'Natural', 'TAILLE': '54, 55 , 56 , 57 , 58 , 59 , 60 , 61, 62, 63', 'VENDU PAR': 'Unitaire', 'COMPOSITION': '100%', 'COR': 'Natural', 'TAMANHO': '55 , 56 , 57 , 58 , 59 , 60 , 61', 'COMPOSIÇÃO': '100%', 'VENDIDO POR': 'Unitário'}",Etiqueta: Fabricado em Portugal,"[{'path': 'images/cortiça/velen/img_01.jpg', 'url': '', 'origin': 'sheet', 'position': 1}]",[],"[{'error': '404 Client Error: Not Found for url: http://velen-cork.com/?product=chapeu-tiroles-em-cortica', 'url': 'https://vips-velen.pt/?product=chapeu-tiroles-em-cortica', 'images': [], 'description': 'Boné Vegan estilo basebol de cortiça. 100% Eco-Friendly, produzido em Portugal. Leve,  prático e resistente. Montado - Cortiça com Arte.'}]",velen,,"Boné Vegan estilo basebol de cortiça. 100% Eco-Friendly, produzido em Portugal. Leve,  prático e resistente. Montado - Cortiça com Arte."
CORTIÇA,16,MONTADO,CHAPÉU TIROLÊS EM CORTIÇA,,https://vips-velen.pt/?product=chapeu-tiroles-em-cortica,[],45.0,VELEN,"['Chapéu tirolês em cortiça. Na confecção deste chapéu não foi usado nenhum material de origem animal.\n\n– Chapéu tirolês', '100% cortiça\n\n– Produto sustentável.\n\n– Produto produzido em Portugal com cortiça Portuguesa.\n\n– Duradouro', 'eco-Friendly e resistente à água.\n\n– Pode ser limpo com água e sabão neutro.\n\n– Cor da peça em exibição: Natural.']","{'COULEUR': 'Natural', 'TAILLE': '54, 55 , 56 , 57 , 58 , 59 , 60 , 61, 62, 63', 'VENDU PAR': 'Unitaire', 'COMPOSITION': '100%', 'COR': 'Natural', 'TAMANHO': '55 , 56 , 57 , 58 , 59 , 60 , 61', 'COMPOSIÇÃO': '100%', 'VENDIDO POR': 'Unitário'}",Etiqueta: Fabricado em Portugal,"[{'path': 'images/cortiça/velen/img_01.jpg', 'url': '', 'origin': 'sheet', 'position': 1}]",[],"[{'error': '404 Client Error: Not Found for url: http://velen-cork.com/?product=chapeu-tiroles-em-cortica', 'url': 'https://vips-velen.pt/?product=chapeu-tiroles-em-cortica', 'images': [], 'description': 'Boné Vegan estilo basebol de cortiça. 100% Eco-Friendly, produzido em Portugal. Leve,  prático e resistente. Montado - Cortiça com Arte.'}]",velen,,"Boné Vegan estilo basebol de cortiça. 100% Eco-Friendly, produzido em Portugal. Leve,  prático e resistente. Montado - Cortiça com Arte."
CORTIÇA,16,MONTADO,CHAPÉU TIROLÊS EM CORTIÇA,,https://vips-velen.pt/?product=chapeu-tiroles-em-cortica,[],45.0,VELEN,"['Chapéu tirolês em cortiça. Na confecção deste chapéu não foi usado nenhum material de origem animal.\n\n– Chapéu tirolês', '100% cortiça\n\n– Produto sustentável.\n\n– Produto produzido em Portugal com cortiça Portuguesa.\n\n– Duradouro', 'eco-Friendly e resistente à água.\n\n– Pode ser limpo com água e sabão neutro.\n\n– Cor da peça em exibição: Natural.']","{'COULEUR': 'Natural', 'TAILLE': '54, 55 , 56 , 57 , 58 , 59 , 60 , 61, 62, 63', 'VENDU PAR': 'Unitaire', 'COMPOSITION': '100%', 'COR': 'Natural', 'TAMANHO': '55 , 56 , 57 , 58 , 59 , 60 , 61', 'COMPOSIÇÃO': '100%', 'VENDIDO POR': 'Unitário'}",Etiqueta: Fabricado em Portugal,"[{'path': 'images/cortiça/velen/img_01.jpg', 'url': '', 'origin': 'sheet', 'position': 1}]",[],"[{'error': '404 Client Error: Not Found for url: http://velen-cork.com/?product=chapeu-tiroles-em-cortica', 'url': 'https://vips-velen.pt/?product=chapeu-tiroles-em-cortica', 'images': [], 'description': 'Boné Vegan estilo basebol de cortiça. 100% Eco-Friendly, produzido em Portugal. Leve,  prático e resistente. Montado - Cortiça com Arte.'}]",velen,,"Boné Vegan estilo basebol de cortiça. 100% Eco-Friendly, produzido em Portugal. Leve,  prático e resistente. Montado - Cortiça com Arte."
CORTIÇA,16,MONTADO,CHAPÉU TIROLÊS EM CORTIÇA,,https://vips-velen.pt/?product=chapeu-tiroles-em-cortica,[],45.0,VELEN,"['Chapéu tirolês em cortiça. Na confecção deste chapéu não foi usado nenhum material de origem animal.\n\n– Chapéu tirolês', '100% cortiça\n\n– Produto sustentável.\n\n– Produto produzido em Portugal com cortiça Portuguesa.\n\n– Duradouro', 'eco-Friendly e resistente à água.\n\n– Pode ser limpo com água e sabão neutro.\n\n– Cor da peça em exibição: Natural.']","{'COULEUR': 'Natural', 'TAILLE': '54, 55 , 56 , 57 , 58 , 59 , 60 , 61, 62, 63', 'VENDU PAR': 'Unitaire', 'COMPOSITION': '100%', 'COR': 'Natural', 'TAMANHO': '55 , 56 , 57 , 58 , 59 , 60 , 61', 'COMPOSIÇÃO': '100%', 'VENDIDO POR': 'Unitário'}",Etiqueta: Fabricado em Portugal,"[{'path': 'images/cortiça/velen/img_01.jpg', 'url': '', 'origin': 'sheet', 'position': 1}]",[],"[{'error': '404 Client Error: Not Found for url: http://velen-cork.com/?product=chapeu-tiroles-em-cortica', 'url': 'https://vips-velen.pt/?product=chapeu-tiroles-em-cortica', 'images': [], 'description': 'Boné Vegan estilo basebol de cortiça. 100% Eco-Friendly, produzido em Portugal. Leve,  prático e resistente. Montado - Cortiça com Arte.'}]",velen,,"Boné Vegan estilo basebol de cortiça. 100% Eco-Friendly, produzido em Portugal. Leve,  prático e resistente. Montado - Cortiça com Arte."
CORTIÇA,16,MONTADO,CHAPÉU TIROLÊS EM CORTIÇA,,https://vips-velen.pt/?product=chapeu-tiroles-em-cortica,[],45.0,VELEN,"['Chapéu tirolês em cortiça. Na confecção deste chapéu não foi usado nenhum material de origem animal.\n\n– Chapéu tirolês', '100% cortiça\n\n– Produto sustentável.\n\n– Produto produzido em Portugal com cortiça Portuguesa.\n\n– Duradouro', 'eco-Friendly e resistente à água.\n\n– Pode ser limpo com água e sabão neutro.\n\n– Cor da peça em exibição: Natural.']","{'COULEUR': 'Natural', 'TAILLE': '54, 55 , 56 , 57 , 58 , 59 , 60 , 61, 62, 63', 'VENDU PAR': 'Unitaire', 'COMPOSITION': '100%', 'COR': 'Natural', 'TAMANHO': '55 , 56 , 57 , 58 , 59 , 60 , 61', 'COMPOSIÇÃO': '100%', 'VENDIDO POR': 'Unitário'}",Etiqueta: Fabricado em Portugal,"[{'path': 'images/cortiça/velen/img_01.jpg', 'url': '', 'origin': 'sheet', 'position': 1}]",[],"[{'error': '404 Client Error: Not Found for url: http://velen-cork.com/?product=chapeu-tiroles-em-cortica', 'url': 'https://vips-velen.pt/?product=chapeu-tiroles-em-cortica', 'images': [], 'description': 'Boné Vegan estilo basebol de cortiça. 100% Eco-Friendly, produzido em Portugal. Leve,  prático e resistente. Montado - Cortiça com Arte.'}]",velen,,"Boné Vegan estilo basebol de cortiça. 100% Eco-Friendly, produzido em Portugal. Leve,  prático e resistente. Montado - Cortiça com Arte."
CORTIÇA,16,MONTADO,CHAPÉU TIROLÊS EM CORTIÇA,,https://vips-velen.pt/?product=chapeu-tiroles-em-cortica,[],45.0,VELEN,"['Chapéu tirolês em cortiça. Na confecção deste chapéu não foi usado nenhum material de origem animal.\n\n– Chapéu tirolês', '100% cortiça\n\n– Produto sustentável.\n\n– Produto produzido em Portugal com cortiça Portuguesa.\n\n– Duradouro', 'eco-Friendly e resistente à água.\n\n– Pode ser limpo com água e sabão neutro.\n\n– Cor da peça em exibição: Natural.']","{'COULEUR': 'Natural', 'TAILLE': '54, 55 , 56 , 57 , 58 , 59 , 60 , 61, 62, 63', 'VENDU PAR': 'Unitaire', 'COMPOSITION': '100%', 'COR': 'Natural', 'TAMANHO': '55 , 56 , 57 , 58 , 59 , 60 , 61', 'COMPOSIÇÃO': '100%', 'VENDIDO POR': 'Unitário'}",Etiqueta: Fabricado em Portugal,"[{'path': 'images/cortiça/velen/img_01.jpg', 'url': '', 'origin': 'sheet', 'position': 1}]",[],"[{'error': '404 Client Error: Not Found for url: http://velen-cork.com/?product=chapeu-tiroles-em-cortica', 'url': 'https://vips-velen.pt/?product=chapeu-tiroles-em-cortica', 'images': [], 'description': 'Boné Vegan estilo basebol de cortiça. 100% Eco-Friendly, produzido em Portugal. Leve,  prático e resistente. Montado - Cortiça com Arte.'}]",velen,,"Boné Vegan estilo basebol de cortiça. 100% Eco-Friendly, produzido em Portugal. Leve,  prático e resistente. Montado - Cortiça com Arte."
GORROS,2,HOLOGRAMME,GORRO USHANKA,,https://hologrammeparis.com/product-category/chapellerie/collection-hiver/chapeaux-hiver/toques-chapkas/,[],1.0,Chapka – 6064,['Fabricado na China'],"{'COR': 'Bege , Camelo , Cáqui , Marrom , Preto', 'TAMANHO': '57 , 59', 'VENDIDO POR': 'Pacote 12', 'COMPOSIÇÃO': '100% Poliéster / Forro: 100% Poliéster'}","3*57, 4*59 PRETO, 1*57 BEGE, 1*59 CAMELO, 1*57 CÁQUI, 1*57, 1*59 MARROM","[{'path': 'images/gorros/chapka-6064/img_01.jpg', 'url': '', 'origin': 'sheet', 'position': 1}]","[{'url': 'https://hologrammeparis.com/wp-content/uploads/2021/08/Toques.jpg', 'reason': 'fallback_used_low_resolution', 'width': 300, 'height': 300}]","[{'url': 'https://hologrammeparis.com/product-category/chapellerie/collection-hiver/chapeaux-hiver/toques-chapkas/', 'name': 'Grossiste Toques & Chapkas | +5000 références dispo', 'description': 'Hologramme est un grossiste de Toques et Chapkas avec 40 ans d’expérience. Découvrez nos collections de chapeaux en fourrure au tarif de gros.', 'price': None, 'currency': None, 'images': [{'url': 'https://hologrammeparis.com/wp-content/uploads/2021/08/Toques.jpg', 'alt': None, 'origin': 'og:image', 'position': 1}], 'raw_jsonld': None}]",chapka-6064,,Hologramme est un grossiste de Toques et Chapkas avec 40 ans d’expérience. Découvrez nos collections de chapeaux en fourrure au tarif de gros.
GORROS,6,HOLOGRAMME,CHAPÉU CHAPKA,,https://hologrammeparis.com/product/toque-49171-simili-cuir/?attribute_pa_couleur=rouge-noir,[],3.0,Chapéu – 49171,['Etiqueta: Fabricado em Portugal'],"{'COR': 'Bege , Azul Claro , Borgonha , Cinza , Marinho , Marrom , Mostarda , Preto , Laranja , Rosa , Vermelho , Verde', 'COMPOSIÇÃO': '100% modacrílica'}",https://hologrammeparis.com/product/toque-49171-simili-cuir/?attribute_pa_couleur=rouge-noir,"[{'path': 'images/gorros/chapeu-49171/img_01.jpg', 'url': '', 'origin': 'sheet', 'position': 1}]","[{'url': 'https://hologrammeparis.com/wp-content/uploads/2021/07/49171-Simili-cuir-Bordeaux-1.jpg', 'reason': 'fallback_used_low_resolution', 'width': 533, 'height': 800}, {'url': 'https://hologrammeparis.com/wp-content/uploads/2021/07/49171-Simili-cuir-Bordeaux-2.jpg', 'reason': 'low_resolution', 'width': 533, 'height': 800}, {'url': 'https://hologrammeparis.com/wp-content/uploads/2021/07/49171-Simili-cuir-Bordeaux-3.jpg', 'reason': 'low_resolution', 'width': 533, 'height': 800}, {'url': 'https://hologrammeparis.com/wp-content/uploads/2021/07/49171-Simili-cuir-Marine-2.jpg', 'reason': 'low_resolution', 'width': 533, 'height': 800}, {'url': 'https://hologrammeparis.com/wp-content/uploads/2021/07/49171-Simili-cuir-Marine-3.jpg', 'reason': 'low_resolution', 'width': 533, 'height': 800}, {'url': 'https://hologrammeparis.com/wp-content/uploads/2021/07/49171-Simili-cuir-Marron-2.jpg', 'reason': 'low_resolution', 'width': 533, 'height': 800}, {'url': 'https://hologrammeparis.com/wp-content/uploads/2021/07/49171-Simili-cuir-Marron-3.jpg', 'reason': 'low_resolution', 'width': 533, 'height': 800}, {'url': 'https://hologrammeparis.com/wp-content/uploads/2021/07/49171-Simili-cuir-Noir-2.jpg', 'reason': 'low_resolution', 'width': 533, 'height': 800}, {'url': 'https://hologrammeparis.com/wp-content/uploads/2021/07/49171-Simili-cuir-Noir-3.jpg', 'reason': 'low_resolution', 'width': 533, 'height': 800}, {'url': 'https://hologrammeparis.com/wp-content/uploads/2021/07/49171-Simili-cuir-Noir-Blanc-2.jpg', 'reason': 'low_resolution', 'width': 533, 'height': 800}, {'url': 'https://hologrammeparis.com/wp-content/uploads/2021/07/49171-Simili-cuir-Noir-Blanc-3.jpg', 'reason': 'low_resolution', 'width': 533, 'height': 800}, {'url': 'https://hologrammeparis.com/wp-content/uploads/2021/07/49171-Simili-cuir-Rouge-Noir-2.jpg', 'reason': 'low_resolution', 'width': 533, 'height': 800}, {'url': 'https://hologrammeparis.com/wp-content/uploads/2021/07/49171-Simili-cuir-Rouge-Noir-3.jpg', 'reason': 'low_resolution', 'width': 533, 'height': 800}]","[{'url': 'https://hologrammeparis.com/product/toque-49171-simili-cuir/?attribute_pa_couleur=rouge-noir', 'name': 'Toque - 49171 Simili-Cuir - Hologramme Paris', 'description': 'Fausse fourrure en 100% Modacrylique', 'price': None, 'currency': None, 'images': [{'url': 'https://hologrammeparis.com/wp-content/uploads/2021/07/49171-Simili-cuir-Bordeaux-1.jpg', 'alt': None, 'origin': 'og:image', 'position': 1}, {'url': 'https://hologrammeparis.com/wp-content/uploads/2021/07/49171-Simili-cuir-Bordeaux-2.jpg', 'alt': 'Toque - 49171 Simili-Cuir – Image 2', 'origin': 'gallery', 'position': 5, 'width_hint': 533, 'height_hint': 800}, {'url': 'https://hologrammeparis.com/wp-content/uploads/2021/07/49171-Simili-cuir-Bordeaux-3.jpg', 'alt': 'Toque - 49171 Simili-Cuir – Image 3', 'origin': 'gallery', 'position': 6, 'width_hint': 533, 'height_hint': 800}, {'url': 'https://hologrammeparis.com/wp-content/uploads/2021/07/49171-Simili-cuir-Marine-2.jpg', 'alt': 'Toque - 49171 Simili-Cuir – Image 4', 'origin': 'gallery', 'position': 7, 'width_hint': 533, 'height_hint': 800}, {'url': 'https://hologrammeparis.com/wp-content/uploads/2021/07/49171-Simili-cuir-Marine-3.jpg', 'alt': 'Toque - 49171 Simili-Cuir – Image 5', 'origin': 'gallery', 'position': 8, 'width_hint': 533, 'height_hint': 800}, {'url': 'https://hologrammeparis.com/wp-content/uploads/2021/07/49171-Simili-cuir-Marron-2.jpg', 'alt': 'Toque - 49171 Simili-Cuir – Image 6', 'origin': 'gallery', 'position': 9, 'width_hint': 533, 'height_hint': 800}, {'url': 'https://hologrammeparis.com/wp-content/uploads/2021/07/49171-Simili-cuir-Marron-3.jpg', 'alt': 'Toque - 49171 Simili-Cuir – Image 7', 'origin': 'gallery', 'position': 10, 'width_hint': 533, 'height_hint': 800}, {'url': 'https://hologrammeparis.com/wp-content/uploads/2021/07/49171-Simili-cuir-Noir-2.jpg', 'alt': 'Toque - 49171 Simili-Cuir – Image 8', 'origin': 'gallery', 'position': 11, 'width_hint': 533, 'height_hint': 800}, {'url': 'https://hologrammeparis.com/wp-content/uploads/2021/07/49171-Simili-cuir-Noir-3.jpg', 'alt': 'Toque - 49171 Simili-Cuir – Image 9', 'origin': 'gallery', 'position': 12, 'width_hint': 533, 'height_hint': 800}, {'url': 'https://hologrammeparis.com/wp-content/uploads/2021/07/49171-Simili-cuir-Noir-Blanc-2.jpg', 'alt': 'Toque - 49171 Simili-Cuir – Image 10', 'origin': 'gallery', 'position': 13, 'width_hint': 533, 'height_hint': 800}, {'url': 'https://hologrammeparis.com/wp-content/uploads/2021/07/49171-Simili-cuir-Noir-Blanc-3.jpg', 'alt': 'Toque - 49171 Simili-Cuir – Image 11', 'origin': 'gallery', 'position': 14, 'width_hint': 533, 'height_hint': 800}, {'url': 'https://hologrammeparis.com/wp-content/uploads/2021/07/49171-Simili-cuir-Rouge-Noir-2.jpg', 'alt': 'Toque - 49171 Simili-Cuir – Image 12', 'origin': 'gallery', 'position': 15, 'width_hint': 533, 'height_hint': 800}, {'url': 'https://hologrammeparis.com/wp-content/uploads/2021/07/49171-Simili-cuir-Rouge-Noir-3.jpg', 'alt': 'Toque - 49171 Simili-Cuir – Image 13', 'origin': 'gallery', 'position': 16, 'width_hint': 533, 'height_hint': 800}], 'raw_jsonld': None}]",chapeu-49171,,Fausse fourrure en 100% Modacrylique Nous essayons de mettre 6 couleurs différentes par pack.
GORROS,6,HOLOGRAMME,CHAPÉU CHAPKA,,https://hologrammeparis.com/product/toque-49171-simili-cuir/?attribute_pa_couleur=rouge-noir,[],3.0,Chapéu – 49171,['Etiqueta: Fabricado em Portugal'],"{'COR': 'Bege , Azul Claro , Borgonha , Cinza , Marinho , Marrom , Mostarda , Preto , Laranja , Rosa , Vermelho , Verde', 'COMPOSIÇÃO': '100% modacrílica'}",https://hologrammeparis.com/product/toque-49171-simili-cuir/?attribute_pa_couleur=rouge-noir,"[{'path': 'images/gorros/chapeu-49171/img_01.jpg', 'url': '', 'origin': 'sheet', 'position': 1}]","[{'url': 'https://hologrammeparis.com/wp-content/uploads/2021/07/49171-Simili-cuir-Bordeaux-1.jpg', 'reason': 'fallback_used_low_resolution', 'width': 533, 'height': 800}, {'url': 'https://hologrammeparis.com/wp-content/uploads/2021/07/49171-Simili-cuir-Bordeaux-2.jpg', 'reason': 'low_resolution', 'width': 533, 'height': 800}, {'url': 'https://hologrammeparis.com/wp-content/uploads/2021/07/49171-Simili-cuir-Bordeaux-3.jpg', 'reason': 'low_resolution', 'width': 533, 'height': 800}, {'url': 'https://hologrammeparis.com/wp-content/uploads/2021/07/49171-Simili-cuir-Marine-2.jpg', 'reason': 'low_resolution', 'width': 533, 'height': 800}, {'url': 'https://hologrammeparis.com/wp-content/uploads/2021/07/49171-Simili-cuir-Marine-3.jpg', 'reason': 'low_resolution', 'width': 533, 'height': 800}, {'url': 'https://hologrammeparis.com/wp-content/uploads/2021/07/49171-Simili-cuir-Marron-2.jpg', 'reason': 'low_resolution', 'width': 533, 'height': 800}, {'url': 'https://hologrammeparis.com/wp-content/uploads/2021/07/49171-Simili-cuir-Marron-3.jpg', 'reason': 'low_resolution', 'width': 533, 'height': 800}, {'url': 'https://hologrammeparis.com/wp-content/uploads/2021/07/49171-Simili-cuir-Noir-2.jpg', 'reason': 'low_resolution', 'width': 533, 'height': 800}, {'url': 'https://hologrammeparis.com/wp-content/uploads/2021/07/49171-Simili-cuir-Noir-3.jpg', 'reason': 'low_resolution', 'width': 533, 'height': 800}, {'url': 'https://hologrammeparis.com/wp-content/uploads/2021/07/49171-Simili-cuir-Noir-Blanc-2.jpg', 'reason': 'low_resolution', 'width': 533, 'height': 800}, {'url': 'https://hologrammeparis.com/wp-content/uploads/2021/07/49171-Simili-cuir-Noir-Blanc-3.jpg', 'reason': 'low_resolution', 'width': 533, 'height': 800}, {'url': 'https://hologrammeparis.com/wp-content/uploads/2021/07/49171-Simili-cuir-Rouge-Noir-2.jpg', 'reason': 'low_resolution', 'width': 533, 'height': 800}, {'url': 'https://hologrammeparis.com/wp-content/uploads/2021/07/49171-Simili-cuir-Rouge-Noir-3.jpg', 'reason': 'low_resolution', 'width': 533, 'height': 800}]","[{'url': 'https://hologrammeparis.com/product/toque-49171-simili-cuir/?attribute_pa_couleur=rouge-noir', 'name': 'Toque - 49171 Simili-Cuir - Hologramme Paris', 'description': 'Fausse fourrure en 100% Modacrylique', 'price': None, 'currency': None, 'images': [{'url': 'https://hologrammeparis.com/wp-content/uploads/2021/07/49171-Simili-cuir-Bordeaux-1.jpg', 'alt': None, 'origin': 'og:image', 'position': 1}, {'url': 'https://hologrammeparis.com/wp-content/uploads/2021/07/49171-Simili-cuir-Bordeaux-2.jpg', 'alt': 'Toque - 49171 Simili-Cuir – Image 2', 'origin': 'gallery', 'position': 5, 'width_hint': 533, 'height_hint': 800}, {'url': 'https://hologrammeparis.com/wp-content/uploads/2021/07/49171-Simili-cuir-Bordeaux-3.jpg', 'alt': 'Toque - 49171 Simili-Cuir – Image 3', 'origin': 'gallery', 'position': 6, 'width_hint': 533, 'height_hint': 800}, {'url': 'https://hologrammeparis.com/wp-content/uploads/2021/07/49171-Simili-cuir-Marine-2.jpg', 'alt': 'Toque - 49171 Simili-Cuir – Image 4', 'origin': 'gallery', 'position': 7, 'width_hint': 533, 'height_hint': 800}, {'url': 'https://hologrammeparis.com/wp-content/uploads/2021/07/49171-Simili-cuir-Marine-3.jpg', 'alt': 'Toque - 49171 Simili-Cuir – Image 5', 'origin': 'gallery', 'position': 8, 'width_hint': 533, 'height_hint': 800}, {'url': 'https://hologrammeparis.com/wp-content/uploads/2021/07/49171-Simili-cuir-Marron-2.jpg', 'alt': 'Toque - 49171 Simili-Cuir – Image 6', 'origin': 'gallery', 'position': 9, 'width_hint': 533, 'height_hint': 800}, {'url': 'https://hologrammeparis.com/wp-content/uploads/2021/07/49171-Simili-cuir-Marron-3.jpg', 'alt': 'Toque - 49171 Simili-Cuir – Image 7', 'origin': 'gallery', 'position': 10, 'width_hint': 533, 'height_hint': 800}, {'url': 'https://hologrammeparis.com/wp-content/uploads/2021/07/49171-Simili-cuir-Noir-2.jpg', 'alt': 'Toque - 49171 Simili-Cuir – Image 8', 'origin': 'gallery', 'position': 11, 'width_hint': 533, 'height_hint': 800}, {'url': 'https://hologrammeparis.com/wp-content/uploads/2021/07/49171-Simili-cuir-Noir-3.jpg', 'alt': 'Toque - 49171 Simili-Cuir – Image 9', 'origin': 'gallery', 'position': 12, 'width_hint': 533, 'height_hint': 800}, {'url': 'https://hologrammeparis.com/wp-content/uploads/2021/07/49171-Simili-cuir-Noir-Blanc-2.jpg', 'alt': 'Toque - 49171 Simili-Cuir – Image 10', 'origin': 'gallery', 'position': 13, 'width_hint': 533, 'height_hint': 800}, {'url': 'https://hologrammeparis.com/wp-content/uploads/2021/07/49171-Simili-cuir-Noir-Blanc-3.jpg', 'alt': 'Toque - 49171 Simili-Cuir – Image 11', 'origin': 'gallery', 'position': 14, 'width_hint': 533, 'height_hint': 800}, {'url': 'https://hologrammeparis.com/wp-content/uploads/2021/07/49171-Simili-cuir-Rouge-Noir-2.jpg', 'alt': 'Toque - 49171 Simili-Cuir – Image 12', 'origin': 'gallery', 'position': 15, 'width_hint': 533, 'height_hint': 800}, {'url': 'https://hologrammeparis.com/wp-content/uploads/2021/07/49171-Simili-cuir-Rouge-Noir-3.jpg', 'alt': 'Toque - 49171 Simili-Cuir – Image 13', 'origin': 'gallery', 'position': 16, 'width_hint': 533, 'height_hint': 800}], 'raw_jsonld': None}]",chapeu-49171,,Fausse fourrure en 100% Modacrylique Nous essayons de mettre 6 couleurs différentes par pack.
CHAPÉUS LÃ,4,HOLOGRAMME,CHAPEU FEDORA,,https://hologrammeparis.com/product/chapeau-art-01-gros-grain-pack-12/,[],35.0,"Tags: Fabricado na Itália , Lã Pura","['Nossa versão Hologram Paris do “Fedora clássico”\n\nChapéu com fita tom sobre tom', '100 g de pura lã.\n\nSóbrio e sem logótipo visível.\n\n100% lã e fabricação italiana']","{'COR': 'Sortido', 'TAMANHO': '55 , 56 , 57 , 58 , 59 , 60 , 61 , 62', 'VENDIDO POR': 'Pacote 12', 'COMPOSIÇÃO': '100% Lã'}","Bege , Branco , Branco Preto , Verde-azulado, Azul Céu , Azul Royal , Borgonha , Camelo , Castor , Creme , Cinza Claro , Cinza Escuro , Índigo , Cáqui , Marinho , Marrom , Mostarda , Preto , Laranja , Rosa , Vermelho , Ferrugem , Rubino , Verde Escuro , Rosa Velha","[{'path': 'images/chapéus lã/tags-fabricado-na-italia-la-pura/img_01.jpg', 'url': '', 'origin': 'sheet', 'position': 1}]","[{'url': 'https://hologrammeparis.com/wp-content/uploads/2021/07/Art-01-Gros-grain-Creme.jpg', 'reason': 'fallback_used_low_resolution', 'width': 533, 'height': 800}, {'url': 'https://hologrammeparis.com/wp-content/uploads/2021/07/Art-01-Gros-grain-Blanc-2.jpg', 'reason': 'low_resolution', 'width': 533, 'height': 800}, {'url': 'https://hologrammeparis.com/wp-content/uploads/2021/07/Art-01-Gros-grain-Blanc-3.jpg', 'reason': 'low_resolution', 'width': 533, 'height': 800}, {'url': 'https://hologrammeparis.com/wp-content/uploads/2021/07/Art-01-Gros-grain-Blanc-4.jpg', 'reason': 'low_resolution', 'width': 533, 'height': 800}, {'url': 'https://hologrammeparis.com/wp-content/uploads/2021/07/Art-01-Gros-grain-Blanc-Noir-2.jpg', 'reason': 'low_resolution', 'width': 533, 'height': 800}, {'url': 'https://hologrammeparis.com/wp-content/uploads/2021/07/Art-01-Gros-grain-Blanc-Noir-3.jpg', 'reason': 'low_resolution', 'width': 533, 'height': 800}, {'url': 'https://hologrammeparis.com/wp-content/uploads/2021/07/Art-01-Gros-grain-Blanc-Noir-4.jpg', 'reason': 'low_resolution', 'width': 533, 'height': 800}, {'url': 'https://hologrammeparis.com/wp-content/uploads/2021/07/Art-01-Gros-grain-Blanc-Noir-5.jpg', 'reason': 'low_resolution', 'width': 533, 'height': 800}]","[{'url': 'https://hologrammeparis.com/product/chapeau-art-01-gros-grain-pack-12/', 'name': 'Chapeau - Art 01 Gros grain (Pack 12) - Hologramme Paris', 'description': 'Notre version Hologramme Paris du ""Fedora classique"" Chapeau avec un Ruban ton sur ton, 100 g de pure laine. Sobre et sans logo apparent.', 'price': None, 'currency': None, 'images': [{'url': 'https://hologrammeparis.com/wp-content/uploads/2021/07/Art-01-Gros-grain-Creme.jpg', 'alt': None, 'origin': 'og:image', 'position': 1}, {'url': 'https://hologrammeparis.com/wp-content/uploads/2021/07/Art-01-Gros-grain-Blanc-2.jpg', 'alt': 'Chapeau - Art 01 Gros grain (Pack 12) – Image 2', 'origin': 'gallery', 'position': 5, 'width_hint': 533, 'height_hint': 800}, {'url': 'https://hologrammeparis.com/wp-content/uploads/2021/07/Art-01-Gros-grain-Blanc-3.jpg', 'alt': 'Chapeau - Art 01 Gros grain (Pack 12) – Image 3', 'origin': 'gallery', 'position': 6, 'width_hint': 533, 'height_hint': 800}, {'url': 'https://hologrammeparis.com/wp-content/uploads/2021/07/Art-01-Gros-grain-Blanc-4.jpg', 'alt': 'Chapeau - Art 01 Gros grain (Pack 12) – Image 4', 'origin': 'gallery', 'position': 7, 'width_hint': 533, 'height_hint': 800}, {'url': 'https://hologrammeparis.com/wp-content/uploads/2021/07/Art-01-Gros-grain-Blanc-Noir-2.jpg', 'alt': 'Chapeau - Art 01 Gros grain (Pack 12) – Image 5', 'origin': 'gallery', 'position': 8, 'width_hint': 533, 'height_hint': 800}, {'url': 'https://hologrammeparis.com/wp-content/uploads/2021/07/Art-01-Gros-grain-Blanc-Noir-3.jpg', 'alt': 'Chapeau - Art 01 Gros grain (Pack 12) – Image 6', 'origin': 'gallery', 'position': 9, 'width_hint': 533, 'height_hint': 800}, {'url': 'https://hologrammeparis.com/wp-content/uploads/2021/07/Art-01-Gros-grain-Blanc-Noir-4.jpg', 'alt': 'Chapeau - Art 01 Gros grain (Pack 12) – Image 7', 'origin': 'gallery', 'position': 10, 'width_hint': 533, 'height_hint': 800}, {'url': 'https://hologrammeparis.com/wp-content/uploads/2021/07/Art-01-Gros-grain-Blanc-Noir-5.jpg', 'alt': 'Chapeau - Art 01 Gros grain (Pack 12) – Image 8', 'origin': 'gallery', 'position': 11, 'width_hint': 533, 'height_hint': 800}], 'raw_jsonld': None}]",tags-fabricado-na-italia-la-pura,,"Notre version Hologramme Paris du ""Fedora classique"" Chapeau avec une ceinture contrastante marron, 100 g de pure laine. Sobre et sans logo apparent. 100% Laine et fabrication italienne"
CHAPÉUS LÃ,4,HOLOGRAMME,CHAPEU FEDORA,,https://hologrammeparis.com/product/chapeau-art-01-gros-grain-pack-12/,[],35.0,"Tags: Fabricado na Itália , Lã Pura","['Nossa versão Hologram Paris do “Fedora clássico”\n\nChapéu com fita tom sobre tom', '100 g de pura lã.\n\nSóbrio e sem logótipo visível.\n\n100% lã e fabricação italiana']","{'COR': 'Sortido', 'TAMANHO': '55 , 56 , 57 , 58 , 59 , 60 , 61 , 62', 'VENDIDO POR': 'Pacote 12', 'COMPOSIÇÃO': '100% Lã'}","Bege , Branco , Branco Preto , Verde-azulado, Azul Céu , Azul Royal , Borgonha , Camelo , Castor , Creme , Cinza Claro , Cinza Escuro , Índigo , Cáqui , Marinho , Marrom , Mostarda , Preto , Laranja , Rosa , Vermelho , Ferrugem , Rubino , Verde Escuro , Rosa Velha","[{'path': 'images/chapéus lã/tags-fabricado-na-italia-la-pura/img_01.jpg', 'url': '', 'origin': 'sheet', 'position': 1}]","[{'url': 'https://hologrammeparis.com/wp-content/uploads/2021/07/Art-01-Gros-grain-Creme.jpg', 'reason': 'fallback_used_low_resolution', 'width': 533, 'height': 800}, {'url': 'https://hologrammeparis.com/wp-content/uploads/2021/07/Art-01-Gros-grain-Blanc-2.jpg', 'reason': 'low_resolution', 'width': 533, 'height': 800}, {'url': 'https://hologrammeparis.com/wp-content/uploads/2021/07/Art-01-Gros-grain-Blanc-3.jpg', 'reason': 'low_resolution', 'width': 533, 'height': 800}, {'url': 'https://hologrammeparis.com/wp-content/uploads/2021/07/Art-01-Gros-grain-Blanc-4.jpg', 'reason': 'low_resolution', 'width': 533, 'height': 800}, {'url': 'https://hologrammeparis.com/wp-content/uploads/2021/07/Art-01-Gros-grain-Blanc-Noir-2.jpg', 'reason': 'low_resolution', 'width': 533, 'height': 800}, {'url': 'https://hologrammeparis.com/wp-content/uploads/2021/07/Art-01-Gros-grain-Blanc-Noir-3.jpg', 'reason': 'low_resolution', 'width': 533, 'height': 800}, {'url': 'https://hologrammeparis.com/wp-content/uploads/2021/07/Art-01-Gros-grain-Blanc-Noir-4.jpg', 'reason': 'low_resolution', 'width': 533, 'height': 800}, {'url': 'https://hologrammeparis.com/wp-content/uploads/2021/07/Art-01-Gros-grain-Blanc-Noir-5.jpg', 'reason': 'low_resolution', 'width': 533, 'height': 800}]","[{'url': 'https://hologrammeparis.com/product/chapeau-art-01-gros-grain-pack-12/', 'name': 'Chapeau - Art 01 Gros grain (Pack 12) - Hologramme Paris', 'description': 'Notre version Hologramme Paris du ""Fedora classique"" Chapeau avec un Ruban ton sur ton, 100 g de pure laine. Sobre et sans logo apparent.', 'price': None, 'currency': None, 'images': [{'url': 'https://hologrammeparis.com/wp-content/uploads/2021/07/Art-01-Gros-grain-Creme.jpg', 'alt': None, 'origin': 'og:image', 'position': 1}, {'url': 'https://hologrammeparis.com/wp-content/uploads/2021/07/Art-01-Gros-grain-Blanc-2.jpg', 'alt': 'Chapeau - Art 01 Gros grain (Pack 12) – Image 2', 'origin': 'gallery', 'position': 5, 'width_hint': 533, 'height_hint': 800}, {'url': 'https://hologrammeparis.com/wp-content/uploads/2021/07/Art-01-Gros-grain-Blanc-3.jpg', 'alt': 'Chapeau - Art 01 Gros grain (Pack 12) – Image 3', 'origin': 'gallery', 'position': 6, 'width_hint': 533, 'height_hint': 800}, {'url': 'https://hologrammeparis.com/wp-content/uploads/2021/07/Art-01-Gros-grain-Blanc-4.jpg', 'alt': 'Chapeau - Art 01 Gros grain (Pack 12) – Image 4', 'origin': 'gallery', 'position': 7, 'width_hint': 533, 'height_hint': 800}, {'url': 'https://hologrammeparis.com/wp-content/uploads/2021/07/Art-01-Gros-grain-Blanc-Noir-2.jpg', 'alt': 'Chapeau - Art 01 Gros grain (Pack 12) – Image 5', 'origin': 'gallery', 'position': 8, 'width_hint': 533, 'height_hint': 800}, {'url': 'https://hologrammeparis.com/wp-content/uploads/2021/07/Art-01-Gros-grain-Blanc-Noir-3.jpg', 'alt': 'Chapeau - Art 01 Gros grain (Pack 12) – Image 6', 'origin': 'gallery', 'position': 9, 'width_hint': 533, 'height_hint': 800}, {'url': 'https://hologrammeparis.com/wp-content/uploads/2021/07/Art-01-Gros-grain-Blanc-Noir-4.jpg', 'alt': 'Chapeau - Art 01 Gros grain (Pack 12) – Image 7', 'origin': 'gallery', 'position': 10, 'width_hint': 533, 'height_hint': 800}, {'url': 'https://hologrammeparis.com/wp-content/uploads/2021/07/Art-01-Gros-grain-Blanc-Noir-5.jpg', 'alt': 'Chapeau - Art 01 Gros grain (Pack 12) – Image 8', 'origin': 'gallery', 'position': 11, 'width_hint': 533, 'height_hint': 800}], 'raw_jsonld': None}]",tags-fabricado-na-italia-la-pura,,"Notre version Hologramme Paris du ""Fedora classique"" Chapeau avec une ceinture contrastante marron, 100 g de pure laine. Sobre et sans logo apparent. 100% Laine et fabrication italienne"
CHAPÉUS LÃ,6,HOLOGRAMME,CHAPÉUS DE LÃ ITALIANA,"2*55, 2*56, 3*57, 3*58, 2*59 (ou 1*60 e 2*58)",https://hologrammeparis.com/product/chapeau-waterproof-art-181054-pack-12/,[],67.5,"Chapéu Impermeável – Art 181054 (Pack 12)

Tags: Fabricado na Itália , Lã Esmagável Impermeável","['Fabricado na Itália', 'Lã', 'Esmagável', 'Impermeável']","{'COR': 'Sortido', 'TAMANHO': '55 , 56 , 57 , 58 , 59 , 60', 'VENDIDO POR': 'Pacote 12', 'COMPOSIÇÃO': '100% Lã'}","	
Bege , Azul Céu , Azul Royal , Borgonha , Camelo , Castor , Cinza , Índigo , Cáqui , Marinho , Marrom , Mostarda , Preto , Rosa , Vermelho , Ferrugem , Rubino , Verde Escuro","[{'path': 'images/chapéus lã/chapeu-impermeavel-art-181054-pack-12-tags-fabricado-na-italia-la-esmagavel-impermeavel/img_01.jpg', 'url': '', 'origin': 'sheet', 'position': 1}]","[{'url': 'https://hologrammeparis.com/wp-content/uploads/2021/08/Art-181054-Indigo-1.jpg', 'reason': 'fallback_used_low_resolution', 'width': 533, 'height': 800}, {'url': 'https://hologrammeparis.com/wp-content/uploads/2021/08/Art-181054-Indigo-2.jpg', 'reason': 'low_resolution', 'width': 533, 'height': 800}, {'url': 'https://hologrammeparis.com/wp-content/uploads/2021/08/Art-181054-Indigo-3.jpg', 'reason': 'low_resolution', 'width': 533, 'height': 800}, {'url': 'https://hologrammeparis.com/wp-content/uploads/2021/08/Art-181054-Indigo-4.jpg', 'reason': 'low_resolution', 'width': 533, 'height': 800}, {'url': 'https://hologrammeparis.com/wp-content/uploads/2021/08/Art-181054-Indigo-5.jpg', 'reason': 'low_resolution', 'width': 533, 'height': 800}]","[{'url': 'https://hologrammeparis.com/product/chapeau-waterproof-art-181054-pack-12/', 'name': 'Chapeau Waterproof - Art 181054 (Pack 12) - Hologramme Paris', 'description': 'Notre version Hologramme Paris du ""Fedora imperméable et indéformable"" Chapeau avec une ceinture marron, 100 g de pure laine Waterproof Crushable.', 'price': None, 'currency': None, 'images': [{'url': 'https://hologrammeparis.com/wp-content/uploads/2021/08/Art-181054-Indigo-1.jpg', 'alt': None, 'origin': 'og:image', 'position': 1}, {'url': 'https://hologrammeparis.com/wp-content/uploads/2021/08/Art-181054-Indigo-2.jpg', 'alt': 'Chapeau Waterproof - Art 181054 (Pack 12) – Image 2', 'origin': 'gallery', 'position': 5, 'width_hint': 533, 'height_hint': 800}, {'url': 'https://hologrammeparis.com/wp-content/uploads/2021/08/Art-181054-Indigo-3.jpg', 'alt': 'Chapeau Waterproof - Art 181054 (Pack 12) – Image 3', 'origin': 'gallery', 'position': 6, 'width_hint': 533, 'height_hint': 800}, {'url': 'https://hologrammeparis.com/wp-content/uploads/2021/08/Art-181054-Indigo-4.jpg', 'alt': 'Chapeau Waterproof - Art 181054 (Pack 12) – Image 4', 'origin': 'gallery', 'position': 7, 'width_hint': 533, 'height_hint': 800}, {'url': 'https://hologrammeparis.com/wp-content/uploads/2021/08/Art-181054-Indigo-5.jpg', 'alt': 'Chapeau Waterproof - Art 181054 (Pack 12) – Image 5', 'origin': 'gallery', 'position': 8, 'width_hint': 533, 'height_hint': 800}], 'raw_jsonld': None}]",chapeu-impermeavel-art-181054-pack-12-tags-fabricado-na-italia-la-esmagavel-impermeavel,,"Notre version Hologramme Paris du ""Fedora imperméable et indéformable"" Chapeau avec une ceinture marron, 100 g de pure laine Waterproof Crushable."
CHAPÉUS LÃ,8,HOLOGRAMME,CHAPÉU DE LÃ TRILBY,,https://hologrammeparis.com/product/chapeau-art-970-pack-12/,[],29.9,Chapéu – Art 970 (Pack 12),"['Fabricado na Itália', 'Lã Pura']","{'COR': 'Sortido', 'TAMANHO': '54, 55 , 56 , 57 , 58 , 59 , 60', 'VENDIDO POR': 'Pacote 12', 'COMPOSIÇÃO': '100% Lã'}","        
Azul Pato , Azul Céu , Azul Royal , Borgonha , Camelo , Castor , Cinza Claro , Cáqui , Marinho , Marrom , Mostarda , Preto , Rosa , Vermelho , Ferrugem , Rubino , Verde, 	
Bordeaux , Cinza , Cinza Claro , Cinza Escuro , Cáqui , Azul Marinho","[{'path': 'images/chapéus lã/chapeu-art-970-pack-12/img_01.jpg', 'url': '', 'origin': 'sheet', 'position': 1}]","[{'url': 'https://hologrammeparis.com/wp-content/uploads/2021/07/Art-970-Bleu-Ciel.jpg', 'reason': 'fallback_used_low_resolution', 'width': 533, 'height': 800}, {'url': 'https://hologrammeparis.com/wp-content/uploads/2021/07/Art-970-Rose-2.jpg', 'reason': 'low_resolution', 'width': 533, 'height': 800}, {'url': 'https://hologrammeparis.com/wp-content/uploads/2021/07/Art-970-Rose-3.jpg', 'reason': 'low_resolution', 'width': 533, 'height': 800}, {'url': 'https://hologrammeparis.com/wp-content/uploads/2021/07/Art-970-Rose-4.jpg', 'reason': 'low_resolution', 'width': 533, 'height': 800}, {'url': 'https://hologrammeparis.com/wp-content/uploads/2021/07/Art-970-Rose-5.jpg', 'reason': 'low_resolution', 'width': 533, 'height': 800}, {'url': 'https://hologrammeparis.com/wp-content/uploads/2021/07/Art-970-Rubino-2.jpg', 'reason': 'low_resolution', 'width': 533, 'height': 800}]","[{'url': 'https://hologrammeparis.com/product/chapeau-art-970-pack-12/', 'name': 'Chapeau - Art 970 (Pack 12) - Hologramme Paris', 'description': 'Paquet de 12 pcs assorties: 2*55, 2*56, 3*57, 3*58, 2*59 (ou 1*60 et 2*58) Pour l’achat à l’unité de ce produit,\xa0c’est ici: https://hologrammeparis.com/product/chapeau-art-970/', 'price': None, 'currency': None, 'images': [{'url': 'https://hologrammeparis.com/wp-content/uploads/2021/07/Art-970-Bleu-Ciel.jpg', 'alt': None, 'origin': 'og:image', 'position': 1}, {'url': 'https://hologrammeparis.com/wp-content/uploads/2021/07/Art-970-Rose-2.jpg', 'alt': 'Chapeau - Art 970 (Pack 12) – Image 2', 'origin': 'gallery', 'position': 5, 'width_hint': 533, 'height_hint': 800}, {'url': 'https://hologrammeparis.com/wp-content/uploads/2021/07/Art-970-Rose-3.jpg', 'alt': 'Chapeau - Art 970 (Pack 12) – Image 3', 'origin': 'gallery', 'position': 6, 'width_hint': 533, 'height_hint': 800}, {'url': 'https://hologrammeparis.com/wp-content/uploads/2021/07/Art-970-Rose-4.jpg', 'alt': 'Chapeau - Art 970 (Pack 12) – Image 4', 'origin': 'gallery', 'position': 7, 'width_hint': 533, 'height_hint': 800}, {'url': 'https://hologrammeparis.com/wp-content/uploads/2021/07/Art-970-Rose-5.jpg', 'alt': 'Chapeau - Art 970 (Pack 12) – Image 5', 'origin': 'gallery', 'position': 8, 'width_hint': 533, 'height_hint': 800}, {'url': 'https://hologrammeparis.com/wp-content/uploads/2021/07/Art-970-Rubino-2.jpg', 'alt': 'Chapeau - Art 970 (Pack 12) – Image 6', 'origin': 'gallery', 'position': 9, 'width_hint': 533, 'height_hint': 800}], 'raw_jsonld': None}]",chapeu-art-970-pack-12,,"Paquet de 12 pcs assorties: 2*55, 2*56, 3*57, 3*58, 2*59 (ou 1*60 et 2*58) Pour l’achat à l’unité de ce produit, c’est ici: https://hologrammeparis.com/product/chapeau-art-970/"
CHAPÉUS LÃ,12,HOLOGRAMME,CHAPÉUS DE LÃ IMPERMEÁVEL,,https://hologrammeparis.com/product/chapeau-waterproof-art-181056-pack-12/,[],49.9,"Chapéu Impermeável – Art 181056

Tags: Fabricado na Itália , Lã,  Esmagável,  Impermeável",['CHAPÉUS DE LÃ IMPERMEÁVEL'],"{'COR': 'Sortido', 'TAMANHO': '55 , 56 , 57 , 58 , 59 , 60', 'VENDIDO POR': 'Pacote 12', 'COMPOSIÇÃO': '100% Lã'}","Pato Azul , Borgonha , Camelo , Castor , Cinza , Cáqui , Marinho , Marrom , Mostarda , Preto , Rosa , Vermelho , Ferrugem , Rubino , Verde Escuro
","[{'path': 'images/chapéus lã/chapeu-impermeavel-art-181056-tags-fabricado-na-italia-la-esmagavel-impermeavel/img_01.jpg', 'url': '', 'origin': 'sheet', 'position': 1}]","[{'url': 'https://hologrammeparis.com/wp-content/uploads/2021/07/Art-181056-Bleu-Canard.jpg', 'reason': 'fallback_used_low_resolution', 'width': 533, 'height': 800}, {'url': 'https://hologrammeparis.com/wp-content/uploads/2021/07/Art-181056-Marine-2.jpg', 'reason': 'low_resolution', 'width': 533, 'height': 800}, {'url': 'https://hologrammeparis.com/wp-content/uploads/2021/07/Art-181056-Marine-3.jpg', 'reason': 'low_resolution', 'width': 533, 'height': 800}, {'url': 'https://hologrammeparis.com/wp-content/uploads/2021/07/Art-181056-Marine-4.jpg', 'reason': 'low_resolution', 'width': 533, 'height': 800}, {'url': 'https://hologrammeparis.com/wp-content/uploads/2021/07/Art-181056-Marine-5.jpg', 'reason': 'low_resolution', 'width': 533, 'height': 800}]","[{'url': 'https://hologrammeparis.com/product/chapeau-waterproof-art-181056-pack-12/', 'name': 'Chapeau Waterproof - Art 181056 (Pack 12) - Hologramme Paris', 'description': 'Paquet de 12 pcs assorties: 2*55, 2*56, 3*57, 3*58, 2*59 (ou 1*60 et 2*58) Pour l’achat à l’unité de ce produit,\xa0c’est ici: https://hologrammeparis.com/product/chapeau-art-181056/', 'price': None, 'currency': None, 'images': [{'url': 'https://hologrammeparis.com/wp-content/uploads/2021/07/Art-181056-Bleu-Canard.jpg', 'alt': None, 'origin': 'og:image', 'position': 1}, {'url': 'https://hologrammeparis.com/wp-content/uploads/2021/07/Art-181056-Marine-2.jpg', 'alt': 'Chapeau Waterproof - Art 181056 (Pack 12) – Image 2', 'origin': 'gallery', 'position': 5, 'width_hint': 533, 'height_hint': 800}, {'url': 'https://hologrammeparis.com/wp-content/uploads/2021/07/Art-181056-Marine-3.jpg', 'alt': 'Chapeau Waterproof - Art 181056 (Pack 12) – Image 3', 'origin': 'gallery', 'position': 6, 'width_hint': 533, 'height_hint': 800}, {'url': 'https://hologrammeparis.com/wp-content/uploads/2021/07/Art-181056-Marine-4.jpg', 'alt': 'Chapeau Waterproof - Art 181056 (Pack 12) – Image 4', 'origin': 'gallery', 'position': 7, 'width_hint': 533, 'height_hint': 800}, {'url': 'https://hologrammeparis.com/wp-content/uploads/2021/07/Art-181056-Marine-5.jpg', 'alt': 'Chapeau Waterproof - Art 181056 (Pack 12) – Image 5', 'origin': 'gallery', 'position': 8, 'width_hint': 533, 'height_hint': 800}], 'raw_jsonld': None}]",chapeu-impermeavel-art-181056-tags-fabricado-na-italia-la-esmagavel-impermeavel,,"Paquet de 12 pcs assorties: 2*55, 2*56, 3*57, 3*58, 2*59 (ou 1*60 et 2*58) Pour l’achat à l’unité de ce produit, c’est ici: https://hologrammeparis.com/product/chapeau-art-181056/"
DIVERSOS,2,,CHAPEU COLONIAL,,,[],45.0,"chapeu colonial
pith helmet",['CHAPEU COLONIAL'],"{'COR': 'Verde, bege, castanho claro, castanho', 'TAMANHO': 'unico com ajuste', 'COMPOSIÇÃO': '1-tecido externo e plástico interno ou 2-papel'}",,[],[],[],chapeu-colonial-pith-helmet,,
FEMININO,6,HOLOGRAMME,CHAPÉUS DE PALHA FEMININOS,,https://hologrammeparis.com/product/paille-12403/,[],3.0,Palha – 12403,"['Fabricado na China', 'Tamanho ajustável']","{'COR': 'Camel , Marrom , Mostarda , Rosa , Verde', 'TAMANHO': 'Tamanho único', 'VENDIDO POR': 'Pacote 15'}","        
3*marrom, 3*verde, 3*camelo, 3*caqui, 3*rosa",[],[],"[{'error': '404 Client Error: Not Found for url: https://hologrammeparis.com/product/paille-12403/', 'url': 'https://hologrammeparis.com/product/paille-12403/', 'images': []}]",palha-12403,,
CERIMÓNIA,18,HOLOGRAMME,BONÉS DE INVERNO PARA MULHERES,,https://hologrammeparis.com/product/casquette-22103/,[],14.0,Casquette – 22103,"['Fabricado na China', 'Mistura de lã']","{'COR': 'Preto', 'TAMANHO': 'Unico', 'COMPOSIÇÃO': '50% Polyester – 50% Laine'}",https://hologrammeparis.com/product/casquette-22103/,"[{'path': 'images/cerimónia/casquette-22103/img_01.jpg', 'url': '', 'origin': 'sheet', 'position': 1}, {'path': 'images/cerimónia/casquette-22103/img_02.jpg', 'url': '', 'origin': 'sheet', 'position': 2}, {'path': 'images/cerimónia/casquette-22103/img_03.jpg', 'url': '', 'origin': 'sheet', 'position': 3}, {'path': 'images/cerimónia/casquette-22103/img_04.jpg', 'url': '', 'origin': 'sheet', 'position': 4}]","[{'url': 'https://hologrammeparis.com/wp-content/uploads/2021/07/22103-8.jpg', 'reason': 'low_resolution', 'width': 533, 'height': 800}, {'url': 'https://hologrammeparis.com/wp-content/uploads/2021/07/22103-2.jpg', 'reason': 'low_resolution', 'width': 533, 'height': 800}, {'url': 'https://hologrammeparis.com/wp-content/uploads/2021/07/22103-4.jpg', 'reason': 'low_resolution', 'width': 533, 'height': 800}, {'url': 'https://hologrammeparis.com/wp-content/uploads/2021/07/22103-5.jpg', 'reason': 'low_resolution', 'width': 533, 'height': 800}, {'url': 'https://hologrammeparis.com/wp-content/uploads/2021/07/22103-3.jpg', 'reason': 'low_resolution', 'width': 533, 'height': 800}, {'url': 'https://hologrammeparis.com/wp-content/uploads/2021/07/22103-6.jpg', 'reason': 'low_resolution', 'width': 533, 'height': 800}, {'url': 'https://hologrammeparis.com/wp-content/uploads/2021/07/22103-7.jpg', 'reason': 'low_resolution', 'width': 533, 'height': 800}, {'url': 'https://hologrammeparis.com/wp-content/uploads/2021/07/22103-9.jpg', 'reason': 'low_resolution', 'width': 533, 'height': 800}, {'url': 'https://hologrammeparis.com/wp-content/uploads/2021/07/22103-11.jpg', 'reason': 'low_resolution', 'width': 533, 'height': 800}, {'url': 'https://hologrammeparis.com/wp-content/uploads/2021/07/22103-12.jpg', 'reason': 'low_resolution', 'width': 533, 'height': 800}, {'url': 'https://hologrammeparis.com/wp-content/uploads/2021/07/22103-13.jpg', 'reason': 'low_resolution', 'width': 533, 'height': 800}, {'url': 'https://hologrammeparis.com/wp-content/uploads/2021/07/22103-14.jpg', 'reason': 'low_resolution', 'width': 533, 'height': 800}, {'url': 'https://hologrammeparis.com/wp-content/uploads/2021/07/22103-15.jpg', 'reason': 'low_resolution', 'width': 533, 'height': 800}, {'url': 'https://hologrammeparis.com/wp-content/uploads/2021/07/22103-16.jpg', 'reason': 'low_resolution', 'width': 533, 'height': 800}, {'url': 'https://hologrammeparis.com/wp-content/uploads/2021/07/22103-17.jpg', 'reason': 'low_resolution', 'width': 533, 'height': 800}]","[{'url': 'https://hologrammeparis.com/product/casquette-22103/', 'name': 'Casquette - 22103 - Hologramme Paris', 'description': 'Paquet de 24 pcs assorties: 2 pcs de chaque couleur', 'price': None, 'currency': None, 'images': [{'url': 'https://hologrammeparis.com/wp-content/uploads/2021/08/22103-1.jpg', 'alt': None, 'origin': 'og:image', 'position': 1}, {'url': 'https://hologrammeparis.com/wp-content/uploads/2021/08/22103-4.jpg', 'alt': 'Casquette - 22103 – Image 2', 'origin': 'gallery', 'position': 5, 'width_hint': 800, 'height_hint': 1200}, {'url': 'https://hologrammeparis.com/wp-content/uploads/2021/08/22103-2.jpg', 'alt': 'Casquette - 22103 – Image 3', 'origin': 'gallery', 'position': 6, 'width_hint': 800, 'height_hint': 1200}, {'url': 'https://hologrammeparis.com/wp-content/uploads/2021/08/22103-3.jpg', 'alt': 'Casquette - 22103 – Image 4', 'origin': 'gallery', 'position': 7, 'width_hint': 800, 'height_hint': 1200}, {'url': 'https://hologrammeparis.com/wp-content/uploads/2021/07/22103-8.jpg', 'alt': 'Casquette - 22103 – Image 5', 'origin': 'gallery', 'position': 8, 'width_hint': 533, 'height_hint': 800}, {'url': 'https://hologrammeparis.com/wp-content/uploads/2021/07/22103-2.jpg', 'alt': 'Casquette - 22103 – Image 6', 'origin': 'gallery', 'position': 9, 'width_hint': 533, 'height_hint': 800}, {'url': 'https://hologrammeparis.com/wp-content/uploads/2021/07/22103-4.jpg', 'alt': 'Casquette - 22103 – Image 7', 'origin': 'gallery', 'position': 10, 'width_hint': 533, 'height_hint': 800}, {'url': 'https://hologrammeparis.com/wp-content/uploads/2021/07/22103-5.jpg', 'alt': 'Casquette - 22103 – Image 8', 'origin': 'gallery', 'position': 11, 'width_hint': 533, 'height_hint': 800}, {'url': 'https://hologrammeparis.com/wp-content/uploads/2021/07/22103-3.jpg', 'alt': 'Casquette - 22103 – Image 9', 'origin': 'gallery', 'position': 12, 'width_hint': 533, 'height_hint': 800}, {'url': 'https://hologrammeparis.com/wp-content/uploads/2021/07/22103-6.jpg', 'alt': 'Casquette - 22103 – Image 10', 'origin': 'gallery', 'position': 13, 'width_hint': 533, 'height_hint': 800}, {'url': 'https://hologrammeparis.com/wp-content/uploads/2021/07/22103-7.jpg', 'alt': 'Casquette - 22103 – Image 11', 'origin': 'gallery', 'position': 14, 'width_hint': 533, 'height_hint': 800}, {'url': 'https://hologrammeparis.com/wp-content/uploads/2021/07/22103-9.jpg', 'alt': 'Casquette - 22103 – Image 12', 'origin': 'gallery', 'position': 15, 'width_hint': 533, 'height_hint': 800}, {'url': 'https://hologrammeparis.com/wp-content/uploads/2021/07/22103-11.jpg', 'alt': 'Casquette - 22103 – Image 13', 'origin': 'gallery', 'position': 16, 'width_hint': 533, 'height_hint': 800}, {'url': 'https://hologrammeparis.com/wp-content/uploads/2021/07/22103-12.jpg', 'alt': 'Casquette - 22103 – Image 14', 'origin': 'gallery', 'position': 17, 'width_hint': 533, 'height_hint': 800}, {'url': 'https://hologrammeparis.com/wp-content/uploads/2021/07/22103-13.jpg', 'alt': 'Casquette - 22103 – Image 15', 'origin': 'gallery', 'position': 18, 'width_hint': 533, 'height_hint': 800}, {'url': 'https://hologrammeparis.com/wp-content/uploads/2021/07/22103-14.jpg', 'alt': 'Casquette - 22103 – Image 16', 'origin': 'gallery', 'position': 19, 'width_hint': 533, 'height_hint': 800}, {'url': 'https://hologrammeparis.com/wp-content/uploads/2021/07/22103-15.jpg', 'alt': 'Casquette - 22103 – Image 17', 'origin': 'gallery', 'position': 20, 'width_hint': 533, 'height_hint': 800}, {'url': 'https://hologrammeparis.com/wp-content/uploads/2021/07/22103-16.jpg', 'alt': 'Casquette - 22103 – Image 18', 'origin': 'gallery', 'position': 21, 'width_hint': 533, 'height_hint': 800}, {'url': 'https://hologrammeparis.com/wp-content/uploads/2021/07/22103-17.jpg', 'alt': 'Casquette - 22103 – Image 19', 'origin': 'gallery', 'position': 22, 'width_hint': 533, 'height_hint': 800}], 'raw_jsonld': None}]",casquette-22103,,Paquet de 24 pcs assorties: 2 pcs de chaque couleur
CERIMÓNIA,20,HOLOGRAMME,BONÉS DE INVERNO PARA MULHERES,,https://hologrammeparis.com/product/casquette-12448/,[],15.0,Casquette – 12448,"['Fabricado na China', 'Tamanho ajustável']","{'COR': '2*Mostarda, 2*Marrom, 3*Bordéus, 3*Marinho, 3*Verde, 3*Azul, 3*Taupe, 5*Preto', 'TAMANHO': 'Unico com ajuste (elástico)', 'COMPOSIÇÃO': '100% PU'}","2*Mostarda, 2*Marrom, 3*Bordéus, 3*Marinho, 3*Verde, 3*Azul, 3*Taupe, 5*Preto","[{'path': 'images/cerimónia/casquette-12448/img_01.jpg', 'url': '', 'origin': 'sheet', 'position': 1}, {'path': 'images/cerimónia/casquette-12448/img_02.jpg', 'url': '', 'origin': 'sheet', 'position': 2}, {'path': 'images/cerimónia/casquette-12448/img_03.jpg', 'url': '', 'origin': 'sheet', 'position': 3}, {'path': 'images/cerimónia/casquette-12448/img_04.jpg', 'url': '', 'origin': 'sheet', 'position': 4}, {'path': 'images/cerimónia/casquette-12448/img_05.jpg', 'url': '', 'origin': 'sheet', 'position': 5}, {'path': 'images/cerimónia/casquette-12448/img_06.jpg', 'url': '', 'origin': 'sheet', 'position': 6}, {'path': 'images/cerimónia/casquette-12448/img_07.jpg', 'url': '', 'origin': 'sheet', 'position': 7}, {'path': 'images/cerimónia/casquette-12448/img_08.jpg', 'url': '', 'origin': 'sheet', 'position': 8}, {'path': 'images/cerimónia/casquette-12448/img_09.jpg', 'url': '', 'origin': 'sheet', 'position': 9}, {'path': 'images/cerimónia/casquette-12448/img_10.jpg', 'url': '', 'origin': 'sheet', 'position': 10}, {'path': 'images/cerimónia/casquette-12448/img_11.jpg', 'url': '', 'origin': 'sheet', 'position': 11}]","[{'url': 'https://hologrammeparis.com/wp-content/uploads/2021/07/12448-4.jpg', 'reason': 'low_resolution', 'width': 533, 'height': 800}]","[{'url': 'https://hologrammeparis.com/product/casquette-12448/', 'name': 'Casquette - 12448 - Hologramme Paris', 'description': 'Paquet de 24 pcs assorties: 2*Moutarde, 2*Marron, 3*Bordeaux, 3*Marine, 3*Vert, 3*Bleu, 3*Taupe, 5*Noir', 'price': None, 'currency': None, 'images': [{'url': 'https://hologrammeparis.com/wp-content/uploads/2024/10/12448-1.jpg', 'alt': None, 'origin': 'og:image', 'position': 1}, {'url': 'https://hologrammeparis.com/wp-content/uploads/2024/10/12448-4.jpg', 'alt': 'Casquette - 12448 – Image 2', 'origin': 'gallery', 'position': 5, 'width_hint': 800, 'height_hint': 1200}, {'url': 'https://hologrammeparis.com/wp-content/uploads/2024/10/12448-2.jpg', 'alt': 'Casquette - 12448 – Image 3', 'origin': 'gallery', 'position': 6, 'width_hint': 800, 'height_hint': 1200}, {'url': 'https://hologrammeparis.com/wp-content/uploads/2024/10/12448-3.jpg', 'alt': 'Casquette - 12448 – Image 4', 'origin': 'gallery', 'position': 7, 'width_hint': 800, 'height_hint': 1200}, {'url': 'https://hologrammeparis.com/wp-content/uploads/2024/10/12448-9.jpg', 'alt': 'Casquette - 12448 – Image 5', 'origin': 'gallery', 'position': 8, 'width_hint': 800, 'height_hint': 1200}, {'url': 'https://hologrammeparis.com/wp-content/uploads/2024/10/12448-7.jpg', 'alt': 'Casquette - 12448 – Image 6', 'origin': 'gallery', 'position': 9, 'width_hint': 800, 'height_hint': 1200}, {'url': 'https://hologrammeparis.com/wp-content/uploads/2024/10/12448-8.jpg', 'alt': 'Casquette - 12448 – Image 7', 'origin': 'gallery', 'position': 10, 'width_hint': 800, 'height_hint': 1200}, {'url': 'https://hologrammeparis.com/wp-content/uploads/2024/10/12448-6.jpg', 'alt': 'Casquette - 12448 – Image 8', 'origin': 'gallery', 'position': 11, 'width_hint': 800, 'height_hint': 1200}, {'url': 'https://hologrammeparis.com/wp-content/uploads/2024/10/12448-5.jpg', 'alt': 'Casquette - 12448 – Image 9', 'origin': 'gallery', 'position': 12, 'width_hint': 800, 'height_hint': 1200}, {'url': 'https://hologrammeparis.com/wp-content/uploads/2024/10/12448-10.jpg', 'alt': 'Casquette - 12448 – Image 10', 'origin': 'gallery', 'position': 13, 'width_hint': 800, 'height_hint': 1200}, {'url': 'https://hologrammeparis.com/wp-content/uploads/2024/10/12448-11.jpg', 'alt': 'Casquette - 12448 – Image 11', 'origin': 'gallery', 'position': 14, 'width_hint': 800, 'height_hint': 1200}, {'url': 'https://hologrammeparis.com/wp-content/uploads/2021/07/12448-4.jpg', 'alt': 'Casquette - 12448 – Image 12', 'origin': 'gallery', 'position': 15, 'width_hint': 533, 'height_hint': 800}], 'raw_jsonld': None}]",casquette-12448,,"Paquet de 24 pcs assorties: 2*Moutarde, 2*Marron, 3*Bordeaux, 3*Marine, 3*Vert, 3*Bleu, 3*Taupe, 5*Noir"
FEMININO,32,HOLOGRAMME,CHAPÉU LÃ HARMONICO,,https://hologrammeparis.com/product/bonnet-5942f/,[],19.9,"Gorro – 5942F
Bonnet – 5942C",['Lã Pura'],"{'COR': 'Sortido', 'TAMANHO': 'UNICO', 'VENDIDO POR': 'Pacote 12', 'COMPOSIÇÃO': '100% Lã'}","1*Ameixa, 2*Bordeaux, 1*Marrom, 3*Preto, 1*Camelo, 1*Cinza Escuro, 2*Marinho, 1*Cáqui","[{'path': 'images/feminino/gorro-5942f-bonnet-5942c/img_01.jpg', 'url': '', 'origin': 'sheet', 'position': 1}]","[{'url': 'https://hologrammeparis.com/wp-content/uploads/2021/07/5942F-1.jpg', 'reason': 'fallback_used_low_resolution', 'width': 533, 'height': 800}, {'url': 'https://hologrammeparis.com/wp-content/uploads/2021/07/5942F-2.jpg', 'reason': 'low_resolution', 'width': 533, 'height': 800}, {'url': 'https://hologrammeparis.com/wp-content/uploads/2021/07/5942F-3.jpg', 'reason': 'low_resolution', 'width': 533, 'height': 800}, {'url': 'https://hologrammeparis.com/wp-content/uploads/2021/07/5942F-4.jpg', 'reason': 'low_resolution', 'width': 533, 'height': 800}, {'url': 'https://hologrammeparis.com/wp-content/uploads/2021/07/5942F-5.jpg', 'reason': 'low_resolution', 'width': 533, 'height': 800}, {'url': 'https://hologrammeparis.com/wp-content/uploads/2021/07/5942F-6.jpg', 'reason': 'low_resolution', 'width': 533, 'height': 800}, {'url': 'https://hologrammeparis.com/wp-content/uploads/2021/07/5942F-7.jpg', 'reason': 'low_resolution', 'width': 533, 'height': 800}]","[{'url': 'https://hologrammeparis.com/product/bonnet-5942f/', 'name': 'Bonnet - 5942F - Hologramme Paris', 'description': 'Paquet de 12 pcs assorties: 1*Prune, 2*Bordeaux, 1*Marron, 3*Noir, 1*Camel, 1*Gris Fonce, 2*Marine, 1*Kaki', 'price': None, 'currency': None, 'images': [{'url': 'https://hologrammeparis.com/wp-content/uploads/2021/07/5942F-1.jpg', 'alt': None, 'origin': 'og:image', 'position': 1}, {'url': 'https://hologrammeparis.com/wp-content/uploads/2021/07/5942F-2.jpg', 'alt': 'Bonnet - 5942F – Image 2', 'origin': 'gallery', 'position': 5, 'width_hint': 533, 'height_hint': 800}, {'url': 'https://hologrammeparis.com/wp-content/uploads/2021/07/5942F-3.jpg', 'alt': 'Bonnet - 5942F – Image 3', 'origin': 'gallery', 'position': 6, 'width_hint': 533, 'height_hint': 800}, {'url': 'https://hologrammeparis.com/wp-content/uploads/2021/07/5942F-4.jpg', 'alt': 'Bonnet - 5942F – Image 4', 'origin': 'gallery', 'position': 7, 'width_hint': 533, 'height_hint': 800}, {'url': 'https://hologrammeparis.com/wp-content/uploads/2021/07/5942F-5.jpg', 'alt': 'Bonnet - 5942F – Image 5', 'origin': 'gallery', 'position': 8, 'width_hint': 533, 'height_hint': 800}, {'url': 'https://hologrammeparis.com/wp-content/uploads/2021/07/5942F-6.jpg', 'alt': 'Bonnet - 5942F – Image 6', 'origin': 'gallery', 'position': 9, 'width_hint': 533, 'height_hint': 800}, {'url': 'https://hologrammeparis.com/wp-content/uploads/2021/07/5942F-7.jpg', 'alt': 'Bonnet - 5942F – Image 7', 'origin': 'gallery', 'position': 10, 'width_hint': 533, 'height_hint': 800}], 'raw_jsonld': None}]",gorro-5942f-bonnet-5942c,,"Paquet de 12 pcs assorties: 1*Prune, 2*Bordeaux, 1*Marron, 3*Noir, 1*Camel, 1*Gris Fonce, 2*Marine, 1*Kaki"
FEMININO,34,HOLOGRAMME,BOINA COM PALA PIED POULE,,https://hologrammeparis.com/product/casquette-22238/,[],29.9,Boné – 22238,['BOINA COM PALA PIED POULE'],"{'COR': 'Sortido', 'TAMANHO': '56 , 58', 'VENDIDO POR': 'Pacote 12', 'COMPOSIÇÃO': '50% Lã – 50% Poliéster'}","5*Cinza Escuro, 4*Cinza Claro, 3*Bege","[{'path': 'images/feminino/bone-22238/img_01.jpg', 'url': '', 'origin': 'sheet', 'position': 1}, {'path': 'images/feminino/bone-22238/img_02.jpg', 'url': '', 'origin': 'sheet', 'position': 2}, {'path': 'images/feminino/bone-22238/img_03.jpg', 'url': '', 'origin': 'sheet', 'position': 3}, {'path': 'images/feminino/bone-22238/img_04.jpg', 'url': '', 'origin': 'sheet', 'position': 4}, {'path': 'images/feminino/bone-22238/img_05.jpg', 'url': '', 'origin': 'sheet', 'position': 5}, {'path': 'images/feminino/bone-22238/img_06.jpg', 'url': '', 'origin': 'sheet', 'position': 6}]",[],"[{'url': 'https://hologrammeparis.com/product/casquette-22238/', 'name': 'Casquette - 22238 - Hologramme Paris', 'description': 'Paquet de 12 pcs assorties: 5*Gris Fonce, 4*Gris Clair, 3*Beige', 'price': None, 'currency': None, 'images': [{'url': 'https://hologrammeparis.com/wp-content/uploads/2024/10/22238-1.jpg', 'alt': None, 'origin': 'og:image', 'position': 1}, {'url': 'https://hologrammeparis.com/wp-content/uploads/2024/10/22238-4.jpg', 'alt': 'Casquette - 22238 – Image 2', 'origin': 'gallery', 'position': 5, 'width_hint': 800, 'height_hint': 1200}, {'url': 'https://hologrammeparis.com/wp-content/uploads/2024/10/22238-2.jpg', 'alt': 'Casquette - 22238 – Image 3', 'origin': 'gallery', 'position': 6, 'width_hint': 800, 'height_hint': 1200}, {'url': 'https://hologrammeparis.com/wp-content/uploads/2024/10/22238-3.jpg', 'alt': 'Casquette - 22238 – Image 4', 'origin': 'gallery', 'position': 7, 'width_hint': 800, 'height_hint': 1200}, {'url': 'https://hologrammeparis.com/wp-content/uploads/2024/10/22238-5.jpg', 'alt': 'Casquette - 22238 – Image 5', 'origin': 'gallery', 'position': 8, 'width_hint': 800, 'height_hint': 1200}, {'url': 'https://hologrammeparis.com/wp-content/uploads/2024/10/22238-6.jpg', 'alt': 'Casquette - 22238 – Image 6', 'origin': 'gallery', 'position': 9, 'width_hint': 800, 'height_hint': 1200}], 'raw_jsonld': None}]",bone-22238,,"Paquet de 12 pcs assorties: 5*Gris Fonce, 4*Gris Clair, 3*Beige"
FEMININO,38,,CHAPEU CLOCHE,,,[],35.0,chapeu-cloche,['CHAPEU CLOCHE'],"{'COR': 'DIVERSOS', 'TAMANHO': 'UNICO AJUSTÁVEL', 'VENDIDO POR': 'UNIDADE', 'COMPOSIÇÃO': 'PAPEL'}",,[],[],[],chapeu-cloche,,
CERIMÓNIA,2,,CASQUETE,,,[],1.0,casquete,['COM FITA AJUSTÁVEL'],{},,[],[],[],casquete,,
CERIMÓNIA,4,,CHAPÉU CERIMÓNIA PERÓLAS,,,[],2.0,chapeu-cerimonia-perolas,['COM FITA AJUSTÁVEL'],{},,[],[],[],chapeu-cerimonia-perolas,,
CERIMÓNIA,6,,CHAPÉU CERIMÓNIA FLORES,,,[],3.0,chapeu-cerimonia-flores,['COM FITA AJUSTÁVEL'],{},,[],[],[],chapeu-cerimonia-flores,,
CERIMÓNIA,18,HOLOGRAMME,BONÉS DE INVERNO PARA MULHERES,,https://hologrammeparis.com/product/casquette-22103/,[],14.0,Casquette – 22103,"['Fabricado na China', 'Mistura de lã']","{'COR': 'Preto', 'TAMANHO': 'Unico', 'COMPOSIÇÃO': '50% Polyester – 50% Laine'}",https://hologrammeparis.com/product/casquette-22103/,"[{'path': 'images/cerimónia/casquette-22103/img_01.jpg', 'url': '', 'origin': 'sheet', 'position': 1}, {'path': 'images/cerimónia/casquette-22103/img_02.jpg', 'url': '', 'origin': 'sheet', 'position': 2}, {'path': 'images/cerimónia/casquette-22103/img_03.jpg', 'url': '', 'origin': 'sheet', 'position': 3}, {'path': 'images/cerimónia/casquette-22103/img_04.jpg', 'url': '', 'origin': 'sheet', 'position': 4}]","[{'url': 'https://hologrammeparis.com/wp-content/uploads/2021/07/22103-8.jpg', 'reason': 'low_resolution', 'width': 533, 'height': 800}, {'url': 'https://hologrammeparis.com/wp-content/uploads/2021/07/22103-2.jpg', 'reason': 'low_resolution', 'width': 533, 'height': 800}, {'url': 'https://hologrammeparis.com/wp-content/uploads/2021/07/22103-4.jpg', 'reason': 'low_resolution', 'width': 533, 'height': 800}, {'url': 'https://hologrammeparis.com/wp-content/uploads/2021/07/22103-5.jpg', 'reason': 'low_resolution', 'width': 533, 'height': 800}, {'url': 'https://hologrammeparis.com/wp-content/uploads/2021/07/22103-3.jpg', 'reason': 'low_resolution', 'width': 533, 'height': 800}, {'url': 'https://hologrammeparis.com/wp-content/uploads/2021/07/22103-6.jpg', 'reason': 'low_resolution', 'width': 533, 'height': 800}, {'url': 'https://hologrammeparis.com/wp-content/uploads/2021/07/22103-7.jpg', 'reason': 'low_resolution', 'width': 533, 'height': 800}, {'url': 'https://hologrammeparis.com/wp-content/uploads/2021/07/22103-9.jpg', 'reason': 'low_resolution', 'width': 533, 'height': 800}, {'url': 'https://hologrammeparis.com/wp-content/uploads/2021/07/22103-11.jpg', 'reason': 'low_resolution', 'width': 533, 'height': 800}, {'url': 'https://hologrammeparis.com/wp-content/uploads/2021/07/22103-12.jpg', 'reason': 'low_resolution', 'width': 533, 'height': 800}, {'url': 'https://hologrammeparis.com/wp-content/uploads/2021/07/22103-13.jpg', 'reason': 'low_resolution', 'width': 533, 'height': 800}, {'url': 'https://hologrammeparis.com/wp-content/uploads/2021/07/22103-14.jpg', 'reason': 'low_resolution', 'width': 533, 'height': 800}, {'url': 'https://hologrammeparis.com/wp-content/uploads/2021/07/22103-15.jpg', 'reason': 'low_resolution', 'width': 533, 'height': 800}, {'url': 'https://hologrammeparis.com/wp-content/uploads/2021/07/22103-16.jpg', 'reason': 'low_resolution', 'width': 533, 'height': 800}, {'url': 'https://hologrammeparis.com/wp-content/uploads/2021/07/22103-17.jpg', 'reason': 'low_resolution', 'width': 533, 'height': 800}]","[{'url': 'https://hologrammeparis.com/product/casquette-22103/', 'name': 'Casquette - 22103 - Hologramme Paris', 'description': 'Paquet de 24 pcs assorties: 2 pcs de chaque couleur', 'price': None, 'currency': None, 'images': [{'url': 'https://hologrammeparis.com/wp-content/uploads/2021/08/22103-1.jpg', 'alt': None, 'origin': 'og:image', 'position': 1}, {'url': 'https://hologrammeparis.com/wp-content/uploads/2021/08/22103-4.jpg', 'alt': 'Casquette - 22103 – Image 2', 'origin': 'gallery', 'position': 5, 'width_hint': 800, 'height_hint': 1200}, {'url': 'https://hologrammeparis.com/wp-content/uploads/2021/08/22103-2.jpg', 'alt': 'Casquette - 22103 – Image 3', 'origin': 'gallery', 'position': 6, 'width_hint': 800, 'height_hint': 1200}, {'url': 'https://hologrammeparis.com/wp-content/uploads/2021/08/22103-3.jpg', 'alt': 'Casquette - 22103 – Image 4', 'origin': 'gallery', 'position': 7, 'width_hint': 800, 'height_hint': 1200}, {'url': 'https://hologrammeparis.com/wp-content/uploads/2021/07/22103-8.jpg', 'alt': 'Casquette - 22103 – Image 5', 'origin': 'gallery', 'position': 8, 'width_hint': 533, 'height_hint': 800}, {'url': 'https://hologrammeparis.com/wp-content/uploads/2021/07/22103-2.jpg', 'alt': 'Casquette - 22103 – Image 6', 'origin': 'gallery', 'position': 9, 'width_hint': 533, 'height_hint': 800}, {'url': 'https://hologrammeparis.com/wp-content/uploads/2021/07/22103-4.jpg', 'alt': 'Casquette - 22103 – Image 7', 'origin': 'gallery', 'position': 10, 'width_hint': 533, 'height_hint': 800}, {'url': 'https://hologrammeparis.com/wp-content/uploads/2021/07/22103-5.jpg', 'alt': 'Casquette - 22103 – Image 8', 'origin': 'gallery', 'position': 11, 'width_hint': 533, 'height_hint': 800}, {'url': 'https://hologrammeparis.com/wp-content/uploads/2021/07/22103-3.jpg', 'alt': 'Casquette - 22103 – Image 9', 'origin': 'gallery', 'position': 12, 'width_hint': 533, 'height_hint': 800}, {'url': 'https://hologrammeparis.com/wp-content/uploads/2021/07/22103-6.jpg', 'alt': 'Casquette - 22103 – Image 10', 'origin': 'gallery', 'position': 13, 'width_hint': 533, 'height_hint': 800}, {'url': 'https://hologrammeparis.com/wp-content/uploads/2021/07/22103-7.jpg', 'alt': 'Casquette - 22103 – Image 11', 'origin': 'gallery', 'position': 14, 'width_hint': 533, 'height_hint': 800}, {'url': 'https://hologrammeparis.com/wp-content/uploads/2021/07/22103-9.jpg', 'alt': 'Casquette - 22103 – Image 12', 'origin': 'gallery', 'position': 15, 'width_hint': 533, 'height_hint': 800}, {'url': 'https://hologrammeparis.com/wp-content/uploads/2021/07/22103-11.jpg', 'alt': 'Casquette - 22103 – Image 13', 'origin': 'gallery', 'position': 16, 'width_hint': 533, 'height_hint': 800}, {'url': 'https://hologrammeparis.com/wp-content/uploads/2021/07/22103-12.jpg', 'alt': 'Casquette - 22103 – Image 14', 'origin': 'gallery', 'position': 17, 'width_hint': 533, 'height_hint': 800}, {'url': 'https://hologrammeparis.com/wp-content/uploads/2021/07/22103-13.jpg', 'alt': 'Casquette - 22103 – Image 15', 'origin': 'gallery', 'position': 18, 'width_hint': 533, 'height_hint': 800}, {'url': 'https://hologrammeparis.com/wp-content/uploads/2021/07/22103-14.jpg', 'alt': 'Casquette - 22103 – Image 16', 'origin': 'gallery', 'position': 19, 'width_hint': 533, 'height_hint': 800}, {'url': 'https://hologrammeparis.com/wp-content/uploads/2021/07/22103-15.jpg', 'alt': 'Casquette - 22103 – Image 17', 'origin': 'gallery', 'position': 20, 'width_hint': 533, 'height_hint': 800}, {'url': 'https://hologrammeparis.com/wp-content/uploads/2021/07/22103-16.jpg', 'alt': 'Casquette - 22103 – Image 18', 'origin': 'gallery', 'position': 21, 'width_hint': 533, 'height_hint': 800}, {'url': 'https://hologrammeparis.com/wp-content/uploads/2021/07/22103-17.jpg', 'alt': 'Casquette - 22103 – Image 19', 'origin': 'gallery', 'position': 22, 'width_hint': 533, 'height_hint': 800}], 'raw_jsonld': None}]",casquette-22103,,Paquet de 24 pcs assorties: 2 pcs de chaque couleur
CERIMÓNIA,20,HOLOGRAMME,BONÉS DE INVERNO PARA MULHERES,,https://hologrammeparis.com/product/casquette-12448/,[],15.0,Casquette – 12448,"['Fabricado na China', 'Tamanho ajustável']","{'COR': '2*Mostarda, 2*Marrom, 3*Bordéus, 3*Marinho, 3*Verde, 3*Azul, 3*Taupe, 5*Preto', 'TAMANHO': 'Unico com ajuste (elástico)', 'COMPOSIÇÃO': '100% PU'}","2*Mostarda, 2*Marrom, 3*Bordéus, 3*Marinho, 3*Verde, 3*Azul, 3*Taupe, 5*Preto","[{'path': 'images/cerimónia/casquette-12448/img_01.jpg', 'url': '', 'origin': 'sheet', 'position': 1}, {'path': 'images/cerimónia/casquette-12448/img_02.jpg', 'url': '', 'origin': 'sheet', 'position': 2}, {'path': 'images/cerimónia/casquette-12448/img_03.jpg', 'url': '', 'origin': 'sheet', 'position': 3}, {'path': 'images/cerimónia/casquette-12448/img_04.jpg', 'url': '', 'origin': 'sheet', 'position': 4}, {'path': 'images/cerimónia/casquette-12448/img_05.jpg', 'url': '', 'origin': 'sheet', 'position': 5}, {'path': 'images/cerimónia/casquette-12448/img_06.jpg', 'url': '', 'origin': 'sheet', 'position': 6}, {'path': 'images/cerimónia/casquette-12448/img_07.jpg', 'url': '', 'origin': 'sheet', 'position': 7}, {'path': 'images/cerimónia/casquette-12448/img_08.jpg', 'url': '', 'origin': 'sheet', 'position': 8}, {'path': 'images/cerimónia/casquette-12448/img_09.jpg', 'url': '', 'origin': 'sheet', 'position': 9}, {'path': 'images/cerimónia/casquette-12448/img_10.jpg', 'url': '', 'origin': 'sheet', 'position': 10}, {'path': 'images/cerimónia/casquette-12448/img_11.jpg', 'url': '', 'origin': 'sheet', 'position': 11}]","[{'url': 'https://hologrammeparis.com/wp-content/uploads/2021/07/12448-4.jpg', 'reason': 'low_resolution', 'width': 533, 'height': 800}]","[{'url': 'https://hologrammeparis.com/product/casquette-12448/', 'name': 'Casquette - 12448 - Hologramme Paris', 'description': 'Paquet de 24 pcs assorties: 2*Moutarde, 2*Marron, 3*Bordeaux, 3*Marine, 3*Vert, 3*Bleu, 3*Taupe, 5*Noir', 'price': None, 'currency': None, 'images': [{'url': 'https://hologrammeparis.com/wp-content/uploads/2024/10/12448-1.jpg', 'alt': None, 'origin': 'og:image', 'position': 1}, {'url': 'https://hologrammeparis.com/wp-content/uploads/2024/10/12448-4.jpg', 'alt': 'Casquette - 12448 – Image 2', 'origin': 'gallery', 'position': 5, 'width_hint': 800, 'height_hint': 1200}, {'url': 'https://hologrammeparis.com/wp-content/uploads/2024/10/12448-2.jpg', 'alt': 'Casquette - 12448 – Image 3', 'origin': 'gallery', 'position': 6, 'width_hint': 800, 'height_hint': 1200}, {'url': 'https://hologrammeparis.com/wp-content/uploads/2024/10/12448-3.jpg', 'alt': 'Casquette - 12448 – Image 4', 'origin': 'gallery', 'position': 7, 'width_hint': 800, 'height_hint': 1200}, {'url': 'https://hologrammeparis.com/wp-content/uploads/2024/10/12448-9.jpg', 'alt': 'Casquette - 12448 – Image 5', 'origin': 'gallery', 'position': 8, 'width_hint': 800, 'height_hint': 1200}, {'url': 'https://hologrammeparis.com/wp-content/uploads/2024/10/12448-7.jpg', 'alt': 'Casquette - 12448 – Image 6', 'origin': 'gallery', 'position': 9, 'width_hint': 800, 'height_hint': 1200}, {'url': 'https://hologrammeparis.com/wp-content/uploads/2024/10/12448-8.jpg', 'alt': 'Casquette - 12448 – Image 7', 'origin': 'gallery', 'position': 10, 'width_hint': 800, 'height_hint': 1200}, {'url': 'https://hologrammeparis.com/wp-content/uploads/2024/10/12448-6.jpg', 'alt': 'Casquette - 12448 – Image 8', 'origin': 'gallery', 'position': 11, 'width_hint': 800, 'height_hint': 1200}, {'url': 'https://hologrammeparis.com/wp-content/uploads/2024/10/12448-5.jpg', 'alt': 'Casquette - 12448 – Image 9', 'origin': 'gallery', 'position': 12, 'width_hint': 800, 'height_hint': 1200}, {'url': 'https://hologrammeparis.com/wp-content/uploads/2024/10/12448-10.jpg', 'alt': 'Casquette - 12448 – Image 10', 'origin': 'gallery', 'position': 13, 'width_hint': 800, 'height_hint': 1200}, {'url': 'https://hologrammeparis.com/wp-content/uploads/2024/10/12448-11.jpg', 'alt': 'Casquette - 12448 – Image 11', 'origin': 'gallery', 'position': 14, 'width_hint': 800, 'height_hint': 1200}, {'url': 'https://hologrammeparis.com/wp-content/uploads/2021/07/12448-4.jpg', 'alt': 'Casquette - 12448 – Image 12', 'origin': 'gallery', 'position': 15, 'width_hint': 533, 'height_hint': 800}], 'raw_jsonld': None}]",casquette-12448,,"Paquet de 24 pcs assorties: 2*Moutarde, 2*Marron, 3*Bordeaux, 3*Marine, 3*Vert, 3*Bleu, 3*Taupe, 5*Noir"
PALHA,8,HOLOGRAMME,CHAPÉU DE PALHA NATURAL,,https://hologrammeparis.com/product/paille-941216-cuir/,[],35.0,Palha – 941216 Couro,['Rótulo: Fabricado na Itália'],"{'COR': 'Natural', 'TAMANHO': '55 , 56 , 57 , 58 , 59 , 60 , 61', 'VENDIDO POR': 'Pacote 15', 'COMPOSIÇÃO': 'Palha 100% natural'}","3*55, 4*56, 6*57, 7*58, 5*59, 3*60, 2*61","[{'path': 'images/palha/palha-941216-couro/img_06.jpg', 'url': '', 'origin': 'sheet', 'position': 1}]","[{'url': 'https://hologrammeparis.com/wp-content/uploads/2021/07/941216-2.jpg', 'reason': 'low_resolution', 'width': 533, 'height': 800}, {'url': 'https://hologrammeparis.com/wp-content/uploads/2021/07/941216-1.jpg', 'reason': 'low_resolution', 'width': 533, 'height': 800}, {'url': 'https://hologrammeparis.com/wp-content/uploads/2021/07/941216-5.jpg', 'reason': 'low_resolution', 'width': 533, 'height': 800}, {'url': 'https://hologrammeparis.com/wp-content/uploads/2021/07/941216-4.jpg', 'reason': 'low_resolution', 'width': 533, 'height': 800}, {'url': 'https://hologrammeparis.com/wp-content/uploads/2021/07/941216-3.jpg', 'reason': 'low_resolution', 'width': 533, 'height': 800}]","[{'url': 'https://hologrammeparis.com/product/paille-941216-cuir/', 'name': 'Paille - 941-216 Cuir - Hologramme Paris', 'description': 'Paquet de 30 pcs assorties: 3*55, 4*56, 6*57, 7*58, 5*59, 3*60, 2*61', 'price': None, 'currency': None, 'images': [{'url': 'https://hologrammeparis.com/wp-content/uploads/2021/07/941216-2.jpg', 'alt': None, 'origin': 'og:image', 'position': 1}, {'url': 'https://hologrammeparis.com/wp-content/uploads/2021/07/941216-1.jpg', 'alt': 'Paille - 941-216 Cuir – Image 2', 'origin': 'gallery', 'position': 5, 'width_hint': 533, 'height_hint': 800}, {'url': 'https://hologrammeparis.com/wp-content/uploads/2021/07/941216-5.jpg', 'alt': 'Paille - 941-216 Cuir – Image 3', 'origin': 'gallery', 'position': 6, 'width_hint': 533, 'height_hint': 800}, {'url': 'https://hologrammeparis.com/wp-content/uploads/2021/07/941216-4.jpg', 'alt': 'Paille - 941-216 Cuir – Image 4', 'origin': 'gallery', 'position': 7, 'width_hint': 533, 'height_hint': 800}, {'url': 'https://hologrammeparis.com/wp-content/uploads/2021/07/941216-3.jpg', 'alt': 'Paille - 941-216 Cuir – Image 5', 'origin': 'gallery', 'position': 8, 'width_hint': 533, 'height_hint': 800}, {'url': 'https://hologrammeparis.com/wp-content/uploads/2021/09/941216-Cuir.jpg', 'alt': 'Paille - 941-216 Cuir – Image 6', 'origin': 'gallery', 'position': 9, 'width_hint': 900, 'height_hint': 1200}], 'raw_jsonld': None}]",palha-941216-couro,,"Paquet de 30 pcs assorties: 3*55, 4*56, 6*57, 7*58, 5*59, 3*60, 2*61"
PANAMÁ,4,HOLOGRAMME,CHAPEU PANAMÁ,,https://hologrammeparis.com/product/panama-201754/,[],67.5,Panamá – 201754,"['A versão revisitada do Panamá equatoriano', 'mais sólida', 'dobrável e moderna.\n\nPanamá Panasoft em papel 100% japonês .\n\nFabricado na Itália.']","{'COR': 'Branco', 'TAMANHO': '54, 55 , 56 , 57 , 58 , 59', 'VENDIDO POR': 'Unitário', 'COMPOSIÇÃO': 'Papel 100% Japonês'}",https://hologrammeparis.com/product/panama-201754/,"[{'path': 'images/panamá/panama-201754/img_02.jpg', 'url': '', 'origin': 'sheet', 'position': 1}, {'path': 'images/panamá/panama-201754/img_03.jpg', 'url': '', 'origin': 'sheet', 'position': 2}, {'path': 'images/panamá/panama-201754/img_04.jpg', 'url': '', 'origin': 'sheet', 'position': 3}, {'path': 'images/panamá/panama-201754/img_05.jpg', 'url': '', 'origin': 'sheet', 'position': 4}, {'path': 'images/panamá/panama-201754/img_06.jpg', 'url': '', 'origin': 'sheet', 'position': 5}]","[{'url': 'https://hologrammeparis.com/wp-content/uploads/2021/08/201754-4.jpg', 'reason': 'low_resolution', 'width': 533, 'height': 800}]","[{'url': 'https://hologrammeparis.com/product/panama-201754/', 'name': 'Panama - 201754 - Hologramme Paris', 'description': 'Découvrez notre Panama - 201754 au prix de grossiste pour votre boutique sur Hologramme Paris.', 'price': None, 'currency': None, 'images': [{'url': 'https://hologrammeparis.com/wp-content/uploads/2021/08/201754-4.jpg', 'alt': None, 'origin': 'og:image', 'position': 1}, {'url': 'https://hologrammeparis.com/wp-content/uploads/2021/08/201754-6.jpg', 'alt': 'Panama - 201754 – Image 2', 'origin': 'gallery', 'position': 5, 'width_hint': 800, 'height_hint': 1200}, {'url': 'https://hologrammeparis.com/wp-content/uploads/2021/08/201754-5-1.jpg', 'alt': 'Panama - 201754 – Image 3', 'origin': 'gallery', 'position': 6, 'width_hint': 800, 'height_hint': 1200}, {'url': 'https://hologrammeparis.com/wp-content/uploads/2021/08/201754-1.jpg', 'alt': 'Panama - 201754 – Image 4', 'origin': 'gallery', 'position': 7, 'width_hint': 800, 'height_hint': 1200}, {'url': 'https://hologrammeparis.com/wp-content/uploads/2021/08/201754-3-1.jpg', 'alt': 'Panama - 201754 – Image 5', 'origin': 'gallery', 'position': 8, 'width_hint': 800, 'height_hint': 1200}, {'url': 'https://hologrammeparis.com/wp-content/uploads/2021/08/201754-4-1.jpg', 'alt': 'Panama - 201754 – Image 6', 'origin': 'gallery', 'position': 9, 'width_hint': 800, 'height_hint': 1200}], 'raw_jsonld': None}]",panama-201754,,Découvrez notre Panama - 201754 au prix de grossiste pour votre boutique sur Hologramme Paris.
PANAMÁ,6,HOLOGRAMME,CHAPEU PANAMÁ ABA CURTA,,https://hologrammeparis.com/product/panama-201752-ecru/,[],67.5,Panamá – 201752,"['A versão revisitada do Panamá equatoriano', 'mais sólida', 'dobrável e moderna.\n\nPanamá Panasoft em papel 100% japonês .\n\nFabricado na Itália.']","{'COR': 'Branco, Bege', 'TAMANHO': '54, 55 , 56 , 57 , 58 , 59 , 60 , 61', 'VENDIDO POR': 'Unitário', 'COMPOSIÇÃO': 'Papel 100% Japonês'}",https://hologrammeparis.com/product/panama-201752-ecru/,"[{'path': 'images/panamá/panama-201752/img_01.jpg', 'url': '', 'origin': 'sheet', 'position': 1}, {'path': 'images/panamá/panama-201752/img_02.jpg', 'url': '', 'origin': 'sheet', 'position': 2}, {'path': 'images/panamá/panama-201752/img_03.jpg', 'url': '', 'origin': 'sheet', 'position': 3}, {'path': 'images/panamá/panama-201752/img_04.jpg', 'url': '', 'origin': 'sheet', 'position': 4}, {'path': 'images/panamá/panama-201752/img_05.jpg', 'url': '', 'origin': 'sheet', 'position': 5}, {'path': 'images/panamá/panama-201752/img_06.jpg', 'url': '', 'origin': 'sheet', 'position': 6}]",[],"[{'url': 'https://hologrammeparis.com/product/panama-201752-ecru/', 'name': 'Panama - 201752-Ecru - Hologramme Paris', 'description': 'Découvrez notre Panama - 201752-Ecru au prix de grossiste pour votre boutique sur Hologramme Paris.', 'price': None, 'currency': None, 'images': [{'url': 'https://hologrammeparis.com/wp-content/uploads/2025/04/201752-5.jpg', 'alt': None, 'origin': 'og:image', 'position': 1}, {'url': 'https://hologrammeparis.com/wp-content/uploads/2022/03/201752-6.jpg', 'alt': 'Panama - 201752-Ecru – Image 2', 'origin': 'gallery', 'position': 5, 'width_hint': 800, 'height_hint': 1200}, {'url': 'https://hologrammeparis.com/wp-content/uploads/2022/03/201752-5.jpg', 'alt': 'Panama - 201752-Ecru – Image 3', 'origin': 'gallery', 'position': 6, 'width_hint': 800, 'height_hint': 1200}, {'url': 'https://hologrammeparis.com/wp-content/uploads/2025/04/201752-7.jpg', 'alt': 'Panama - 201752-Ecru – Image 4', 'origin': 'gallery', 'position': 7, 'width_hint': 800, 'height_hint': 1200}, {'url': 'https://hologrammeparis.com/wp-content/uploads/2025/04/201752-6.jpg', 'alt': 'Panama - 201752-Ecru – Image 5', 'origin': 'gallery', 'position': 8, 'width_hint': 800, 'height_hint': 1200}, {'url': 'https://hologrammeparis.com/wp-content/uploads/2025/04/201752-8.jpg', 'alt': 'Panama - 201752-Ecru – Image 6', 'origin': 'gallery', 'position': 9, 'width_hint': 800, 'height_hint': 1200}], 'raw_jsonld': None}]",panama-201752,,Découvrez notre Panama - 201752-Ecru au prix de grossiste pour votre boutique sur Hologramme Paris.
PANAMÁ,8,HOLOGRAMME,CHAPEU PANAMÁ AJUSTÁVEL,,https://hologrammeparis.com/product/panama-art-931-japonais/,[],67.5,Panamá – 931,"['A versão revisitada do Panamá equatoriano', 'mais sólida', 'dobrável e moderna.\n\nPanamá Panasoft em papel 100% japonês .\n\nFabricado na Itália.']","{'COR': 'Beige, Kaki, Marine, Noir', 'TAMANHO': '55 , 56 , 57 , 58 , 59 , 60 , 61', 'VENDIDO POR': 'Unitário', 'COMPOSIÇÃO': 'Papel 100% Japonês'}",https://hologrammeparis.com/product/panama-art-931-japonais/,"[{'path': 'images/panamá/panama-931/img_01.jpg', 'url': '', 'origin': 'sheet', 'position': 1}, {'path': 'images/panamá/panama-931/img_02.jpg', 'url': '', 'origin': 'sheet', 'position': 2}, {'path': 'images/panamá/panama-931/img_03.jpg', 'url': '', 'origin': 'sheet', 'position': 3}, {'path': 'images/panamá/panama-931/img_04.jpg', 'url': '', 'origin': 'sheet', 'position': 4}, {'path': 'images/panamá/panama-931/img_05.jpg', 'url': '', 'origin': 'sheet', 'position': 5}, {'path': 'images/panamá/panama-931/img_06.jpg', 'url': '', 'origin': 'sheet', 'position': 6}, {'path': 'images/panamá/panama-931/img_07.jpg', 'url': '', 'origin': 'sheet', 'position': 7}]",[],"[{'url': 'https://hologrammeparis.com/product/panama-art-931-japonais/', 'name': 'Panama - Art 931 Japonais - Hologramme Paris', 'description': 'Découvrez notre Panama - Art 931 Japonais au prix de grossiste pour votre boutique sur Hologramme Paris.', 'price': None, 'currency': None, 'images': [{'url': 'https://hologrammeparis.com/wp-content/uploads/2025/05/Art-931-Japonais-1.jpg', 'alt': None, 'origin': 'og:image', 'position': 1}, {'url': 'https://hologrammeparis.com/wp-content/uploads/2025/05/Art-931-Japonais-3.jpg', 'alt': 'Panama - Art 931 Japonais – Image 2', 'origin': 'gallery', 'position': 5, 'width_hint': 800, 'height_hint': 1200}, {'url': 'https://hologrammeparis.com/wp-content/uploads/2025/05/Art-931-Japonais-2.jpg', 'alt': 'Panama - Art 931 Japonais – Image 3', 'origin': 'gallery', 'position': 6, 'width_hint': 800, 'height_hint': 1200}, {'url': 'https://hologrammeparis.com/wp-content/uploads/2025/05/Art-931-Japonais-4.jpg', 'alt': 'Panama - Art 931 Japonais – Image 4', 'origin': 'gallery', 'position': 7, 'width_hint': 800, 'height_hint': 1200}, {'url': 'https://hologrammeparis.com/wp-content/uploads/2024/03/Art-931-Japonais-Beige-1.jpg', 'alt': 'Panama - Art 931 Japonais – Image 5', 'origin': 'gallery', 'position': 8, 'width_hint': 800, 'height_hint': 1200}, {'url': 'https://hologrammeparis.com/wp-content/uploads/2024/03/Art-931-Japonais-Beige-2.jpg', 'alt': 'Panama - Art 931 Japonais – Image 6', 'origin': 'gallery', 'position': 9, 'width_hint': 800, 'height_hint': 1200}, {'url': 'https://hologrammeparis.com/wp-content/uploads/2024/03/Art-931-Japonais-Beige-3.jpg', 'alt': 'Panama - Art 931 Japonais – Image 7', 'origin': 'gallery', 'position': 10, 'width_hint': 800, 'height_hint': 1200}], 'raw_jsonld': None}]",panama-931,,Découvrez notre Panama - Art 931 Japonais au prix de grossiste pour votre boutique sur Hologramme Paris.
À PROVA D´ÁGUA,2,HOLOGRAMME,CHAPÉUS ALGODÃO ENCERADO,,https://hologrammeparis.com/product/chapeau-49103/,[],45.0,Chapéu – 49103,"['Algodão Oleado', 'Fabricado em Portugal']","{'COR': 'Camelo , Marinho , Marrom , Preto , Ferrugem , Taupe , Verde Escuro', 'TAMANHO': '55 , 57 , 59 , 61', 'VENDIDO POR': 'Unitário', 'COMPOSIÇÃO': '100% algodão'}",https://hologrammeparis.com/product/chapeau-49103/,"[{'path': 'images/à prova d´água/chapeu-49103/img_01.jpg', 'url': '', 'origin': 'sheet', 'position': 1}, {'path': 'images/à prova d´água/chapeu-49103/img_02.jpg', 'url': '', 'origin': 'sheet', 'position': 2}, {'path': 'images/à prova d´água/chapeu-49103/img_03.jpg', 'url': '', 'origin': 'sheet', 'position': 3}, {'path': 'images/à prova d´água/chapeu-49103/img_04.jpg', 'url': '', 'origin': 'sheet', 'position': 4}]","[{'url': 'https://hologrammeparis.com/wp-content/uploads/2021/07/49103-Camel-2.jpg', 'reason': 'low_resolution', 'width': 533, 'height': 800}, {'url': 'https://hologrammeparis.com/wp-content/uploads/2021/07/49103-Camel-3.jpg', 'reason': 'low_resolution', 'width': 533, 'height': 800}, {'url': 'https://hologrammeparis.com/wp-content/uploads/2021/07/49103-Camel-4.jpg', 'reason': 'low_resolution', 'width': 533, 'height': 800}, {'url': 'https://hologrammeparis.com/wp-content/uploads/2021/07/49103-Camel-5.jpg', 'reason': 'low_resolution', 'width': 533, 'height': 800}, {'url': 'https://hologrammeparis.com/wp-content/uploads/2021/07/49103-Noir-2.jpg', 'reason': 'low_resolution', 'width': 533, 'height': 800}, {'url': 'https://hologrammeparis.com/wp-content/uploads/2021/07/49103-Noir-3.jpg', 'reason': 'low_resolution', 'width': 533, 'height': 800}, {'url': 'https://hologrammeparis.com/wp-content/uploads/2021/07/49103-Noir-4.jpg', 'reason': 'low_resolution', 'width': 533, 'height': 800}, {'url': 'https://hologrammeparis.com/wp-content/uploads/2021/07/49103-Noir-5.jpg', 'reason': 'low_resolution', 'width': 533, 'height': 800}, {'url': 'https://hologrammeparis.com/wp-content/uploads/2021/07/49103-Vert-Fonce-2.jpg', 'reason': 'low_resolution', 'width': 533, 'height': 800}, {'url': 'https://hologrammeparis.com/wp-content/uploads/2021/07/49103-Vert-Fonce-3.jpg', 'reason': 'low_resolution', 'width': 533, 'height': 800}, {'url': 'https://hologrammeparis.com/wp-content/uploads/2021/07/49103-Vert-Fonce-4.jpg', 'reason': 'low_resolution', 'width': 533, 'height': 800}, {'url': 'https://hologrammeparis.com/wp-content/uploads/2021/07/49103-Vert-Fonce-5.jpg', 'reason': 'low_resolution', 'width': 533, 'height': 800}, {'url': 'https://hologrammeparis.com/wp-content/uploads/2021/07/49103-Kaki-2.jpg', 'reason': 'low_resolution', 'width': 533, 'height': 800}, {'url': 'https://hologrammeparis.com/wp-content/uploads/2021/07/49103-Kaki-3.jpg', 'reason': 'low_resolution', 'width': 533, 'height': 800}, {'url': 'https://hologrammeparis.com/wp-content/uploads/2021/07/49103-Kaki-4.jpg', 'reason': 'low_resolution', 'width': 533, 'height': 800}, {'url': 'https://hologrammeparis.com/wp-content/uploads/2021/07/49103-Kaki-5.jpg', 'reason': 'low_resolution', 'width': 533, 'height': 800}, {'url': 'https://hologrammeparis.com/wp-content/uploads/2021/07/49103-Rouille-2.jpg', 'reason': 'low_resolution', 'width': 533, 'height': 800}, {'url': 'https://hologrammeparis.com/wp-content/uploads/2021/07/49103-Rouille-3.jpg', 'reason': 'low_resolution', 'width': 533, 'height': 800}, {'url': 'https://hologrammeparis.com/wp-content/uploads/2021/07/49103-Rouille-4.jpg', 'reason': 'low_resolution', 'width': 533, 'height': 800}, {'url': 'https://hologrammeparis.com/wp-content/uploads/2021/07/49103-Rouille-5.jpg', 'reason': 'low_resolution', 'width': 533, 'height': 800}]","[{'url': 'https://hologrammeparis.com/product/chapeau-49103/', 'name': 'Chapeau - 49103 - Hologramme Paris', 'description': 'Découvrez notre Chapeau - 49103 au prix de grossiste pour votre boutique sur Hologramme Paris.', 'price': None, 'currency': None, 'images': [{'url': 'https://hologrammeparis.com/wp-content/uploads/2025/05/49103-1.jpg', 'alt': None, 'origin': 'og:image', 'position': 1}, {'url': 'https://hologrammeparis.com/wp-content/uploads/2025/05/49103-3.jpg', 'alt': 'Chapeau - 49103 – Image 2', 'origin': 'gallery', 'position': 5, 'width_hint': 800, 'height_hint': 1200}, {'url': 'https://hologrammeparis.com/wp-content/uploads/2025/05/49103-2.jpg', 'alt': 'Chapeau - 49103 – Image 3', 'origin': 'gallery', 'position': 6, 'width_hint': 800, 'height_hint': 1200}, {'url': 'https://hologrammeparis.com/wp-content/uploads/2025/05/49103-4.jpg', 'alt': 'Chapeau - 49103 – Image 4', 'origin': 'gallery', 'position': 7, 'width_hint': 800, 'height_hint': 1200}, {'url': 'https://hologrammeparis.com/wp-content/uploads/2021/07/49103-Camel-2.jpg', 'alt': 'Chapeau - 49103 – Image 5', 'origin': 'gallery', 'position': 8, 'width_hint': 533, 'height_hint': 800}, {'url': 'https://hologrammeparis.com/wp-content/uploads/2021/07/49103-Camel-3.jpg', 'alt': 'Chapeau - 49103 – Image 6', 'origin': 'gallery', 'position': 9, 'width_hint': 533, 'height_hint': 800}, {'url': 'https://hologrammeparis.com/wp-content/uploads/2021/07/49103-Camel-4.jpg', 'alt': 'Chapeau - 49103 – Image 7', 'origin': 'gallery', 'position': 10, 'width_hint': 533, 'height_hint': 800}, {'url': 'https://hologrammeparis.com/wp-content/uploads/2021/07/49103-Camel-5.jpg', 'alt': 'Chapeau - 49103 – Image 8', 'origin': 'gallery', 'position': 11, 'width_hint': 533, 'height_hint': 800}, {'url': 'https://hologrammeparis.com/wp-content/uploads/2021/07/49103-Noir-2.jpg', 'alt': 'Chapeau - 49103 – Image 9', 'origin': 'gallery', 'position': 12, 'width_hint': 533, 'height_hint': 800}, {'url': 'https://hologrammeparis.com/wp-content/uploads/2021/07/49103-Noir-3.jpg', 'alt': 'Chapeau - 49103 – Image 10', 'origin': 'gallery', 'position': 13, 'width_hint': 533, 'height_hint': 800}, {'url': 'https://hologrammeparis.com/wp-content/uploads/2021/07/49103-Noir-4.jpg', 'alt': 'Chapeau - 49103 – Image 11', 'origin': 'gallery', 'position': 14, 'width_hint': 533, 'height_hint': 800}, {'url': 'https://hologrammeparis.com/wp-content/uploads/2021/07/49103-Noir-5.jpg', 'alt': 'Chapeau - 49103 – Image 12', 'origin': 'gallery', 'position': 15, 'width_hint': 533, 'height_hint': 800}, {'url': 'https://hologrammeparis.com/wp-content/uploads/2021/07/49103-Vert-Fonce-2.jpg', 'alt': 'Chapeau - 49103 – Image 13', 'origin': 'gallery', 'position': 16, 'width_hint': 533, 'height_hint': 800}, {'url': 'https://hologrammeparis.com/wp-content/uploads/2021/07/49103-Vert-Fonce-3.jpg', 'alt': 'Chapeau - 49103 – Image 14', 'origin': 'gallery', 'position': 17, 'width_hint': 533, 'height_hint': 800}, {'url': 'https://hologrammeparis.com/wp-content/uploads/2021/07/49103-Vert-Fonce-4.jpg', 'alt': 'Chapeau - 49103 – Image 15', 'origin': 'gallery', 'position': 18, 'width_hint': 533, 'height_hint': 800}, {'url': 'https://hologrammeparis.com/wp-content/uploads/2021/07/49103-Vert-Fonce-5.jpg', 'alt': 'Chapeau - 49103 – Image 16', 'origin': 'gallery', 'position': 19, 'width_hint': 533, 'height_hint': 800}, {'url': 'https://hologrammeparis.com/wp-content/uploads/2021/07/49103-Kaki-2.jpg', 'alt': 'Chapeau - 49103 – Image 17', 'origin': 'gallery', 'position': 20, 'width_hint': 533, 'height_hint': 800}, {'url': 'https://hologrammeparis.com/wp-content/uploads/2021/07/49103-Kaki-3.jpg', 'alt': 'Chapeau - 49103 – Image 18', 'origin': 'gallery', 'position': 21, 'width_hint': 533, 'height_hint': 800}, {'url': 'https://hologrammeparis.com/wp-content/uploads/2021/07/49103-Kaki-4.jpg', 'alt': 'Chapeau - 49103 – Image 19', 'origin': 'gallery', 'position': 22, 'width_hint': 533, 'height_hint': 800}, {'url': 'https://hologrammeparis.com/wp-content/uploads/2021/07/49103-Kaki-5.jpg', 'alt': 'Chapeau - 49103 – Image 20', 'origin': 'gallery', 'position': 23, 'width_hint': 533, 'height_hint': 800}, {'url': 'https://hologrammeparis.com/wp-content/uploads/2021/07/49103-Rouille-2.jpg', 'alt': 'Chapeau - 49103 – Image 21', 'origin': 'gallery', 'position': 24, 'width_hint': 533, 'height_hint': 800}, {'url': 'https://hologrammeparis.com/wp-content/uploads/2021/07/49103-Rouille-3.jpg', 'alt': 'Chapeau - 49103 – Image 22', 'origin': 'gallery', 'position': 25, 'width_hint': 533, 'height_hint': 800}, {'url': 'https://hologrammeparis.com/wp-content/uploads/2021/07/49103-Rouille-4.jpg', 'alt': 'Chapeau - 49103 – Image 23', 'origin': 'gallery', 'position': 26, 'width_hint': 533, 'height_hint': 800}, {'url': 'https://hologrammeparis.com/wp-content/uploads/2021/07/49103-Rouille-5.jpg', 'alt': 'Chapeau - 49103 – Image 24', 'origin': 'gallery', 'position': 27, 'width_hint': 533, 'height_hint': 800}], 'raw_jsonld': None}]",chapeu-49103,,Découvrez notre Chapeau - 49103 au prix de grossiste pour votre boutique sur Hologramme Paris.
PROTEÇÃO SOLAR,4,SOLID,CHAPÉU UV,,,[],19.9,SOLID,['CHAPÉU UV'],"{'COR': 'Verde, Bege', 'TAMANHO': '56 , 58 , 60', 'VENDIDO POR': 'Unitário', 'COMPOSIÇÃO': '100% Nylon'}",,[],[],[],solid,,
PROTEÇÃO SOLAR,4,SOLID,CHAPÉU UV,,,[],19.9,SOLID,['CHAPÉU UV'],"{'COR': 'Verde, Bege', 'TAMANHO': '56 , 58 , 60', 'VENDIDO POR': 'Unitário', 'COMPOSIÇÃO': '100% Nylon'}",,[],[],[],solid,,
PROTEÇÃO SOLAR,4,SOLID,CHAPÉU UV,,,[],19.9,SOLID,['CHAPÉU UV'],"{'COR': 'Verde, Bege', 'TAMANHO': '56 , 58 , 60', 'VENDIDO POR': 'Unitário', 'COMPOSIÇÃO': '100% Nylon'}",,[],[],[],solid,,
PROTEÇÃO SOLAR,4,SOLID,CHAPÉU UV,,,[],19.9,SOLID,['CHAPÉU UV'],"{'COR': 'Verde, Bege', 'TAMANHO': '56 , 58 , 60', 'VENDIDO POR': 'Unitário', 'COMPOSIÇÃO': '100% Nylon'}",,[],[],[],solid,,
CHAPÉUS EM TECIDO,2,HOLOGRAMME,BUCKT HAT ALGODÃO,,https://hologrammeparis.com/product/bob-2018121/,[],14.9,Bob – 2018121,['BUCKT HAT ALGODÃO'],"{'COR': 'Bege Claro , Azul , Borgonha , Camelo , Cinza , Amarelo , Cáqui Claro , Cáqui Escuro , Marinho , Preto , Laranja , Vermelho', 'TAMANHO': '57 , 59', 'VENDIDO POR': 'Pacote 24', 'COMPOSIÇÃO': '100% algodão'}","3*Preto, 3*Marinho, 2*Laranja, 2*Bege, 2*Azul Royal, 2*Mostarda, 2*Cáqui, 2*Cinza, 2*Bordéus, 2*Vermelho, 1*Camelo , 1 * marrom claro","[{'path': 'images/chapéus em tecido/bob-2018121/img_01.jpg', 'url': '', 'origin': 'sheet', 'position': 1}]","[{'url': 'https://hologrammeparis.com/wp-content/uploads/2021/07/2018121-1.jpg', 'reason': 'fallback_used_low_resolution', 'width': 533, 'height': 800}, {'url': 'https://hologrammeparis.com/wp-content/uploads/2021/07/2018121-14.jpg', 'reason': 'low_resolution', 'width': 533, 'height': 800}, {'url': 'https://hologrammeparis.com/wp-content/uploads/2021/07/2018121-15.jpg', 'reason': 'low_resolution', 'width': 533, 'height': 800}, {'url': 'https://hologrammeparis.com/wp-content/uploads/2021/07/2018121-4.jpg', 'reason': 'low_resolution', 'width': 533, 'height': 800}, {'url': 'https://hologrammeparis.com/wp-content/uploads/2021/07/2018121-5.jpg', 'reason': 'low_resolution', 'width': 533, 'height': 800}, {'url': 'https://hologrammeparis.com/wp-content/uploads/2021/07/2018121-3.jpg', 'reason': 'low_resolution', 'width': 533, 'height': 800}, {'url': 'https://hologrammeparis.com/wp-content/uploads/2021/07/2018121-6.jpg', 'reason': 'low_resolution', 'width': 533, 'height': 800}, {'url': 'https://hologrammeparis.com/wp-content/uploads/2021/07/2018121-7.jpg', 'reason': 'low_resolution', 'width': 533, 'height': 800}, {'url': 'https://hologrammeparis.com/wp-content/uploads/2021/07/2018121-2.jpg', 'reason': 'low_resolution', 'width': 533, 'height': 800}, {'url': 'https://hologrammeparis.com/wp-content/uploads/2021/07/2018121-8.jpg', 'reason': 'low_resolution', 'width': 533, 'height': 800}, {'url': 'https://hologrammeparis.com/wp-content/uploads/2021/07/2018121-9.jpg', 'reason': 'low_resolution', 'width': 533, 'height': 800}, {'url': 'https://hologrammeparis.com/wp-content/uploads/2021/07/2018121-10.jpg', 'reason': 'low_resolution', 'width': 533, 'height': 800}, {'url': 'https://hologrammeparis.com/wp-content/uploads/2021/07/2018121-11.jpg', 'reason': 'low_resolution', 'width': 533, 'height': 800}, {'url': 'https://hologrammeparis.com/wp-content/uploads/2021/07/2018121-12.jpg', 'reason': 'low_resolution', 'width': 533, 'height': 800}, {'url': 'https://hologrammeparis.com/wp-content/uploads/2021/07/2018121-13.jpg', 'reason': 'low_resolution', 'width': 533, 'height': 800}]","[{'url': 'https://hologrammeparis.com/product/bob-2018121/', 'name': 'Bob - 2018121 - Hologramme Paris', 'description': 'Paquet de 24 pcs assorties: 3*Noir, 3*Marine, 2*Orange, 2*Beige, 2*Bleu Royal, 2*Moutarde, 2*Kaki, 2*Gris, 2*Bordeaux, 2*Rouge, 1*Camel, 1*Marron Clair', 'price': None, 'currency': None, 'images': [{'url': 'https://hologrammeparis.com/wp-content/uploads/2021/07/2018121-1.jpg', 'alt': None, 'origin': 'og:image', 'position': 1}, {'url': 'https://hologrammeparis.com/wp-content/uploads/2021/07/2018121-14.jpg', 'alt': 'Bob - 2018121 – Image 2', 'origin': 'gallery', 'position': 5, 'width_hint': 533, 'height_hint': 800}, {'url': 'https://hologrammeparis.com/wp-content/uploads/2021/07/2018121-15.jpg', 'alt': 'Bob - 2018121 – Image 3', 'origin': 'gallery', 'position': 6, 'width_hint': 533, 'height_hint': 800}, {'url': 'https://hologrammeparis.com/wp-content/uploads/2021/07/2018121-4.jpg', 'alt': 'Bob - 2018121 – Image 4', 'origin': 'gallery', 'position': 7, 'width_hint': 533, 'height_hint': 800}, {'url': 'https://hologrammeparis.com/wp-content/uploads/2021/07/2018121-5.jpg', 'alt': 'Bob - 2018121 – Image 5', 'origin': 'gallery', 'position': 8, 'width_hint': 533, 'height_hint': 800}, {'url': 'https://hologrammeparis.com/wp-content/uploads/2021/07/2018121-3.jpg', 'alt': 'Bob - 2018121 – Image 6', 'origin': 'gallery', 'position': 9, 'width_hint': 533, 'height_hint': 800}, {'url': 'https://hologrammeparis.com/wp-content/uploads/2021/07/2018121-6.jpg', 'alt': 'Bob - 2018121 – Image 7', 'origin': 'gallery', 'position': 10, 'width_hint': 533, 'height_hint': 800}, {'url': 'https://hologrammeparis.com/wp-content/uploads/2021/07/2018121-7.jpg', 'alt': 'Bob - 2018121 – Image 8', 'origin': 'gallery', 'position': 11, 'width_hint': 533, 'height_hint': 800}, {'url': 'https://hologrammeparis.com/wp-content/uploads/2021/07/2018121-2.jpg', 'alt': 'Bob - 2018121 – Image 9', 'origin': 'gallery', 'position': 12, 'width_hint': 533, 'height_hint': 800}, {'url': 'https://hologrammeparis.com/wp-content/uploads/2021/07/2018121-8.jpg', 'alt': 'Bob - 2018121 – Image 10', 'origin': 'gallery', 'position': 13, 'width_hint': 533, 'height_hint': 800}, {'url': 'https://hologrammeparis.com/wp-content/uploads/2021/07/2018121-9.jpg', 'alt': 'Bob - 2018121 – Image 11', 'origin': 'gallery', 'position': 14, 'width_hint': 533, 'height_hint': 800}, {'url': 'https://hologrammeparis.com/wp-content/uploads/2021/07/2018121-10.jpg', 'alt': 'Bob - 2018121 – Image 12', 'origin': 'gallery', 'position': 15, 'width_hint': 533, 'height_hint': 800}, {'url': 'https://hologrammeparis.com/wp-content/uploads/2021/07/2018121-11.jpg', 'alt': 'Bob - 2018121 – Image 13', 'origin': 'gallery', 'position': 16, 'width_hint': 533, 'height_hint': 800}, {'url': 'https://hologrammeparis.com/wp-content/uploads/2021/07/2018121-12.jpg', 'alt': 'Bob - 2018121 – Image 14', 'origin': 'gallery', 'position': 17, 'width_hint': 533, 'height_hint': 800}, {'url': 'https://hologrammeparis.com/wp-content/uploads/2021/07/2018121-13.jpg', 'alt': 'Bob - 2018121 – Image 15', 'origin': 'gallery', 'position': 18, 'width_hint': 533, 'height_hint': 800}], 'raw_jsonld': None}]",bob-2018121,,"Paquet de 24 pcs assorties: 3*Noir, 3*Marine, 2*Orange, 2*Beige, 2*Bleu Royal, 2*Moutarde, 2*Kaki, 2*Gris, 2*Bordeaux, 2*Rouge, 1*Camel, 1*Marron Clair"
CHAPÉUS EM TECIDO,8,HOLOGRAMME,CHAPÉU SAFARI,,https://hologrammeparis.com/product/bob-2018120/,[],19.9,Bob – 2018120,['CHAPÉU SAFARI'],"{'COR': 'Beige Clair, Bleu, Bordeaux, Camel, Gris, Jaune, Kaki Clair, Kaki Fonce, Marine, Noir, Orange, Rouge', 'TAMANHO': '57 , 59', 'VENDIDO POR': 'Pacote 24', 'COMPOSIÇÃO': '100% algodão'}","3*Noir, 3*Marine, 2*Kaki, 2*Bordeaux, 2*Rouge, 2*Rouille, 2*Bleu Royal, 2*Gris, 2*Moutarde, 2*Beige, 1*Camel, 1*Marron Clair","[{'path': 'images/chapéus em tecido/bob-2018120/img_01.jpg', 'url': '', 'origin': 'sheet', 'position': 1}]","[{'url': 'https://hologrammeparis.com/wp-content/uploads/2021/07/2018120-1.jpg', 'reason': 'fallback_used_low_resolution', 'width': 533, 'height': 800}, {'url': 'https://hologrammeparis.com/wp-content/uploads/2021/07/2018120-12.jpg', 'reason': 'low_resolution', 'width': 533, 'height': 800}, {'url': 'https://hologrammeparis.com/wp-content/uploads/2021/07/2018120-2.jpg', 'reason': 'low_resolution', 'width': 533, 'height': 800}, {'url': 'https://hologrammeparis.com/wp-content/uploads/2021/07/2018120-3.jpg', 'reason': 'low_resolution', 'width': 533, 'height': 800}, {'url': 'https://hologrammeparis.com/wp-content/uploads/2021/07/2018120-4.jpg', 'reason': 'low_resolution', 'width': 533, 'height': 800}, {'url': 'https://hologrammeparis.com/wp-content/uploads/2021/07/2018120-5.jpg', 'reason': 'low_resolution', 'width': 533, 'height': 800}, {'url': 'https://hologrammeparis.com/wp-content/uploads/2021/07/2018120-6.jpg', 'reason': 'low_resolution', 'width': 533, 'height': 800}, {'url': 'https://hologrammeparis.com/wp-content/uploads/2021/07/2018120-7.jpg', 'reason': 'low_resolution', 'width': 533, 'height': 800}, {'url': 'https://hologrammeparis.com/wp-content/uploads/2021/07/2018120-8.jpg', 'reason': 'low_resolution', 'width': 533, 'height': 800}, {'url': 'https://hologrammeparis.com/wp-content/uploads/2021/07/2018120-9.jpg', 'reason': 'low_resolution', 'width': 533, 'height': 800}, {'url': 'https://hologrammeparis.com/wp-content/uploads/2021/07/2018120-10.jpg', 'reason': 'low_resolution', 'width': 533, 'height': 800}, {'url': 'https://hologrammeparis.com/wp-content/uploads/2021/07/2018120-11.jpg', 'reason': 'low_resolution', 'width': 533, 'height': 800}]","[{'url': 'https://hologrammeparis.com/product/bob-2018120/', 'name': 'Bob - 2018120 - Hologramme Paris', 'description': 'Paquet de 24 pcs assorties: 3*Noir, 3*Marine, 2*Kaki, 2*Bordeaux, 2*Rouge, 2*Rouille, 2*Bleu Royal, 2*Gris, 2*Moutarde, 2*Beige, 1*Camel, 1*Marron Clair', 'price': None, 'currency': None, 'images': [{'url': 'https://hologrammeparis.com/wp-content/uploads/2021/07/2018120-1.jpg', 'alt': None, 'origin': 'og:image', 'position': 1}, {'url': 'https://hologrammeparis.com/wp-content/uploads/2021/07/2018120-12.jpg', 'alt': 'Bob - 2018120 – Image 2', 'origin': 'gallery', 'position': 5, 'width_hint': 533, 'height_hint': 800}, {'url': 'https://hologrammeparis.com/wp-content/uploads/2021/07/2018120-2.jpg', 'alt': 'Bob - 2018120 – Image 3', 'origin': 'gallery', 'position': 6, 'width_hint': 533, 'height_hint': 800}, {'url': 'https://hologrammeparis.com/wp-content/uploads/2021/07/2018120-3.jpg', 'alt': 'Bob - 2018120 – Image 4', 'origin': 'gallery', 'position': 7, 'width_hint': 533, 'height_hint': 800}, {'url': 'https://hologrammeparis.com/wp-content/uploads/2021/07/2018120-4.jpg', 'alt': 'Bob - 2018120 – Image 5', 'origin': 'gallery', 'position': 8, 'width_hint': 533, 'height_hint': 800}, {'url': 'https://hologrammeparis.com/wp-content/uploads/2021/07/2018120-5.jpg', 'alt': 'Bob - 2018120 – Image 6', 'origin': 'gallery', 'position': 9, 'width_hint': 533, 'height_hint': 800}, {'url': 'https://hologrammeparis.com/wp-content/uploads/2021/07/2018120-6.jpg', 'alt': 'Bob - 2018120 – Image 7', 'origin': 'gallery', 'position': 10, 'width_hint': 533, 'height_hint': 800}, {'url': 'https://hologrammeparis.com/wp-content/uploads/2021/07/2018120-7.jpg', 'alt': 'Bob - 2018120 – Image 8', 'origin': 'gallery', 'position': 11, 'width_hint': 533, 'height_hint': 800}, {'url': 'https://hologrammeparis.com/wp-content/uploads/2021/07/2018120-8.jpg', 'alt': 'Bob - 2018120 – Image 9', 'origin': 'gallery', 'position': 12, 'width_hint': 533, 'height_hint': 800}, {'url': 'https://hologrammeparis.com/wp-content/uploads/2021/07/2018120-9.jpg', 'alt': 'Bob - 2018120 – Image 10', 'origin': 'gallery', 'position': 13, 'width_hint': 533, 'height_hint': 800}, {'url': 'https://hologrammeparis.com/wp-content/uploads/2021/07/2018120-10.jpg', 'alt': 'Bob - 2018120 – Image 11', 'origin': 'gallery', 'position': 14, 'width_hint': 533, 'height_hint': 800}, {'url': 'https://hologrammeparis.com/wp-content/uploads/2021/07/2018120-11.jpg', 'alt': 'Bob - 2018120 – Image 12', 'origin': 'gallery', 'position': 15, 'width_hint': 533, 'height_hint': 800}], 'raw_jsonld': None}]",bob-2018120,,"Paquet de 24 pcs assorties: 3*Noir, 3*Marine, 2*Kaki, 2*Bordeaux, 2*Rouge, 2*Rouille, 2*Bleu Royal, 2*Gris, 2*Moutarde, 2*Beige, 1*Camel, 1*Marron Clair"
CHAPÉUS EM TECIDO,12,,BUCKET HAT REVERSIVEL,,,[],19.9,bucket-hat-reversivel,['Etiqueta:  reversível'],"{'COR': 'Dversos', 'TAMANHO': 'UNICO (57.5)', 'VENDIDO POR': 'UNIDADE', 'COMPOSIÇÃO': '30% algodão 70% poliester'}",,[],[],[],bucket-hat-reversivel,,
COWBOY,16,HOLOGRAMME,VISEIRA  FEMININA,"COR        
Bege, Castanho, Verde, Azul, Bordo, Marinho

TAMANHO                
55 , 56 , 57 , 58 , 59 , 60 , 61

VENDIDO POR        
Pacote 24

COMPOSIÇÃO                
69% Poliéster – 31% Algodão / Forro 100% Algodão",https://hologrammeparis.com/product/casquette-18474ol/,['https://hologrammeparis.com/product/casquette-e18107gr/'],8.0,HOLOGRAMME,['VISEIRA  FEMININA'],"{'COR': 'Pink, verde, preto, azul, bege, camel', 'TAMANHO': '55 , 56 , 57 , 58 , 59 , 60 , 61', 'COMPOSIÇÃO': '69% Poliéster – 31% Algodão / Forro 100% Algodão', 'VENDIDO POR': 'Pacote 24'}",https://hologrammeparis.com/product/casquette-18474ol/,"[{'path': 'images/cowboy/hologramme/img_01.jpg', 'url': '', 'origin': 'sheet', 'position': 1}, {'path': 'images/cowboy/hologramme/img_02.jpg', 'url': '', 'origin': 'sheet', 'position': 2}, {'path': 'images/cowboy/hologramme/img_03.jpg', 'url': '', 'origin': 'sheet', 'position': 3}, {'path': 'images/cowboy/hologramme/img_04.jpg', 'url': '', 'origin': 'sheet', 'position': 4}]",[],"[{'url': 'https://hologrammeparis.com/product/casquette-18474ol/', 'name': 'Casquette - 18474OL = 18519OL - Hologramme Paris', 'description': 'Découvrez notre Casquette - 18474OL = 18519OL au prix de grossiste pour votre boutique sur Hologramme Paris.', 'price': None, 'currency': None, 'images': [{'url': 'https://hologrammeparis.com/wp-content/uploads/2024/02/18474OL-1.jpg', 'alt': None, 'origin': 'og:image', 'position': 1}, {'url': 'https://hologrammeparis.com/wp-content/uploads/2024/02/18474OL-2.jpg', 'alt': 'Casquette - 18474OL = 18519OL – Image 2', 'origin': 'gallery', 'position': 5, 'width_hint': 800, 'height_hint': 1200}, {'url': 'https://hologrammeparis.com/wp-content/uploads/2024/02/18474OL-3.jpg', 'alt': 'Casquette - 18474OL = 18519OL – Image 3', 'origin': 'gallery', 'position': 6, 'width_hint': 800, 'height_hint': 1200}, {'url': 'https://hologrammeparis.com/wp-content/uploads/2024/02/18474OL-4.jpg', 'alt': 'Casquette - 18474OL = 18519OL – Image 4', 'origin': 'gallery', 'position': 7, 'width_hint': 800, 'height_hint': 1200}], 'raw_jsonld': None}]",hologramme,,Découvrez notre Casquette - Pierre Cardin Noir au prix de grossiste pour votre boutique sur Hologramme Paris.
BONÉS,20,HOLOGRAMME,BONÉS TRUCKER,,https://hologrammeparis.com/fr/product/casquette-15263/,[],12.9,Boné – 15263,['BONÉS TRUCKER'],"{'COR': 'ou unidade', 'VENDIDO POR': 'Pacote por', 'TAMANHO': 575, 'COMPOSIÇÃO': '100% algodão'}",https://hologrammeparis.com/fr/product/casquette-15263/,"[{'path': 'images/bonés/bone-15263/img_01.jpg', 'url': '', 'origin': 'sheet', 'position': 1}, {'path': 'images/bonés/bone-15263/img_02.jpg', 'url': '', 'origin': 'sheet', 'position': 2}, {'path': 'images/bonés/bone-15263/img_03.jpg', 'url': '', 'origin': 'sheet', 'position': 3}, {'path': 'images/bonés/bone-15263/img_04.jpg', 'url': '', 'origin': 'sheet', 'position': 4}, {'path': 'images/bonés/bone-15263/img_05.jpg', 'url': '', 'origin': 'sheet', 'position': 5}, {'path': 'images/bonés/bone-15263/img_06.jpg', 'url': '', 'origin': 'sheet', 'position': 6}, {'path': 'images/bonés/bone-15263/img_07.jpg', 'url': '', 'origin': 'sheet', 'position': 7}, {'path': 'images/bonés/bone-15263/img_08.jpg', 'url': '', 'origin': 'sheet', 'position': 8}, {'path': 'images/bonés/bone-15263/img_09.jpg', 'url': '', 'origin': 'sheet', 'position': 9}, {'path': 'images/bonés/bone-15263/img_10.jpg', 'url': '', 'origin': 'sheet', 'position': 10}, {'path': 'images/bonés/bone-15263/img_11.jpg', 'url': '', 'origin': 'sheet', 'position': 11}, {'path': 'images/bonés/bone-15263/img_12.jpg', 'url': '', 'origin': 'sheet', 'position': 12}, {'path': 'images/bonés/bone-15263/img_13.jpg', 'url': '', 'origin': 'sheet', 'position': 13}, {'path': 'images/bonés/bone-15263/img_14.jpg', 'url': '', 'origin': 'sheet', 'position': 14}, {'path': 'images/bonés/bone-15263/img_15.jpg', 'url': '', 'origin': 'sheet', 'position': 15}, {'path': 'images/bonés/bone-15263/img_16.jpg', 'url': '', 'origin': 'sheet', 'position': 16}, {'path': 'images/bonés/bone-15263/img_17.jpg', 'url': '', 'origin': 'sheet', 'position': 17}, {'path': 'images/bonés/bone-15263/img_18.jpg', 'url': '', 'origin': 'sheet', 'position': 18}, {'path': 'images/bonés/bone-15263/img_19.jpg', 'url': '', 'origin': 'sheet', 'position': 19}, {'path': 'images/bonés/bone-15263/img_20.jpg', 'url': '', 'origin': 'sheet', 'position': 20}, {'path': 'images/bonés/bone-15263/img_21.jpg', 'url': '', 'origin': 'sheet', 'position': 21}]",[],"[{'url': 'https://hologrammeparis.com/fr/product/casquette-15263/', 'name': 'Casquette - 15263 - Hologramme Paris', 'description': 'Découvrez notre Casquette - 15263 au prix de grossiste pour votre boutique sur Hologramme Paris.', 'price': None, 'currency': None, 'images': [{'url': 'https://hologrammeparis.com/wp-content/uploads/2025/02/15263R-1.jpg', 'alt': None, 'origin': 'og:image', 'position': 1}, {'url': 'https://hologrammeparis.com/wp-content/uploads/2025/02/15263R-3.jpg', 'alt': 'Casquette - 15263 – Image 2', 'origin': 'gallery', 'position': 5, 'width_hint': 800, 'height_hint': 1200}, {'url': 'https://hologrammeparis.com/wp-content/uploads/2025/02/15263R-2.jpg', 'alt': 'Casquette - 15263 – Image 3', 'origin': 'gallery', 'position': 6, 'width_hint': 800, 'height_hint': 1200}, {'url': 'https://hologrammeparis.com/wp-content/uploads/2025/02/15263R-4.jpg', 'alt': 'Casquette - 15263 – Image 4', 'origin': 'gallery', 'position': 7, 'width_hint': 800, 'height_hint': 1200}, {'url': 'https://hologrammeparis.com/wp-content/uploads/2025/02/15263J.jpg', 'alt': 'Casquette - 15263 – Image 5', 'origin': 'gallery', 'position': 8, 'width_hint': 800, 'height_hint': 1200}, {'url': 'https://hologrammeparis.com/wp-content/uploads/2025/02/15263OR.jpg', 'alt': 'Casquette - 15263 – Image 6', 'origin': 'gallery', 'position': 9, 'width_hint': 800, 'height_hint': 1200}, {'url': 'https://hologrammeparis.com/wp-content/uploads/2025/02/15263MI.jpg', 'alt': 'Casquette - 15263 – Image 7', 'origin': 'gallery', 'position': 10, 'width_hint': 800, 'height_hint': 1200}, {'url': 'https://hologrammeparis.com/wp-content/uploads/2025/02/15263CL.jpg', 'alt': 'Casquette - 15263 – Image 8', 'origin': 'gallery', 'position': 11, 'width_hint': 800, 'height_hint': 1200}, {'url': 'https://hologrammeparis.com/wp-content/uploads/2025/02/15263M.jpg', 'alt': 'Casquette - 15263 – Image 9', 'origin': 'gallery', 'position': 12, 'width_hint': 800, 'height_hint': 1200}, {'url': 'https://hologrammeparis.com/wp-content/uploads/2025/02/15263BG.jpg', 'alt': 'Casquette - 15263 – Image 10', 'origin': 'gallery', 'position': 13, 'width_hint': 800, 'height_hint': 1200}, {'url': 'https://hologrammeparis.com/wp-content/uploads/2025/02/15263BGF.jpg', 'alt': 'Casquette - 15263 – Image 11', 'origin': 'gallery', 'position': 14, 'width_hint': 800, 'height_hint': 1200}, {'url': 'https://hologrammeparis.com/wp-content/uploads/2025/02/15263KC.jpg', 'alt': 'Casquette - 15263 – Image 12', 'origin': 'gallery', 'position': 15, 'width_hint': 800, 'height_hint': 1200}, {'url': 'https://hologrammeparis.com/wp-content/uploads/2025/02/15263BGC.jpg', 'alt': 'Casquette - 15263 – Image 13', 'origin': 'gallery', 'position': 16, 'width_hint': 800, 'height_hint': 1200}, {'url': 'https://hologrammeparis.com/wp-content/uploads/2025/02/15263B.jpg', 'alt': 'Casquette - 15263 – Image 14', 'origin': 'gallery', 'position': 17, 'width_hint': 800, 'height_hint': 1200}, {'url': 'https://hologrammeparis.com/wp-content/uploads/2025/02/15263V.jpg', 'alt': 'Casquette - 15263 – Image 15', 'origin': 'gallery', 'position': 18, 'width_hint': 800, 'height_hint': 1200}, {'url': 'https://hologrammeparis.com/wp-content/uploads/2025/02/15263KF.jpg', 'alt': 'Casquette - 15263 – Image 16', 'origin': 'gallery', 'position': 19, 'width_hint': 800, 'height_hint': 1200}, {'url': 'https://hologrammeparis.com/wp-content/uploads/2025/02/15263BR.jpg', 'alt': 'Casquette - 15263 – Image 17', 'origin': 'gallery', 'position': 20, 'width_hint': 800, 'height_hint': 1200}, {'url': 'https://hologrammeparis.com/wp-content/uploads/2025/02/15263K.jpg', 'alt': 'Casquette - 15263 – Image 18', 'origin': 'gallery', 'position': 21, 'width_hint': 800, 'height_hint': 1200}, {'url': 'https://hologrammeparis.com/wp-content/uploads/2025/02/15263MC.jpg', 'alt': 'Casquette - 15263 – Image 19', 'origin': 'gallery', 'position': 22, 'width_hint': 800, 'height_hint': 1200}, {'url': 'https://hologrammeparis.com/wp-content/uploads/2025/02/15263N.jpg', 'alt': 'Casquette - 15263 – Image 20', 'origin': 'gallery', 'position': 23, 'width_hint': 800, 'height_hint': 1200}, {'url': 'https://hologrammeparis.com/wp-content/uploads/2025/02/15263GF.jpg', 'alt': 'Casquette - 15263 – Image 21', 'origin': 'gallery', 'position': 24, 'width_hint': 800, 'height_hint': 1200}], 'raw_jsonld': None}]",bone-15263,,Découvrez notre Casquette - 15263 au prix de grossiste pour votre boutique sur Hologramme Paris.
COWBOY,4,,CHAPÉU COWBOY,,,[],2.0,chapeu-cowboy,['CHAPÉU COWBOY'],"{'COR': 'Sortido', 'TAMANHO': 'UNICO'}",,[],[],[],chapeu-cowboy,,
COWBOY,4,,CHAPÉU COWBOY,,,[],2.0,chapeu-cowboy,['CHAPÉU COWBOY'],"{'COR': 'Sortido', 'TAMANHO': 'UNICO'}",,[],[],[],chapeu-cowboy,,
COWBOY,16,HOLOGRAMME,VISEIRA  FEMININA,"COR        
Bege, Castanho, Verde, Azul, Bordo, Marinho

TAMANHO                
55 , 56 , 57 , 58 , 59 , 60 , 61

VENDIDO POR        
Pacote 24

COMPOSIÇÃO                
69% Poliéster – 31% Algodão / Forro 100% Algodão",https://hologrammeparis.com/product/casquette-18474ol/,['https://hologrammeparis.com/product/casquette-e18107gr/'],8.0,HOLOGRAMME,['VISEIRA  FEMININA'],"{'COR': 'Pink, verde, preto, azul, bege, camel', 'TAMANHO': '55 , 56 , 57 , 58 , 59 , 60 , 61', 'COMPOSIÇÃO': '69% Poliéster – 31% Algodão / Forro 100% Algodão', 'VENDIDO POR': 'Pacote 24'}",https://hologrammeparis.com/product/casquette-18474ol/,"[{'path': 'images/cowboy/hologramme/img_01.jpg', 'url': '', 'origin': 'sheet', 'position': 1}, {'path': 'images/cowboy/hologramme/img_02.jpg', 'url': '', 'origin': 'sheet', 'position': 2}, {'path': 'images/cowboy/hologramme/img_03.jpg', 'url': '', 'origin': 'sheet', 'position': 3}, {'path': 'images/cowboy/hologramme/img_04.jpg', 'url': '', 'origin': 'sheet', 'position': 4}]",[],"[{'url': 'https://hologrammeparis.com/product/casquette-18474ol/', 'name': 'Casquette - 18474OL = 18519OL - Hologramme Paris', 'description': 'Découvrez notre Casquette - 18474OL = 18519OL au prix de grossiste pour votre boutique sur Hologramme Paris.', 'price': None, 'currency': None, 'images': [{'url': 'https://hologrammeparis.com/wp-content/uploads/2024/02/18474OL-1.jpg', 'alt': None, 'origin': 'og:image', 'position': 1}, {'url': 'https://hologrammeparis.com/wp-content/uploads/2024/02/18474OL-2.jpg', 'alt': 'Casquette - 18474OL = 18519OL – Image 2', 'origin': 'gallery', 'position': 5, 'width_hint': 800, 'height_hint': 1200}, {'url': 'https://hologrammeparis.com/wp-content/uploads/2024/02/18474OL-3.jpg', 'alt': 'Casquette - 18474OL = 18519OL – Image 3', 'origin': 'gallery', 'position': 6, 'width_hint': 800, 'height_hint': 1200}, {'url': 'https://hologrammeparis.com/wp-content/uploads/2024/02/18474OL-4.jpg', 'alt': 'Casquette - 18474OL = 18519OL – Image 4', 'origin': 'gallery', 'position': 7, 'width_hint': 800, 'height_hint': 1200}], 'raw_jsonld': None}]",hologramme,,Découvrez notre Casquette - Pierre Cardin Noir au prix de grossiste pour votre boutique sur Hologramme Paris.
