ID,Type,SKU,Name,Published,Is featured?,Visibility in catalog,Short description,Description,Date sale price starts,Date sale price ends,Tax status,Tax class,In stock?,Stock,Low stock amount,Backorders allowed?,Sold individually?,Weight (kg),Length (cm),Width (cm),Height (cm),Allow customer reviews?,Purchase note,Sale price,Regular price,Categories,Tags,Shipping class,Images,Download limit,Download expiry days,Parent,Grouped products,Upsells,Cross-sells,External URL,Button text,Position,Attribute 1 name,Attribute 1 value(s),Attribute 1 visible,Attribute 1 global,Attribute 2 name,Attribute 2 value(s),Attribute 2 visible,Attribute 2 global,Attribute 3 name,Attribute 3 value(s),Attribute 3 visible,Attribute 3 global,Attribute 4 name,Attribute 4 value(s),Attribute 4 visible,Attribute 4 global
,simple,Boné – 22182,BOINA BICO DE PATO AJUSTÁVEL,1,0,visible,Tamanho ajustável,"<p>Tamanho ajustável</p><p>Paquet de 12 pcs assorties: 4*Noir, 3*Marron, 2*Beige, 1*Kaki, 1*Gris, 1*Camel</p><ul><li><strong>Cor</strong>: Sortido</li><li><strong>Tamanho</strong>: Tamanho único ajustável</li><li><strong>Vendido Por</strong>: Pacote 12</li><li><strong>Composição</strong>: 100% Poliéster</li></ul>",,,taxable,,1,10,2,0,0,0.2,,,,1,,,27.5,Chapéus > Boinas > Inverno,"Inverno, Tamanho ajustável",,"catalogo2025/boinas%20inverno/bone-22182/img_01.jpg, catalogo2025/boinas%20inverno/bone-22182/img_02.jpg, catalogo2025/boinas%20inverno/bone-22182/img_03.jpg, catalogo2025/boinas%20inverno/bone-22182/img_04.jpg, catalogo2025/boinas%20inverno/bone-22182/img_05.jpg, catalogo2025/boinas%20inverno/bone-22182/img_06.jpg, catalogo2025/boinas%20inverno/bone-22182/img_07.jpg, catalogo2025/boinas%20inverno/bone-22182/img_08.jpg, catalogo2025/boinas%20inverno/bone-22182/img_09.jpg",,,,,,,https://hologrammeparis.com/product/casquette-22224/,,0,Cor,Sortido,1,1,Tamanho,Tamanho único ajustável,1,1,Composição,100% Poliéster,1,1,Pack,Pacote 12,1,1
,simple,Boné – 25025,BOINA OITAVA INVERNO,1,0,visible,"Boina oitavada em poliéster e rayon, cores sortidas","<p>Boina oitavada em poliéster e rayon, cores sortidas</p><p>Paquet de 12 pcs assorties: 4*Noir, 2*Bordeaux, 2*Gris Clair, 1*Gris Fonce, 1*Marine, 1*Marron, 1*Kaki</p><ul><li><strong>Cor</strong>: Sortido</li><li><strong>Tamanho</strong>: 57 , 59</li><li><strong>Vendido Por</strong>: Pacote 12</li><li><strong>Composição</strong>: 67,3% Poliéster – 32,7% Rayon</li></ul>",,,taxable,,1,10,2,0,0,0.2,,,,1,,,29.9,Chapéus > Boinas > Inverno,"Inverno, boina oitavada",,"catalogo2025/boinas%20inverno/bone-25025/img_01.jpg, catalogo2025/boinas%20inverno/bone-25025/img_02.jpg, catalogo2025/boinas%20inverno/bone-25025/img_03.jpg, catalogo2025/boinas%20inverno/bone-25025/img_04.jpg, catalogo2025/boinas%20inverno/bone-25025/img_05.jpg, catalogo2025/boinas%20inverno/bone-25025/img_06.jpg, catalogo2025/boinas%20inverno/bone-25025/img_07.jpg, catalogo2025/boinas%20inverno/bone-25025/img_08.jpg, catalogo2025/boinas%20inverno/bone-25025/img_09.jpg",,,,,,,https://hologrammeparis.com/product/casquette-25025/,,0,Cor,Sortido,1,1,Tamanho,57 | 59,1,1,Composição,"67,3% Poliéster – 32,7% Rayon",1,1,Pack,Pacote 12,1,1
,simple,Boné – 22195,BOINA OITAVA XADREZ,1,0,visible,"Boina oitavada xadrez com mistura de lã, cores sortidas","<p>Boina oitavada xadrez com mistura de lã, cores sortidas</p><p>Paquet de 12 pcs assorties: 4*Blanc, 3*Rouille, 3*Taupe, 2*Moutarde</p><ul><li><strong>Cor</strong>: Sortido</li><li><strong>Tamanho</strong>: 57 , 59</li><li><strong>Vendido Por</strong>: Pacote 12</li><li><strong>Composição</strong>: 70% Poliéster – 15% Algodão – 15% Lã</li></ul>",,,taxable,,1,10,2,0,0,0.2,,,,1,,,29.9,Chapéus > Boinas > Inverno,"boina oitavada, Inverno, Mistura de lã",,"catalogo2025/boinas%20inverno/bone-22195/img_01.jpg, catalogo2025/boinas%20inverno/bone-22195/img_02.jpg, catalogo2025/boinas%20inverno/bone-22195/img_03.jpg, catalogo2025/boinas%20inverno/bone-22195/img_04.jpg, catalogo2025/boinas%20inverno/bone-22195/img_05.jpg, catalogo2025/boinas%20inverno/bone-22195/img_06.jpg, catalogo2025/boinas%20inverno/bone-22195/img_07.jpg",,,,,,,https://hologrammeparis.com/product/casquette-22195/,,0,Cor,Sortido,1,1,Tamanho,57 | 59,1,1,Composição,70% Poliéster – 15% Algodão – 15% Lã,1,1,Pack,Pacote 12,1,1
,simple,Boné – 25023,BOINA OITAVADA HARRINGBONE,1,0,visible,"Boina oitavada harringbone com mistura de lã, cores sortidas","<p>Boina oitavada harringbone com mistura de lã, cores sortidas</p><p>Paquet de 12 pcs assorties: 5*Noir, 3*Beige, 3*Gris, 1*Marron</p><ul><li><strong>Cor</strong>: Sortido</li><li><strong>Tamanho</strong>: 57 , 59</li><li><strong>Vendido Por</strong>: Pacote 12</li><li><strong>Composição</strong>: 51,5% Poliéster – 25,4% Acrílico – 6,2% Rayon – 13,5% Algodão – 3,4% Lã</li></ul>",,,taxable,,1,10,2,0,0,0.2,,,,1,,,29.9,Chapéus > Boinas > Inverno,"boina oitavada, Inverno, Mistura de lã",,"catalogo2025/boinas%20inverno/bone-25023/img_01.jpg, catalogo2025/boinas%20inverno/bone-25023/img_02.jpg, catalogo2025/boinas%20inverno/bone-25023/img_03.jpg, catalogo2025/boinas%20inverno/bone-25023/img_04.jpg, catalogo2025/boinas%20inverno/bone-25023/img_05.jpg, catalogo2025/boinas%20inverno/bone-25023/img_06.jpg, catalogo2025/boinas%20inverno/bone-25023/img_07.jpg",,,,,,,https://hologrammeparis.com/product/casquette-25023/,,0,Cor,Sortido,1,1,Tamanho,57 | 59,1,1,Composição,"51,5% Poliéster – 25,4% Acrílico – 6,2% Rayon – 13,5% Algodão – 3,4% Lã",1,1,Pack,Pacote 12,1,1
,simple,Boné – 18456G,BOINA PIEMONTE HARRINGBONE,1,0,visible,Lã Pura,"<p>Lã Pura</p><p>Découvrez notre Casquette - 18456MI au prix de grossiste pour votre boutique sur Hologramme Paris.</p><ul><li><strong>Cor</strong>: Marinho, Cinza, Castanho, Verde</li><li><strong>Tamanho</strong>: 55 , 56 , 57 , 58 , 59 , 60 , 61</li><li><strong>Vendido Por</strong>: Unitário</li><li><strong>Composição</strong>: 100% Lã</li></ul>",,,taxable,,1,10,2,0,0,0.2,,,,1,,,45.0,Chapéus > Boinas > Inverno,"Fabricado na Itália, Inverno, Lã Pura",,"catalogo2025/boinas%20inverno/bone-18456g/img_01.jpg, catalogo2025/boinas%20inverno/bone-18456g/img_02.jpg, catalogo2025/boinas%20inverno/bone-18456g/img_03.jpg, catalogo2025/boinas%20inverno/bone-18456g/img_04.jpg, catalogo2025/boinas%20inverno/bone-18456g/img_05.jpg, catalogo2025/boinas%20inverno/bone-18456g/img_06.jpg, catalogo2025/boinas%20inverno/bone-18456g/img_07.jpg, catalogo2025/boinas%20inverno/bone-18456g/img_08.jpg, catalogo2025/boinas%20inverno/bone-18456g/img_09.jpg, catalogo2025/boinas%20inverno/bone-18456g/img_10.jpg, catalogo2025/boinas%20inverno/bone-18456g/img_11.jpg, catalogo2025/boinas%20inverno/bone-18456g/img_12.jpg, catalogo2025/boinas%20inverno/bone-18456g/img_13.jpg, catalogo2025/boinas%20inverno/bone-18456g/img_14.jpg, catalogo2025/boinas%20inverno/bone-18456g/img_15.jpg, catalogo2025/boinas%20inverno/bone-18456g/img_16.jpg",,,,,,,https://hologrammeparis.com/product/casquette-18456mi/,,0,Cor,Marinho | Cinza | Castanho | Verde,1,1,Tamanho,55 | 56 | 57 | 58 | 59 | 60 | 61,1,1,Composição,100% Lã,1,1,Pack,Unitário,1,1
,simple,Boné – 18439OL,BOINA PURE WOOL QUADRADOS,1,0,visible,Lã Pura,"<p>Lã Pura</p><p>Découvrez notre Casquette - 18439OL au prix de grossiste pour votre boutique sur Hologramme Paris.</p><ul><li><strong>Cor</strong>: Oliva</li><li><strong>Tamanho</strong>: 55 , 56 , 57 , 58 , 59 , 60 , 61</li><li><strong>Vendido Por</strong>: Unitário</li><li><strong>Composição</strong>: 100% Lã</li></ul>",,,taxable,,1,10,2,0,0,0.2,,,,1,,,45.0,Chapéus > Boinas > Inverno,"Fabricado na Itália, Inverno, Lã Pura",,"catalogo2025/boinas%20inverno/bone-18439ol/img_01.jpg, catalogo2025/boinas%20inverno/bone-18439ol/img_02.jpg, catalogo2025/boinas%20inverno/bone-18439ol/img_03.jpg, catalogo2025/boinas%20inverno/bone-18439ol/img_04.jpg",,,,,,,https://hologrammeparis.com/product/casquette-18439ol/,,0,Cor,Oliva,1,1,Tamanho,55 | 56 | 57 | 58 | 59 | 60 | 61,1,1,Composição,100% Lã,1,1,Pack,Unitário,1,1
,simple,"Boné – 18438MC
18502MI",BOINA OITAVA HARRIS TWEED,1,0,visible,Harris Tweed 100% lã virgem,"<p>Harris Tweed 100% lã virgem</p><p>Harris Tweed 100% Laine vierge</p><ul><li><strong>Cor</strong>: Multicolorido</li><li><strong>Tamanho</strong>: 55 , 56 , 57 , 58 , 59 , 60 , 61</li><li><strong>Vendido Por</strong>: Unitário</li><li><strong>Composição</strong>: 100% Lã</li></ul>",,,taxable,,1,10,2,0,0,0.2,,,,1,,,85.0,Chapéus > Boinas > Inverno,"Fabricado na Itália, Harris Tweed, Inverno, Lã Pura",,"catalogo2025/boinas%20inverno/bone-18438mc-18502mi/img_01.jpg, catalogo2025/boinas%20inverno/bone-18438mc-18502mi/img_02.jpg, catalogo2025/boinas%20inverno/bone-18438mc-18502mi/img_03.jpg, catalogo2025/boinas%20inverno/bone-18438mc-18502mi/img_04.jpg",,,,,,,https://hologrammeparis.com/product/casquette-18438mc/,,0,Cor,Multicolorido,1,1,Tamanho,55 | 56 | 57 | 58 | 59 | 60 | 61,1,1,Composição,100% Lã,1,1,Pack,Unitário,1,1
,simple,"Boné – 18106MI
Boné – 18106K
Boné – 18106G
18106MA",BOINA PIEMONTE BOMBAZINE,1,0,visible,"Boina Piemonte em 100% algodão bombazine, fabricada na Itália","<p>Boina Piemonte em 100% algodão bombazine, fabricada na Itália</p><p>Découvrez notre Casquette - 18106MI au prix de grossiste pour votre boutique sur Hologramme Paris.</p><ul><li><strong>Cor</strong>: Azul , Bege, Castanho, Cinza, Preto, Verde</li><li><strong>Tamanho</strong>: 55 , 56 , 57 , 58 , 59 , 60 , 61</li><li><strong>Vendido Por</strong>: Unitário</li><li><strong>Composição</strong>: 100% algodão (BOMBAZINE)</li></ul>",,,taxable,,1,10,2,0,0,0.2,,,,1,,,27.5,Chapéus > Boinas > Inverno,"Rótulo: Fabricado na Itália, bombazine",,catalogo2025/boinas%20inverno/bone-18106mi-bone-18106k-bone-18106g-18106ma/img_01.jpg,,,,,,,https://hologrammeparis.com/product/casquette-18106e/,,0,Cor,Azul | Bege | Castanho | Cinza | Preto | Verde,1,1,Tamanho,55 | 56 | 57 | 58 | 59 | 60 | 61,1,1,Composição,100% algodão (BOMBAZINE),1,1,Pack,Unitário,1,1
,simple,Boné – 18153K,BOINA MISTURA DE LÃ QUADRADOS,1,0,visible,"Boina com mistura de lã e padrão quadrados, fabricada na Itália","<p>Boina com mistura de lã e padrão quadrados, fabricada na Itália</p><p>Découvrez notre Casquette - 18153K au prix de grossiste pour votre boutique sur Hologramme Paris.</p><ul><li><strong>Cor</strong>: Cáqui</li><li><strong>Tamanho</strong>: 55 , 56 , 57 , 58 , 59 , 60 , 61</li><li><strong>Vendido Por</strong>: Unitário</li><li><strong>Composição</strong>: 16% Poliéster – 25% Acrílico – 59% Lã</li></ul>",,,taxable,,1,10,2,0,0,0.2,,,,1,,,35.0,Chapéus > Boinas > Inverno,Rótulo: Fabricado na Itália,,"catalogo2025/boinas%20inverno/bone-18153k/img_01.jpg, catalogo2025/boinas%20inverno/bone-18153k/img_02.jpg, catalogo2025/boinas%20inverno/bone-18153k/img_03.jpg, catalogo2025/boinas%20inverno/bone-18153k/img_04.jpg",,,,,,,https://hologrammeparis.com/product/casquette-18153k/,,0,Cor,Cáqui,1,1,Tamanho,55 | 56 | 57 | 58 | 59 | 60 | 61,1,1,Composição,16% Poliéster – 25% Acrílico – 59% Lã,1,1,Pack,Unitário,1,1
,simple,"Boné – 18445MI
Boné – 18445K
Boné – 18445N
Boné – 18445GR
Boné – 18445CA",BOINA PIEMONTE CASHMERE,1,0,visible,WOOL &amp; CASHEMERE,"<p>WOOL &amp; CASHEMERE</p><p>Découvrez notre Casquette - 18445MI au prix de grossiste pour votre boutique sur Hologramme Paris.</p><ul><li><strong>Cor</strong>: Marinho, Cáqui, Preto, Cinza, Camel</li><li><strong>Tamanho</strong>: 55 , 56 , 57 , 58 , 59 , 60 , 61</li><li><strong>Vendido Por</strong>: Unitário</li><li><strong>Composição</strong>: 70% Lã – 20% Poliamida – 10% Caxemira</li></ul>",,,taxable,,1,10,2,0,0,0.2,,,,1,,,29.9,Chapéus > Boinas > Inverno,"Fabricado na Itália, Inverno, cashmere",,"catalogo2025/boinas%20inverno/bone-18445mi-bone-18445k-bone-18445n-bone-18445gr-bone-18445ca/img_01.jpg, catalogo2025/boinas%20inverno/bone-18445mi-bone-18445k-bone-18445n-bone-18445gr-bone-18445ca/img_02.jpg, catalogo2025/boinas%20inverno/bone-18445mi-bone-18445k-bone-18445n-bone-18445gr-bone-18445ca/img_03.jpg, catalogo2025/boinas%20inverno/bone-18445mi-bone-18445k-bone-18445n-bone-18445gr-bone-18445ca/img_04.jpg, catalogo2025/boinas%20inverno/bone-18445mi-bone-18445k-bone-18445n-bone-18445gr-bone-18445ca/img_05.jpg, catalogo2025/boinas%20inverno/bone-18445mi-bone-18445k-bone-18445n-bone-18445gr-bone-18445ca/img_06.jpg, catalogo2025/boinas%20inverno/bone-18445mi-bone-18445k-bone-18445n-bone-18445gr-bone-18445ca/img_07.jpg, catalogo2025/boinas%20inverno/bone-18445mi-bone-18445k-bone-18445n-bone-18445gr-bone-18445ca/img_08.jpg, catalogo2025/boinas%20inverno/bone-18445mi-bone-18445k-bone-18445n-bone-18445gr-bone-18445ca/img_09.jpg, catalogo2025/boinas%20inverno/bone-18445mi-bone-18445k-bone-18445n-bone-18445gr-bone-18445ca/img_10.jpg, catalogo2025/boinas%20inverno/bone-18445mi-bone-18445k-bone-18445n-bone-18445gr-bone-18445ca/img_11.jpg, catalogo2025/boinas%20inverno/bone-18445mi-bone-18445k-bone-18445n-bone-18445gr-bone-18445ca/img_12.jpg, catalogo2025/boinas%20inverno/bone-18445mi-bone-18445k-bone-18445n-bone-18445gr-bone-18445ca/img_13.jpg, catalogo2025/boinas%20inverno/bone-18445mi-bone-18445k-bone-18445n-bone-18445gr-bone-18445ca/img_14.jpg, catalogo2025/boinas%20inverno/bone-18445mi-bone-18445k-bone-18445n-bone-18445gr-bone-18445ca/img_15.jpg, catalogo2025/boinas%20inverno/bone-18445mi-bone-18445k-bone-18445n-bone-18445gr-bone-18445ca/img_16.jpg, catalogo2025/boinas%20inverno/bone-18445mi-bone-18445k-bone-18445n-bone-18445gr-bone-18445ca/img_17.jpg, catalogo2025/boinas%20inverno/bone-18445mi-bone-18445k-bone-18445n-bone-18445gr-bone-18445ca/img_18.jpg, catalogo2025/boinas%20inverno/bone-18445mi-bone-18445k-bone-18445n-bone-18445gr-bone-18445ca/img_19.jpg, catalogo2025/boinas%20inverno/bone-18445mi-bone-18445k-bone-18445n-bone-18445gr-bone-18445ca/img_20.jpg",,,,,,,https://hologrammeparis.com/product/casquette-18445mi/,,0,Cor,Marinho | Cáqui | Preto | Cinza | Camel,1,1,Tamanho,55 | 56 | 57 | 58 | 59 | 60 | 61,1,1,Composição,70% Lã – 20% Poliamida – 10% Caxemira,1,1,Pack,Unitário,1,1
,simple,Boné – 18440OL,BOINA OITAVADA PURE WOOL XADREZ,1,0,visible,"Boina oitavada em 100% lã pura com padrão xadrez, fabricada na Itália","<p>Boina oitavada em 100% lã pura com padrão xadrez, fabricada na Itália</p><p>Découvrez notre Casquette - 18440OL au prix de grossiste pour votre boutique sur Hologramme Paris.</p><ul><li><strong>Cor</strong>: Oliva</li><li><strong>Tamanho</strong>: 55 , 56 , 57 , 58 , 59 , 60 , 61</li><li><strong>Vendido Por</strong>: Unitário</li><li><strong>Composição</strong>: 100% Lã</li></ul>",,,taxable,,1,10,2,0,0,0.2,,,,1,,,45.0,Chapéus > Boinas > Inverno,"Fabricado na Itália, Inverno, Lã Pura",,"catalogo2025/boinas%20inverno/bone-18440ol/img_01.jpg, catalogo2025/boinas%20inverno/bone-18440ol/img_02.jpg, catalogo2025/boinas%20inverno/bone-18440ol/img_03.jpg, catalogo2025/boinas%20inverno/bone-18440ol/img_04.jpg",,,,,,,https://hologrammeparis.com/product/casquette-18440ol/,,0,Cor,Oliva,1,1,Tamanho,55 | 56 | 57 | 58 | 59 | 60 | 61,1,1,Composição,100% Lã,1,1,Pack,Unitário,1,1
,simple,"Gorro – Miki 22100

gorro de lã estilo bretão “Miki Docker” com aba de aperto traseira",CHAPÉUS MIKI / MARINHEIRO,1,0,visible,Gorro estilo bretão Miki Docker em lã com pata de aperto traseira,"<p>Gorro estilo bretão Miki Docker em lã com pata de aperto traseira</p><p>Notre version Hologramme Paris du « Miki Docker » Bonnet style breton en laine avec patte de serrage arrière Sobre et sans logo apparent</p><ul><li><strong>Cor</strong>: Azul celeste , camelo claro , camelo escuro , cinza escuro , cáqui , marinho , marrom , mostarda , preto , vermelho , verde</li><li><strong>Vendido Por</strong>: Unitário</li><li><strong>Composição</strong>: 49% Viscose – 51% Lã</li></ul>",,,taxable,,1,10,2,0,0,0.2,,,,1,,,24.9,Chapéus > Boinas > Inverno,CHAPÉUS MIKI / MARINHEIRO,,catalogo2025/boinas%20inverno/gorro-miki-22100-gorro-de-la-estilo-bretao-miki-docker-com-aba-de-aperto-traseira/img_01.jpg,,,,,,,https://hologrammeparis.com/product/bonnet-22100/,,0,Cor,Azul celeste | camelo claro | camelo escuro | cinza escuro | cáqui | marinho | marrom | mostarda | preto | vermelho | verde,1,1,,,0,0,Composição,49% Viscose – 51% Lã,1,1,Pack,Unitário,1,1
,simple,"Gorro – 344974

gorro de lã estilo bretão “Miki Docker” com aba de aperto traseira",CHAPÉUS MIKI / MARINHEIRO,1,0,visible,"Gorro estilo bretão em lã merino, fabricado em Portugal","<p>Gorro estilo bretão em lã merino, fabricado em Portugal</p><p>Découvrez notre Bonnet - 4974 Laine au prix de grossiste pour votre boutique sur Hologramme Paris.</p><ul><li><strong>Cor</strong>: Borgonha , Camelo Claro , Camelo Escuro , Cinza Claro , Cinza Escuro , Cáqui , Marinho , Marrom , Marrom Escuro , Mostarda , Preto , Vermelho , Roxo</li><li><strong>Vendido Por</strong>: Unitário</li><li><strong>Composição</strong>: 20% Poliamida – 80% Lã Merino</li></ul>",,,taxable,,1,10,2,0,0,0.2,,,,1,,,24.9,Chapéus > Boinas > Inverno,Etiqueta: Fabricado em Portugal,,catalogo2025/boinas%20inverno/gorro-344974-gorro-de-la-estilo-bretao-miki-docker-com-aba-de-aperto-traseira/img_01.jpg,,,,,,,https://hologrammeparis.com/product/bonnet-344974/?attribute_pa_couleur=gris-fonce,,0,Cor,Borgonha | Camelo Claro | Camelo Escuro | Cinza Claro | Cinza Escuro | Cáqui | Marinho | Marrom | Marrom Escuro | Mostarda | Preto | Vermelho | Roxo,1,1,,,0,0,Composição,20% Poliamida – 80% Lã Merino,1,1,Pack,Unitário,1,1
,simple,"Boné – 18508MI
18452",BOINA SEXTAVADA PURE WOOL,1,0,visible,"Boina sextavada em 100% lã pura, fabricada na Itália","<p>Boina sextavada em 100% lã pura, fabricada na Itália</p><p>Découvrez notre Casquette - 18508MI au prix de grossiste pour votre boutique sur Hologramme Paris.</p><ul><li><strong>Cor</strong>: Marinha, Caqui, Marrom</li><li><strong>Tamanho</strong>: 55 , 56 , 57 , 58 , 59 , 60 , 61</li><li><strong>Vendido Por</strong>: Unitário</li><li><strong>Composição</strong>: 100% Lã</li></ul>",,,taxable,,1,10,2,0,0,0.2,,,,1,,,55.0,Chapéus > Boinas > Inverno,"Fabricado na Itália, Inverno, Lã Pura",,"catalogo2025/boinas%20inverno/bone-18508mi-18452/img_01.jpg, catalogo2025/boinas%20inverno/bone-18508mi-18452/img_02.jpg, catalogo2025/boinas%20inverno/bone-18508mi-18452/img_03.jpg, catalogo2025/boinas%20inverno/bone-18508mi-18452/img_04.jpg, catalogo2025/boinas%20inverno/bone-18508mi-18452/img_05.jpg, catalogo2025/boinas%20inverno/bone-18508mi-18452/img_06.jpg, catalogo2025/boinas%20inverno/bone-18508mi-18452/img_07.jpg, catalogo2025/boinas%20inverno/bone-18508mi-18452/img_08.jpg, catalogo2025/boinas%20inverno/bone-18508mi-18452/img_09.jpg, catalogo2025/boinas%20inverno/bone-18508mi-18452/img_10.jpg, catalogo2025/boinas%20inverno/bone-18508mi-18452/img_11.jpg, catalogo2025/boinas%20inverno/bone-18508mi-18452/img_12.jpg, catalogo2025/boinas%20inverno/bone-18508mi-18452/img_13.jpg, catalogo2025/boinas%20inverno/bone-18508mi-18452/img_14.jpg, catalogo2025/boinas%20inverno/bone-18508mi-18452/img_15.jpg, catalogo2025/boinas%20inverno/bone-18508mi-18452/img_16.jpg",,,,,,,https://hologrammeparis.com/product/casquette-18508mi/,,0,Cor,Marinha | Caqui | Marrom,1,1,Tamanho,55 | 56 | 57 | 58 | 59 | 60 | 61,1,1,Composição,100% Lã,1,1,Pack,Unitário,1,1
,simple,Boné – 18500MI,BOINA HARRIS TWEED QUADRADOS,1,0,visible,Harris Tweed 100% lã virgem,"<p>Harris Tweed 100% lã virgem</p><p>Harris Tweed 100% Laine vierge</p><ul><li><strong>Cor</strong>: Marinho</li><li><strong>Tamanho</strong>: 55 , 56 , 57 , 58 , 59 , 60 , 61</li><li><strong>Vendido Por</strong>: Unitário</li><li><strong>Composição</strong>: 100% Lã</li></ul>",,,taxable,,1,10,2,0,0,0.2,,,,1,,,85.0,Chapéus > Boinas > Inverno,"Fabricado na Itália, Harris Tweed, Inverno, Lã Pura",,"catalogo2025/boinas%20inverno/bone-18500mi/img_01.jpg, catalogo2025/boinas%20inverno/bone-18500mi/img_02.jpg, catalogo2025/boinas%20inverno/bone-18500mi/img_03.jpg, catalogo2025/boinas%20inverno/bone-18500mi/img_04.jpg",,,,,,,https://hologrammeparis.com/product/casquette-18500mi/,,0,Cor,Marinho,1,1,Tamanho,55 | 56 | 57 | 58 | 59 | 60 | 61,1,1,Composição,100% Lã,1,1,Pack,Unitário,1,1
,simple,Boné – 18501MI,BOINA HARRIS TWEED PATCHWORK,1,0,visible,Harris Tweed 100% lã virgem,"<p>Harris Tweed 100% lã virgem</p><p>Harris Tweed 100% Laine vierge</p><ul><li><strong>Cor</strong>: Marinho</li><li><strong>Tamanho</strong>: 55 , 56 , 57 , 58 , 59 , 60 , 61</li><li><strong>Vendido Por</strong>: Unitário</li><li><strong>Composição</strong>: 100% Lã</li></ul>",,,taxable,,1,10,2,0,0,0.2,,,,1,,,85.0,Chapéus > Boinas > Inverno,"Fabricado na Itália, Harris Tweed, Inverno, Lã Pura",,"catalogo2025/boinas%20inverno/bone-18501mi/img_01.jpg, catalogo2025/boinas%20inverno/bone-18501mi/img_02.jpg, catalogo2025/boinas%20inverno/bone-18501mi/img_03.jpg, catalogo2025/boinas%20inverno/bone-18501mi/img_04.jpg",,,,,,,https://hologrammeparis.com/product/casquette-18501mi/,,0,Cor,Marinho,1,1,Tamanho,55 | 56 | 57 | 58 | 59 | 60 | 61,1,1,Composição,100% Lã,1,1,Pack,Unitário,1,1
,simple,"Boné – 18074
Boné – 18074K
Boné – 18074GC",BOINA PIEMONTE MIX WOOL,1,0,visible,"Boina Piemonte com mistura de lã, fabricada na Itália","<p>Boina Piemonte com mistura de lã, fabricada na Itália</p><p>Découvrez notre Casquette - 18074BL au prix de grossiste pour votre boutique sur Hologramme Paris.</p><ul><li><strong>Cor</strong>: Azul, Verde, Cinza</li><li><strong>Tamanho</strong>: 55 , 56 , 57 , 58 , 59 , 60 , 61</li><li><strong>Vendido Por</strong>: Unitário</li><li><strong>Composição</strong>: 35% Lã – 25% Poliéster – 20% Acrílico – 10% Algodão – 10% Poliamida</li></ul>",,,taxable,,1,10,2,0,0,0.2,,,,1,,,29.9,Chapéus > Boinas > Inverno,"Fabricado na Itália, Inverno",,"catalogo2025/boinas%20inverno/bone-18074-bone-18074k-bone-18074gc/img_01.jpg, catalogo2025/boinas%20inverno/bone-18074-bone-18074k-bone-18074gc/img_02.jpg, catalogo2025/boinas%20inverno/bone-18074-bone-18074k-bone-18074gc/img_03.jpg, catalogo2025/boinas%20inverno/bone-18074-bone-18074k-bone-18074gc/img_04.jpg, catalogo2025/boinas%20inverno/bone-18074-bone-18074k-bone-18074gc/img_05.jpg, catalogo2025/boinas%20inverno/bone-18074-bone-18074k-bone-18074gc/img_06.jpg, catalogo2025/boinas%20inverno/bone-18074-bone-18074k-bone-18074gc/img_07.jpg, catalogo2025/boinas%20inverno/bone-18074-bone-18074k-bone-18074gc/img_08.jpg, catalogo2025/boinas%20inverno/bone-18074-bone-18074k-bone-18074gc/img_09.jpg, catalogo2025/boinas%20inverno/bone-18074-bone-18074k-bone-18074gc/img_12.jpg, catalogo2025/boinas%20inverno/bone-18074-bone-18074k-bone-18074gc/img_13.jpg, catalogo2025/boinas%20inverno/bone-18074-bone-18074k-bone-18074gc/img_14.jpg, catalogo2025/boinas%20inverno/bone-18074-bone-18074k-bone-18074gc/img_15.jpg",,,,,,,https://hologrammeparis.com/product/casquette-18074bl/,,0,Cor,Azul | Verde | Cinza,1,1,Tamanho,55 | 56 | 57 | 58 | 59 | 60 | 61,1,1,Composição,35% Lã – 25% Poliéster – 20% Acrílico – 10% Algodão – 10% Poliamida,1,1,Pack,Unitário,1,1
,simple,"Boné – 18279K
Boné – 18279MA
Boné – 18279MI
Boné – 18279BG
Boné – 18279G",BOINA SEXTAVADA COM BOMBAZINE,1,0,visible,"Boina sextavada em bombazine, fabricada na Itália","<p>Boina sextavada em bombazine, fabricada na Itália</p><p>Découvrez notre Casquette - 18279K au prix de grossiste pour votre boutique sur Hologramme Paris.</p><ul><li><strong>Cor</strong>: Azul, Preto, Bege, Marrom, Cinza, Verde</li><li><strong>Tamanho</strong>: 55 , 56 , 57 , 58 , 59 , 60 , 61</li><li><strong>Vendido Por</strong>: Unitário</li><li><strong>Composição</strong>: 61% Poliéster – 31% Viscose – 8% Elastano , Forro: Poliéster</li></ul>",,,taxable,,1,10,2,0,0,0.2,,,,1,,,45.0,Chapéus > Boinas > Inverno,"Fabricado na Itália, Inverno",,"catalogo2025/boinas%20inverno/bone-18279k-bone-18279ma-bone-18279mi-bone-18279bg-bone-18279g/img_01.jpg, catalogo2025/boinas%20inverno/bone-18279k-bone-18279ma-bone-18279mi-bone-18279bg-bone-18279g/img_02.jpg, catalogo2025/boinas%20inverno/bone-18279k-bone-18279ma-bone-18279mi-bone-18279bg-bone-18279g/img_03.jpg, catalogo2025/boinas%20inverno/bone-18279k-bone-18279ma-bone-18279mi-bone-18279bg-bone-18279g/img_04.jpg, catalogo2025/boinas%20inverno/bone-18279k-bone-18279ma-bone-18279mi-bone-18279bg-bone-18279g/img_05.jpg, catalogo2025/boinas%20inverno/bone-18279k-bone-18279ma-bone-18279mi-bone-18279bg-bone-18279g/img_06.jpg, catalogo2025/boinas%20inverno/bone-18279k-bone-18279ma-bone-18279mi-bone-18279bg-bone-18279g/img_07.jpg, catalogo2025/boinas%20inverno/bone-18279k-bone-18279ma-bone-18279mi-bone-18279bg-bone-18279g/img_08.jpg, catalogo2025/boinas%20inverno/bone-18279k-bone-18279ma-bone-18279mi-bone-18279bg-bone-18279g/img_09.jpg, catalogo2025/boinas%20inverno/bone-18279k-bone-18279ma-bone-18279mi-bone-18279bg-bone-18279g/img_10.jpg, catalogo2025/boinas%20inverno/bone-18279k-bone-18279ma-bone-18279mi-bone-18279bg-bone-18279g/img_11.jpg, catalogo2025/boinas%20inverno/bone-18279k-bone-18279ma-bone-18279mi-bone-18279bg-bone-18279g/img_12.jpg",,,,,,,https://hologrammeparis.com/product/casquette-18279k/,,0,Cor,Azul | Preto | Bege | Marrom | Cinza | Verde,1,1,Tamanho,55 | 56 | 57 | 58 | 59 | 60 | 61,1,1,Composição,61% Poliéster – 31% Viscose – 8% Elastano | Forro: Poliéster,1,1,Pack,Unitário,1,1
,simple,18220MI,BOINA OITAVADA PURE WOOL,1,0,visible,"Boina oitavada em 100% lã pura Shetland, fabricada na Itália","<p>Boina oitavada em 100% lã pura Shetland, fabricada na Itália</p><p>100% Pure Laine Shetland</p><ul><li><strong>Cor</strong>: Marinha</li><li><strong>Tamanho</strong>: 55 , 56 , 57 , 58 , 59 , 60 , 61</li><li><strong>Vendido Por</strong>: Unitário</li><li><strong>Composição</strong>: 100% Lã</li></ul>",,,taxable,,1,10,2,0,0,0.2,,,,1,,,45.0,Chapéus > Boinas > Inverno,"Fabricado na Itália, Inverno, Lã Pura",,"catalogo2025/boinas%20inverno/18220mi/img_01.jpg, catalogo2025/boinas%20inverno/18220mi/img_02.jpg, catalogo2025/boinas%20inverno/18220mi/img_03.jpg, catalogo2025/boinas%20inverno/18220mi/img_04.jpg",,,,,,,https://hologrammeparis.com/product/casquette-18220mi-new/,,0,Cor,Marinha,1,1,Tamanho,55 | 56 | 57 | 58 | 59 | 60 | 61,1,1,Composição,100% Lã,1,1,Pack,Unitário,1,1
,simple,HOLOGRAMME,VISEIRA  FEMININA,1,0,visible,"COR        
Bege, Castanho, Verde, Azul, Bordo, Marinho

TAMANHO                
55 , 56 , 57 , 58 , 59 , 60 , 61

VENDIDO POR        
Pacote 24

COMPOSIÇÃO                
69% Poliéster – 31% Algodão / Forro 100% Algodão","<p>COR        
Bege, Castanho, Verde, Azul, Bordo, Marinho

TAMANHO                
55 , 56 , 57 , 58 , 59 , 60 , 61

VENDIDO POR        
Pacote 24

COMPOSIÇÃO                
69% Poliéster – 31% Algodão / Forro 100% Algodão</p><p>Découvrez notre Casquette - 18474OL = 18519OL au prix de grossiste pour votre boutique sur Hologramme Paris.</p><ul><li><strong>Cor</strong>: Pink, verde, preto, azul, bege, camel</li><li><strong>Tamanho</strong>: 55 , 56 , 57 , 58 , 59 , 60 , 61</li><li><strong>Composição</strong>: 69% Poliéster – 31% Algodão / Forro 100% Algodão</li><li><strong>Vendido Por</strong>: Pacote 24</li></ul>",,,taxable,,1,10,2,0,0,0.2,,,,1,,,8.0,Chapéus > Cowboy,VISEIRA  FEMININA,,"catalogo2025/cowboy/hologramme/img_01.jpg, catalogo2025/cowboy/hologramme/img_02.jpg, catalogo2025/cowboy/hologramme/img_03.jpg, catalogo2025/cowboy/hologramme/img_04.jpg",,,,,,,https://hologrammeparis.com/product/casquette-18474ol/,,0,Cor,Pink | verde | preto | azul | bege | camel,1,1,Tamanho,55 | 56 | 57 | 58 | 59 | 60 | 61,1,1,Composição,69% Poliéster – 31% Algodão | Forro 100% Algodão,1,1,Pack,Pacote 24,1,1
,simple,Boné – 12805,BOINA OITAVADA LINHO,1,0,visible,"Boina oitavada em linho e viscose, leve e fresca para verão","<p>Boina oitavada em linho e viscose, leve e fresca para verão</p><p>Paquet de 24 pcs assorties: 4*Noir, 4*Marine, 5*Gris, 4*Vert, 3*Camel, 4*Beige</p><ul><li><strong>Cor</strong>: Sortido</li><li><strong>Tamanho</strong>: 57 , 59</li><li><strong>Vendido Por</strong>: Pacote 24</li><li><strong>Composição</strong>: 85% Viscose – 15% Linho</li></ul>",,,taxable,,1,10,2,0,0,0.2,,,,1,,,27.5,Chapéus > Boinas > Verão,Verão 2023,,"catalogo2025/boinas%20verão/bone-12805/img_01.jpg, catalogo2025/boinas%20verão/bone-12805/img_02.jpg, catalogo2025/boinas%20verão/bone-12805/img_03.jpg, catalogo2025/boinas%20verão/bone-12805/img_04.jpg, catalogo2025/boinas%20verão/bone-12805/img_05.jpg, catalogo2025/boinas%20verão/bone-12805/img_06.jpg, catalogo2025/boinas%20verão/bone-12805/img_07.jpg, catalogo2025/boinas%20verão/bone-12805/img_08.jpg, catalogo2025/boinas%20verão/bone-12805/img_09.jpg",,,,,,,https://hologrammeparis.com/product/casquette-12805/,,0,Cor,Sortido,1,1,Tamanho,57 | 59,1,1,Composição,85% Viscose – 15% Linho,1,1,Pack,Pacote 24,1,1
,simple,"Boné – 18110EC
Boné – 18110OL",BOINA PIEMONTE LINHO E ALGODÃO,1,0,visible,"Boina Piemonte em linho e algodão, fabricada na Itália","<p>Boina Piemonte em linho e algodão, fabricada na Itália</p><p>Découvrez notre Casquette - 18110EC au prix de grossiste pour votre boutique sur Hologramme Paris.</p><ul><li><strong>Cor</strong>: Cru, Preto, Verde, Azul</li><li><strong>Tamanho</strong>: 54 , 55 , 56 , 57 , 58 , 59 , 60 , 61</li><li><strong>Vendido Por</strong>: Unitário</li><li><strong>Composição</strong>: 50% Algodão – 50% Linho</li></ul>",,,taxable,,1,10,2,0,0,0.2,,,,1,,,27.5,Chapéus > Boinas > Verão,Etiqueta: Fabricado em Italia,,"catalogo2025/boinas%20verão/bone-18110ec-bone-18110ol/img_01.jpg, catalogo2025/boinas%20verão/bone-18110ec-bone-18110ol/img_02.jpg, catalogo2025/boinas%20verão/bone-18110ec-bone-18110ol/img_03.jpg, catalogo2025/boinas%20verão/bone-18110ec-bone-18110ol/img_04.jpg, catalogo2025/boinas%20verão/bone-18110ec-bone-18110ol/img_05.jpg, catalogo2025/boinas%20verão/bone-18110ec-bone-18110ol/img_06.jpg, catalogo2025/boinas%20verão/bone-18110ec-bone-18110ol/img_08.jpg, catalogo2025/boinas%20verão/bone-18110ec-bone-18110ol/img_09.jpg",,,,,,,https://hologrammeparis.com/product/casquette-18110ec/,,0,Cor,Cru | Preto | Verde | Azul,1,1,Tamanho,54 | 55 | 56 | 57 | 58 | 59 | 60 | 61,1,1,Composição,50% Algodão – 50% Linho,1,1,Pack,Unitário,1,1
,simple,Boné – 18474,BOINA SEXTAVADA CORES NA PALA,1,0,visible,Boina sextavada com detalhes coloridos na pala,"<p>Boina sextavada com detalhes coloridos na pala</p><p>Découvrez notre Casquette - 18474OL = 18519OL au prix de grossiste pour votre boutique sur Hologramme Paris.</p><ul><li><strong>Cor</strong>: Verde, Bege, Azul, Cinza</li><li><strong>Tamanho</strong>: 55 , 56 , 57 , 58 , 59 , 60 , 61</li><li><strong>Vendido Por</strong>: Unitário</li><li><strong>Composição</strong>: 50% Polyester – 50% Viscose</li></ul>",,,taxable,,1,10,2,0,0,0.2,,,,1,,,45.0,Chapéus > Boinas > Verão,BOINA SEXTAVADA CORES NA PALA,,"catalogo2025/boinas%20verão/bone-18474/img_01.jpg, catalogo2025/boinas%20verão/bone-18474/img_02.jpg, catalogo2025/boinas%20verão/bone-18474/img_03.jpg, catalogo2025/boinas%20verão/bone-18474/img_04.jpg, catalogo2025/boinas%20verão/bone-18474/img_05.jpg, catalogo2025/boinas%20verão/bone-18474/img_06.jpg, catalogo2025/boinas%20verão/bone-18474/img_07.jpg, catalogo2025/boinas%20verão/bone-18474/img_08.jpg",,,,,,,https://hologrammeparis.com/product/casquette-18474ol/,,0,Cor,Verde | Bege | Azul | Cinza,1,1,Tamanho,55 | 56 | 57 | 58 | 59 | 60 | 61,1,1,Composição,50% Polyester – 50% Viscose,1,1,Pack,Unitário,1,1
,simple,HOLOGRAMME,VISEIRA  FEMININA,1,0,visible,"COR        
Bege, Castanho, Verde, Azul, Bordo, Marinho

TAMANHO                
55 , 56 , 57 , 58 , 59 , 60 , 61

VENDIDO POR        
Pacote 24

COMPOSIÇÃO                
69% Poliéster – 31% Algodão / Forro 100% Algodão","<p>COR        
Bege, Castanho, Verde, Azul, Bordo, Marinho

TAMANHO                
55 , 56 , 57 , 58 , 59 , 60 , 61

VENDIDO POR        
Pacote 24

COMPOSIÇÃO                
69% Poliéster – 31% Algodão / Forro 100% Algodão</p><p>Découvrez notre Casquette - 18474OL = 18519OL au prix de grossiste pour votre boutique sur Hologramme Paris.</p><ul><li><strong>Cor</strong>: Pink, verde, preto, azul, bege, camel</li><li><strong>Tamanho</strong>: 55 , 56 , 57 , 58 , 59 , 60 , 61</li><li><strong>Composição</strong>: 69% Poliéster – 31% Algodão / Forro 100% Algodão</li><li><strong>Vendido Por</strong>: Pacote 24</li></ul>",,,taxable,,1,10,2,0,0,0.2,,,,1,,,8.0,Chapéus > Cowboy,VISEIRA  FEMININA,,"catalogo2025/cowboy/hologramme/img_01.jpg, catalogo2025/cowboy/hologramme/img_02.jpg, catalogo2025/cowboy/hologramme/img_03.jpg, catalogo2025/cowboy/hologramme/img_04.jpg",,,,,,,https://hologrammeparis.com/product/casquette-18474ol/,,0,Cor,Pink | verde | preto | azul | bege | camel,1,1,Tamanho,55 | 56 | 57 | 58 | 59 | 60 | 61,1,1,Composição,69% Poliéster – 31% Algodão | Forro 100% Algodão,1,1,Pack,Pacote 24,1,1
,simple,"Boné – 18107
Boné – 18515","Tag: Fabricado na Itália, Linho",1,0,visible,"COR        
Verde, Azul, Bege

TAMANHO                
55 , 56 , 57 , 58 , 59 , 60 , 61

VENDIDO POR        
Unidade

COMPOSIÇÃO                
100% Linho","<p>COR        
Verde, Azul, Bege

TAMANHO                
55 , 56 , 57 , 58 , 59 , 60 , 61

VENDIDO POR        
Unidade

COMPOSIÇÃO                
100% Linho</p><p>Découvrez notre Casquette - E18107BL au prix de grossiste pour votre boutique sur Hologramme Paris.</p><ul><li><strong>Cor</strong>: Verde, Azul, Bege</li><li><strong>Tamanho</strong>: 55 , 56 , 57 , 58 , 59 , 60 , 61</li><li><strong>Vendido Por</strong>: Unidade</li><li><strong>Composição</strong>: 100% Linho</li></ul>",,,taxable,,1,10,2,0,0,0.2,,,,1,,,47.5,Chapéus > Boinas > Verão,"Fabricado na Itália, Linho",,"catalogo2025/boinas%20verão/bone-18107-bone-18515/img_01.jpg, catalogo2025/boinas%20verão/bone-18107-bone-18515/img_02.jpg, catalogo2025/boinas%20verão/bone-18107-bone-18515/img_03.jpg, catalogo2025/boinas%20verão/bone-18107-bone-18515/img_04.jpg, catalogo2025/boinas%20verão/bone-18107-bone-18515/img_05.jpg, catalogo2025/boinas%20verão/bone-18107-bone-18515/img_06.jpg, catalogo2025/boinas%20verão/bone-18107-bone-18515/img_07.jpg, catalogo2025/boinas%20verão/bone-18107-bone-18515/img_08.jpg, catalogo2025/boinas%20verão/bone-18107-bone-18515/img_09.jpg, catalogo2025/boinas%20verão/bone-18107-bone-18515/img_10.jpg",,,,,,,https://hologrammeparis.com/product/casquette-e18107bl/,,0,Cor,Verde | Azul | Bege,1,1,Tamanho,55 | 56 | 57 | 58 | 59 | 60 | 61,1,1,Composição,100% Linho,1,1,Pack,Unidade,1,1
,simple,Boné – 18521A,BOINA PIEMONTE ALGODÃO,1,0,visible,"Boina Piemonte em algodão, fabricada na Itália","<p>Boina Piemonte em algodão, fabricada na Itália</p><p>Découvrez notre Casquette - 18521A au prix de grossiste pour votre boutique sur Hologramme Paris.</p><ul><li><strong>Cor</strong>: Azul, Bege, Marinho</li><li><strong>Tamanho</strong>: 55 , 56 , 57 , 58 , 59 , 60 , 61</li><li><strong>Vendido Por</strong>: Unidade</li><li><strong>Composição</strong>: 100% Algodão</li></ul>",,,taxable,,1,10,2,0,0,0.2,,,,1,,,35.0,Chapéus > Boinas > Verão,"Fabricado na Itália, Algodão",,"catalogo2025/boinas%20verão/bone-18521a/img_01.jpg, catalogo2025/boinas%20verão/bone-18521a/img_02.jpg, catalogo2025/boinas%20verão/bone-18521a/img_03.jpg, catalogo2025/boinas%20verão/bone-18521a/img_04.jpg",,,,,,,https://hologrammeparis.com/fr/product/casquette-18521a/,,0,Cor,Azul | Bege | Marinho,1,1,Tamanho,55 | 56 | 57 | 58 | 59 | 60 | 61,1,1,Composição,100% Algodão,1,1,Pack,Unidade,1,1
,simple,"Boné – 15266F
Boné – 15266C",BOINA SEXTAVADA ALGODÃO,1,0,visible,"Boina sextavada em algodão, leve e versátil","<p>Boina sextavada em algodão, leve e versátil</p><p>Paquet de 24 pcs assorties: 2 de chaque couleur</p><ul><li><strong>Couleur</strong>: Assorties</li><li><strong>Taille</strong>: 57, 59</li><li><strong>Vendu Par</strong>: Pack 24</li><li><strong>Composition</strong>: 100% Coton</li></ul>",,,taxable,,1,10,2,0,0,0.2,,,,1,,,16.9,Chapéus > Boinas > Verão,"verão, cotton",,"catalogo2025/boinas%20verão/bone-15266f-bone-15266c/img_01.jpg, catalogo2025/boinas%20verão/bone-15266f-bone-15266c/img_02.jpg, catalogo2025/boinas%20verão/bone-15266f-bone-15266c/img_03.jpg, catalogo2025/boinas%20verão/bone-15266f-bone-15266c/img_04.jpg, catalogo2025/boinas%20verão/bone-15266f-bone-15266c/img_05.jpg, catalogo2025/boinas%20verão/bone-15266f-bone-15266c/img_06.jpg, catalogo2025/boinas%20verão/bone-15266f-bone-15266c/img_07.jpg, catalogo2025/boinas%20verão/bone-15266f-bone-15266c/img_08.jpg, catalogo2025/boinas%20verão/bone-15266f-bone-15266c/img_09.jpg, catalogo2025/boinas%20verão/bone-15266f-bone-15266c/img_10.jpg, catalogo2025/boinas%20verão/bone-15266f-bone-15266c/img_11.jpg, catalogo2025/boinas%20verão/bone-15266f-bone-15266c/img_12.jpg, catalogo2025/boinas%20verão/bone-15266f-bone-15266c/img_13.jpg, catalogo2025/boinas%20verão/bone-15266f-bone-15266c/img_14.jpg, catalogo2025/boinas%20verão/bone-15266f-bone-15266c/img_15.jpg, catalogo2025/boinas%20verão/bone-15266f-bone-15266c/img_16.jpg, catalogo2025/boinas%20verão/bone-15266f-bone-15266c/img_17.jpg, catalogo2025/boinas%20verão/bone-15266f-bone-15266c/img_18.jpg, catalogo2025/boinas%20verão/bone-15266f-bone-15266c/img_19.jpg, catalogo2025/boinas%20verão/bone-15266f-bone-15266c/img_20.jpg, catalogo2025/boinas%20verão/bone-15266f-bone-15266c/img_21.jpg, catalogo2025/boinas%20verão/bone-15266f-bone-15266c/img_22.jpg, catalogo2025/boinas%20verão/bone-15266f-bone-15266c/img_23.jpg, catalogo2025/boinas%20verão/bone-15266f-bone-15266c/img_24.jpg, catalogo2025/boinas%20verão/bone-15266f-bone-15266c/img_25.jpg, catalogo2025/boinas%20verão/bone-15266f-bone-15266c/img_26.jpg, catalogo2025/boinas%20verão/bone-15266f-bone-15266c/img_27.jpg, catalogo2025/boinas%20verão/bone-15266f-bone-15266c/img_28.jpg, catalogo2025/boinas%20verão/bone-15266f-bone-15266c/img_29.jpg, catalogo2025/boinas%20verão/bone-15266f-bone-15266c/img_30.jpg, catalogo2025/boinas%20verão/bone-15266f-bone-15266c/img_31.jpg, catalogo2025/boinas%20verão/bone-15266f-bone-15266c/img_32.jpg, catalogo2025/boinas%20verão/bone-15266f-bone-15266c/img_33.jpg, catalogo2025/boinas%20verão/bone-15266f-bone-15266c/img_34.jpg",,,,,,,https://hologrammeparis.com/fr/product/casquette-15266f/,,0,,,0,0,,,0,0,,,0,0,,,0,0
,simple,"Boné – 18161N
Boné – 18161M",BOINA SEXTAVADA PELE,1,0,visible,"Cor: Preto, Marrom","<p>Découvrez notre Casquette - 18161N au prix de grossiste pour votre boutique sur Hologramme Paris.</p><ul><li><strong>Cor</strong>: Preto, Marrom</li><li><strong>Tamanho</strong>: 55 , 56 , 57 , 58 , 59 , 60 , 61</li><li><strong>Vendido Por</strong>: Unitário</li><li><strong>Composição</strong>: 100% couro de vaca</li></ul>",,,taxable,,1,10,2,0,0,0.2,,,,1,,,89.9,Acessórios > Artigos em Pele,"Fabricado na Itália, pele genuina",,catalogo2025/artigos%20em%20pele/bone-18161n-bone-18161m/img_01.jpg,,,,,,,https://hologrammeparis.com/product/casquette-18161n/,,0,Cor,Preto | Marrom,1,1,Tamanho,55 | 56 | 57 | 58 | 59 | 60 | 61,1,1,Composição,100% couro de vaca,1,1,Pack,Unitário,1,1
,simple,Gants – 17120,LUVAS FEMININAS,1,0,visible,"Couleur: Bordeaux, Gris, Marine, Marron, Moutarde, Noir, Orange, Rouge, Taupe","<p>Découvrez notre Gants en cuir classique - 17120 au prix de grossiste pour votre boutique sur Hologramme Paris.</p><ul><li><strong>Couleur</strong>: Bordeaux, Gris, Marine, Marron, Moutarde, Noir, Orange, Rouge, Taupe</li><li><strong>Taille</strong>: 6.5, 7, 7.5, 8</li><li><strong>Vendu Par</strong>: Unitaire</li><li><strong>Composition</strong>: 100% Cuir de Vachette</li></ul>",,,taxable,,1,10,2,0,0,0.2,,,,1,,,35.0,Acessórios > Artigos em Pele,Etiqueta: LUVAS,,catalogo2025/artigos%20em%20pele/gants-17120/img_01.jpg,,,,,,,https://hologrammeparis.com/product/gants-17120n/?attribute_pa_couleur=marron,,0,,,0,0,,,0,0,,,0,0,,,0,0
,simple,Gants – 17119,LUVAS MASCULINAS,1,0,visible,"Couleur: Camel, Marine, Marron, Noir","<p>Découvrez notre Gants en cuir classique - 17119 au prix de grossiste pour votre boutique sur Hologramme Paris.</p><ul><li><strong>Couleur</strong>: Camel, Marine, Marron, Noir</li><li><strong>Taille</strong>: 8, 8.5, 9, 9.5</li><li><strong>Vendu Par</strong>: Unitaire</li><li><strong>Composition</strong>: 100% Cuir d&#x27;Ovin / Doublure : 100% Polyester</li></ul>",,,taxable,,1,10,2,0,0,0.2,,,,1,,,35.0,Acessórios > Artigos em Pele,Etiqueta: LUVAS,,catalogo2025/artigos%20em%20pele/gants-17119/img_01.jpg,,,,,,,https://hologrammeparis.com/product/gants-17119n/,,0,,,0,0,,,0,0,,,0,0,,,0,0
,simple,Porte-Monnaie – 5657,CARTEIRAS,1,0,visible,"Couleur: Bleu, Bordeaux, Cognac, Marron, Noir, Taupe","<p>Découvrez notre Porte-Monnaie - 5657 au prix de grossiste pour votre boutique sur Hologramme Paris.</p><ul><li><strong>Couleur</strong>: Bleu, Bordeaux, Cognac, Marron, Noir, Taupe</li><li><strong>Vendu Par</strong>: Unitaire</li></ul>",,,taxable,,1,10,2,0,0,0.2,,,,1,,,35.0,Acessórios > Artigos em Pele,CARTEIRAS,,catalogo2025/artigos%20em%20pele/porte-monnaie-5657/img_01.jpg,,,,,,,https://hologrammeparis.com/product/porte-monnaie-5657/,,0,,,0,0,,,0,0,,,0,0,,,0,0
,simple,VELEN,CHAPÉU TIROLÊS EM CORTIÇA,1,0,visible,Couleur: Natural,"<p>Boné Vegan estilo basebol de cortiça. 100% Eco-Friendly, produzido em Portugal. Leve,  prático e resistente. Montado - Cortiça com Arte.</p><ul><li><strong>Couleur</strong>: Natural</li><li><strong>Taille</strong>: 54, 55 , 56 , 57 , 58 , 59 , 60 , 61, 62, 63</li><li><strong>Vendu Par</strong>: Unitaire</li><li><strong>Composition</strong>: 100%</li><li><strong>Cor</strong>: Natural</li><li><strong>Tamanho</strong>: 55 , 56 , 57 , 58 , 59 , 60 , 61</li><li><strong>Composição</strong>: 100%</li><li><strong>Vendido Por</strong>: Unitário</li></ul>",,,taxable,,1,10,2,0,0,0.2,,,,1,,,45.0,Chapéus > Cortiça,"Chapéu tirolês em cortiça. Na confecção deste chapéu não foi usado nenhum material de origem animal.

– Chapéu tirolês, 100% cortiça

– Produto sustentável.

– Produto produzido em Portugal com cortiça Portuguesa.

– Duradouro, eco-Friendly e resistente à água.

– Pode ser limpo com água e sabão neutro.

– Cor da peça em exibição: Natural.",,catalogo2025/cortiça/velen/img_01.jpg,,,,,,,https://vips-velen.pt/?product=chapeu-tiroles-em-cortica,,0,Cor,Natural,1,1,Tamanho,55 | 56 | 57 | 58 | 59 | 60 | 61,1,1,Composição,100%,1,1,Pack,Unitário,1,1
,simple,VELEN,CHAPÉU TIROLÊS EM CORTIÇA,1,0,visible,Couleur: Natural,"<p>Boné Vegan estilo basebol de cortiça. 100% Eco-Friendly, produzido em Portugal. Leve,  prático e resistente. Montado - Cortiça com Arte.</p><ul><li><strong>Couleur</strong>: Natural</li><li><strong>Taille</strong>: 54, 55 , 56 , 57 , 58 , 59 , 60 , 61, 62, 63</li><li><strong>Vendu Par</strong>: Unitaire</li><li><strong>Composition</strong>: 100%</li><li><strong>Cor</strong>: Natural</li><li><strong>Tamanho</strong>: 55 , 56 , 57 , 58 , 59 , 60 , 61</li><li><strong>Composição</strong>: 100%</li><li><strong>Vendido Por</strong>: Unitário</li></ul>",,,taxable,,1,10,2,0,0,0.2,,,,1,,,45.0,Chapéus > Cortiça,"Chapéu tirolês em cortiça. Na confecção deste chapéu não foi usado nenhum material de origem animal.

– Chapéu tirolês, 100% cortiça

– Produto sustentável.

– Produto produzido em Portugal com cortiça Portuguesa.

– Duradouro, eco-Friendly e resistente à água.

– Pode ser limpo com água e sabão neutro.

– Cor da peça em exibição: Natural.",,catalogo2025/cortiça/velen/img_01.jpg,,,,,,,https://vips-velen.pt/?product=chapeu-tiroles-em-cortica,,0,Cor,Natural,1,1,Tamanho,55 | 56 | 57 | 58 | 59 | 60 | 61,1,1,Composição,100%,1,1,Pack,Unitário,1,1
,simple,VELEN,CHAPÉU TIROLÊS EM CORTIÇA,1,0,visible,Couleur: Natural,"<p>Boné Vegan estilo basebol de cortiça. 100% Eco-Friendly, produzido em Portugal. Leve,  prático e resistente. Montado - Cortiça com Arte.</p><ul><li><strong>Couleur</strong>: Natural</li><li><strong>Taille</strong>: 54, 55 , 56 , 57 , 58 , 59 , 60 , 61, 62, 63</li><li><strong>Vendu Par</strong>: Unitaire</li><li><strong>Composition</strong>: 100%</li><li><strong>Cor</strong>: Natural</li><li><strong>Tamanho</strong>: 55 , 56 , 57 , 58 , 59 , 60 , 61</li><li><strong>Composição</strong>: 100%</li><li><strong>Vendido Por</strong>: Unitário</li></ul>",,,taxable,,1,10,2,0,0,0.2,,,,1,,,45.0,Chapéus > Cortiça,"Chapéu tirolês em cortiça. Na confecção deste chapéu não foi usado nenhum material de origem animal.

– Chapéu tirolês, 100% cortiça

– Produto sustentável.

– Produto produzido em Portugal com cortiça Portuguesa.

– Duradouro, eco-Friendly e resistente à água.

– Pode ser limpo com água e sabão neutro.

– Cor da peça em exibição: Natural.",,catalogo2025/cortiça/velen/img_01.jpg,,,,,,,https://vips-velen.pt/?product=chapeu-tiroles-em-cortica,,0,Cor,Natural,1,1,Tamanho,55 | 56 | 57 | 58 | 59 | 60 | 61,1,1,Composição,100%,1,1,Pack,Unitário,1,1
,simple,VELEN,CHAPÉU TIROLÊS EM CORTIÇA,1,0,visible,Couleur: Natural,"<p>Boné Vegan estilo basebol de cortiça. 100% Eco-Friendly, produzido em Portugal. Leve,  prático e resistente. Montado - Cortiça com Arte.</p><ul><li><strong>Couleur</strong>: Natural</li><li><strong>Taille</strong>: 54, 55 , 56 , 57 , 58 , 59 , 60 , 61, 62, 63</li><li><strong>Vendu Par</strong>: Unitaire</li><li><strong>Composition</strong>: 100%</li><li><strong>Cor</strong>: Natural</li><li><strong>Tamanho</strong>: 55 , 56 , 57 , 58 , 59 , 60 , 61</li><li><strong>Composição</strong>: 100%</li><li><strong>Vendido Por</strong>: Unitário</li></ul>",,,taxable,,1,10,2,0,0,0.2,,,,1,,,45.0,Chapéus > Cortiça,"Chapéu tirolês em cortiça. Na confecção deste chapéu não foi usado nenhum material de origem animal.

– Chapéu tirolês, 100% cortiça

– Produto sustentável.

– Produto produzido em Portugal com cortiça Portuguesa.

– Duradouro, eco-Friendly e resistente à água.

– Pode ser limpo com água e sabão neutro.

– Cor da peça em exibição: Natural.",,catalogo2025/cortiça/velen/img_01.jpg,,,,,,,https://vips-velen.pt/?product=chapeu-tiroles-em-cortica,,0,Cor,Natural,1,1,Tamanho,55 | 56 | 57 | 58 | 59 | 60 | 61,1,1,Composição,100%,1,1,Pack,Unitário,1,1
,simple,VELEN,CHAPÉU TIROLÊS EM CORTIÇA,1,0,visible,Couleur: Natural,"<p>Boné Vegan estilo basebol de cortiça. 100% Eco-Friendly, produzido em Portugal. Leve,  prático e resistente. Montado - Cortiça com Arte.</p><ul><li><strong>Couleur</strong>: Natural</li><li><strong>Taille</strong>: 54, 55 , 56 , 57 , 58 , 59 , 60 , 61, 62, 63</li><li><strong>Vendu Par</strong>: Unitaire</li><li><strong>Composition</strong>: 100%</li><li><strong>Cor</strong>: Natural</li><li><strong>Tamanho</strong>: 55 , 56 , 57 , 58 , 59 , 60 , 61</li><li><strong>Composição</strong>: 100%</li><li><strong>Vendido Por</strong>: Unitário</li></ul>",,,taxable,,1,10,2,0,0,0.2,,,,1,,,45.0,Chapéus > Cortiça,"Chapéu tirolês em cortiça. Na confecção deste chapéu não foi usado nenhum material de origem animal.

– Chapéu tirolês, 100% cortiça

– Produto sustentável.

– Produto produzido em Portugal com cortiça Portuguesa.

– Duradouro, eco-Friendly e resistente à água.

– Pode ser limpo com água e sabão neutro.

– Cor da peça em exibição: Natural.",,catalogo2025/cortiça/velen/img_01.jpg,,,,,,,https://vips-velen.pt/?product=chapeu-tiroles-em-cortica,,0,Cor,Natural,1,1,Tamanho,55 | 56 | 57 | 58 | 59 | 60 | 61,1,1,Composição,100%,1,1,Pack,Unitário,1,1
,simple,VELEN,CHAPÉU TIROLÊS EM CORTIÇA,1,0,visible,Couleur: Natural,"<p>Boné Vegan estilo basebol de cortiça. 100% Eco-Friendly, produzido em Portugal. Leve,  prático e resistente. Montado - Cortiça com Arte.</p><ul><li><strong>Couleur</strong>: Natural</li><li><strong>Taille</strong>: 54, 55 , 56 , 57 , 58 , 59 , 60 , 61, 62, 63</li><li><strong>Vendu Par</strong>: Unitaire</li><li><strong>Composition</strong>: 100%</li><li><strong>Cor</strong>: Natural</li><li><strong>Tamanho</strong>: 55 , 56 , 57 , 58 , 59 , 60 , 61</li><li><strong>Composição</strong>: 100%</li><li><strong>Vendido Por</strong>: Unitário</li></ul>",,,taxable,,1,10,2,0,0,0.2,,,,1,,,45.0,Chapéus > Cortiça,"Chapéu tirolês em cortiça. Na confecção deste chapéu não foi usado nenhum material de origem animal.

– Chapéu tirolês, 100% cortiça

– Produto sustentável.

– Produto produzido em Portugal com cortiça Portuguesa.

– Duradouro, eco-Friendly e resistente à água.

– Pode ser limpo com água e sabão neutro.

– Cor da peça em exibição: Natural.",,catalogo2025/cortiça/velen/img_01.jpg,,,,,,,https://vips-velen.pt/?product=chapeu-tiroles-em-cortica,,0,Cor,Natural,1,1,Tamanho,55 | 56 | 57 | 58 | 59 | 60 | 61,1,1,Composição,100%,1,1,Pack,Unitário,1,1
,simple,VELEN,CHAPÉU TIROLÊS EM CORTIÇA,1,0,visible,Couleur: Natural,"<p>Boné Vegan estilo basebol de cortiça. 100% Eco-Friendly, produzido em Portugal. Leve,  prático e resistente. Montado - Cortiça com Arte.</p><ul><li><strong>Couleur</strong>: Natural</li><li><strong>Taille</strong>: 54, 55 , 56 , 57 , 58 , 59 , 60 , 61, 62, 63</li><li><strong>Vendu Par</strong>: Unitaire</li><li><strong>Composition</strong>: 100%</li><li><strong>Cor</strong>: Natural</li><li><strong>Tamanho</strong>: 55 , 56 , 57 , 58 , 59 , 60 , 61</li><li><strong>Composição</strong>: 100%</li><li><strong>Vendido Por</strong>: Unitário</li></ul>",,,taxable,,1,10,2,0,0,0.2,,,,1,,,45.0,Chapéus > Cortiça,"Chapéu tirolês em cortiça. Na confecção deste chapéu não foi usado nenhum material de origem animal.

– Chapéu tirolês, 100% cortiça

– Produto sustentável.

– Produto produzido em Portugal com cortiça Portuguesa.

– Duradouro, eco-Friendly e resistente à água.

– Pode ser limpo com água e sabão neutro.

– Cor da peça em exibição: Natural.",,catalogo2025/cortiça/velen/img_01.jpg,,,,,,,https://vips-velen.pt/?product=chapeu-tiroles-em-cortica,,0,Cor,Natural,1,1,Tamanho,55 | 56 | 57 | 58 | 59 | 60 | 61,1,1,Composição,100%,1,1,Pack,Unitário,1,1
,simple,VELEN,CHAPÉU TIROLÊS EM CORTIÇA,1,0,visible,Couleur: Natural,"<p>Boné Vegan estilo basebol de cortiça. 100% Eco-Friendly, produzido em Portugal. Leve,  prático e resistente. Montado - Cortiça com Arte.</p><ul><li><strong>Couleur</strong>: Natural</li><li><strong>Taille</strong>: 54, 55 , 56 , 57 , 58 , 59 , 60 , 61, 62, 63</li><li><strong>Vendu Par</strong>: Unitaire</li><li><strong>Composition</strong>: 100%</li><li><strong>Cor</strong>: Natural</li><li><strong>Tamanho</strong>: 55 , 56 , 57 , 58 , 59 , 60 , 61</li><li><strong>Composição</strong>: 100%</li><li><strong>Vendido Por</strong>: Unitário</li></ul>",,,taxable,,1,10,2,0,0,0.2,,,,1,,,45.0,Chapéus > Cortiça,"Chapéu tirolês em cortiça. Na confecção deste chapéu não foi usado nenhum material de origem animal.

– Chapéu tirolês, 100% cortiça

– Produto sustentável.

– Produto produzido em Portugal com cortiça Portuguesa.

– Duradouro, eco-Friendly e resistente à água.

– Pode ser limpo com água e sabão neutro.

– Cor da peça em exibição: Natural.",,catalogo2025/cortiça/velen/img_01.jpg,,,,,,,https://vips-velen.pt/?product=chapeu-tiroles-em-cortica,,0,Cor,Natural,1,1,Tamanho,55 | 56 | 57 | 58 | 59 | 60 | 61,1,1,Composição,100%,1,1,Pack,Unitário,1,1
,simple,Chapka – 6064,GORRO USHANKA,1,0,visible,"Cor: Bege , Camelo , Cáqui , Marrom , Preto","<p>Hologramme est un grossiste de Toques et Chapkas avec 40 ans d’expérience. Découvrez nos collections de chapeaux en fourrure au tarif de gros.</p><ul><li><strong>Cor</strong>: Bege , Camelo , Cáqui , Marrom , Preto</li><li><strong>Tamanho</strong>: 57 , 59</li><li><strong>Vendido Por</strong>: Pacote 12</li><li><strong>Composição</strong>: 100% Poliéster / Forro: 100% Poliéster</li></ul>",,,taxable,,1,10,2,0,0,0.2,,,,1,,,1.0,Chapéus > Gorros,Fabricado na China,,catalogo2025/gorros/chapka-6064/img_01.jpg,,,,,,,https://hologrammeparis.com/product-category/chapellerie/collection-hiver/chapeaux-hiver/toques-chapkas/,,0,Cor,Bege | Camelo | Cáqui | Marrom | Preto,1,1,Tamanho,57 | 59,1,1,Composição,100% Poliéster | Forro: 100% Poliéster,1,1,Pack,Pacote 12,1,1
,simple,Chapéu – 49171,CHAPÉU CHAPKA,1,0,visible,"Cor: Bege , Azul Claro , Borgonha , Cinza , Marinho , Marrom , Mostarda , Preto , Laranja , Rosa , Vermelho , Verde","<p>Fausse fourrure en 100% Modacrylique</p><ul><li><strong>Cor</strong>: Bege , Azul Claro , Borgonha , Cinza , Marinho , Marrom , Mostarda , Preto , Laranja , Rosa , Vermelho , Verde</li><li><strong>Composição</strong>: 100% modacrílica</li></ul>",,,taxable,,1,10,2,0,0,0.2,,,,1,,,3.0,Chapéus > Gorros,Etiqueta: Fabricado em Portugal,,catalogo2025/gorros/chapeu-49171/img_01.jpg,,,,,,,https://hologrammeparis.com/product/toque-49171-simili-cuir/?attribute_pa_couleur=rouge-noir,,0,Cor,Bege | Azul Claro | Borgonha | Cinza | Marinho | Marrom | Mostarda | Preto | Laranja | Rosa | Vermelho | Verde,1,1,,,0,0,Composição,100% modacrílica,1,1,,,0,0
,simple,Chapéu – 49171,CHAPÉU CHAPKA,1,0,visible,"Cor: Bege , Azul Claro , Borgonha , Cinza , Marinho , Marrom , Mostarda , Preto , Laranja , Rosa , Vermelho , Verde","<p>Fausse fourrure en 100% Modacrylique</p><ul><li><strong>Cor</strong>: Bege , Azul Claro , Borgonha , Cinza , Marinho , Marrom , Mostarda , Preto , Laranja , Rosa , Vermelho , Verde</li><li><strong>Composição</strong>: 100% modacrílica</li></ul>",,,taxable,,1,10,2,0,0,0.2,,,,1,,,3.0,Chapéus > Gorros,Etiqueta: Fabricado em Portugal,,catalogo2025/gorros/chapeu-49171/img_01.jpg,,,,,,,https://hologrammeparis.com/product/toque-49171-simili-cuir/?attribute_pa_couleur=rouge-noir,,0,Cor,Bege | Azul Claro | Borgonha | Cinza | Marinho | Marrom | Mostarda | Preto | Laranja | Rosa | Vermelho | Verde,1,1,,,0,0,Composição,100% modacrílica,1,1,,,0,0
,simple,bonnet-pierre-cardin,Bonnet – Pierre Cardin,1,0,visible,"Cor: Branco, Camelo, Cinza, Preto","<p>Découvrez notre Bonnet - Pierre Cardin au prix de grossiste pour votre boutique sur Hologramme Paris.</p><ul><li><strong>Cor</strong>: Branco, Camelo, Cinza, Preto</li><li><strong>Tamanho</strong>: Tamanho Único</li><li><strong>Vendido Por</strong>: Unitário</li><li><strong>Composição</strong>: 100% Acrílico / Forro: 100% Poliéster</li></ul>",,,taxable,,1,10,2,0,0,0.2,,,,1,,,"Étiquettes : Fabriqué en Chine, Hiver 2024",Chapéus > Gorros,"Gorro da marca Pierre Cardin, com uma textura suave e simples.

Possui um grande reverso e exibe um emblema branco com o logo distintivo de Pierre Cardin, com um grande “P” estilizado em preto e a assinatura abaixo

Fabricado em um material quente e confortável, perfeito para um visual sóbrio de inverno.",,"catalogo2025/gorros/bonnet-pierre-cardin/img_01.jpg, catalogo2025/gorros/bonnet-pierre-cardin/img_02.jpg, catalogo2025/gorros/bonnet-pierre-cardin/img_03.jpg",,,,,,,https://hologrammeparis.com/fr/product/bonnet-pierre-cardin-bonnet/,,0,Cor,Branco | Camelo | Cinza | Preto,1,1,Tamanho,Tamanho Único,1,1,Composição,100% Acrílico | Forro: 100% Poliéster,1,1,Pack,Unitário,1,1
,simple,"Tags: Fabricado na Itália , Lã Pura",CHAPEU FEDORA,1,0,visible,Cor: Sortido,"<p>Notre version Hologramme Paris du &quot;Fedora classique&quot; Chapeau avec un Ruban ton sur ton, 100 g de pure laine. Sobre et sans logo apparent.</p><ul><li><strong>Cor</strong>: Sortido</li><li><strong>Tamanho</strong>: 55 , 56 , 57 , 58 , 59 , 60 , 61 , 62</li><li><strong>Vendido Por</strong>: Pacote 12</li><li><strong>Composição</strong>: 100% Lã</li></ul>",,,taxable,,1,10,2,0,0,0.2,,,,1,,,35.0,Chapéus > Lã,"Nossa versão Hologram Paris do “Fedora clássico”

Chapéu com fita tom sobre tom, 100 g de pura lã.

Sóbrio e sem logótipo visível.

100% lã e fabricação italiana",,catalogo2025/chapéus%20lã/tags-fabricado-na-italia-la-pura/img_01.jpg,,,,,,,https://hologrammeparis.com/product/chapeau-art-01-gros-grain-pack-12/,,0,Cor,Sortido,1,1,Tamanho,55 | 56 | 57 | 58 | 59 | 60 | 61 | 62,1,1,Composição,100% Lã,1,1,Pack,Pacote 12,1,1
,simple,"Tags: Fabricado na Itália , Lã Pura",CHAPEU FEDORA,1,0,visible,Cor: Sortido,"<p>Notre version Hologramme Paris du &quot;Fedora classique&quot; Chapeau avec un Ruban ton sur ton, 100 g de pure laine. Sobre et sans logo apparent.</p><ul><li><strong>Cor</strong>: Sortido</li><li><strong>Tamanho</strong>: 55 , 56 , 57 , 58 , 59 , 60 , 61 , 62</li><li><strong>Vendido Por</strong>: Pacote 12</li><li><strong>Composição</strong>: 100% Lã</li></ul>",,,taxable,,1,10,2,0,0,0.2,,,,1,,,35.0,Chapéus > Lã,"Nossa versão Hologram Paris do “Fedora clássico”

Chapéu com fita tom sobre tom, 100 g de pura lã.

Sóbrio e sem logótipo visível.

100% lã e fabricação italiana",,catalogo2025/chapéus%20lã/tags-fabricado-na-italia-la-pura/img_01.jpg,,,,,,,https://hologrammeparis.com/product/chapeau-art-01-gros-grain-pack-12/,,0,Cor,Sortido,1,1,Tamanho,55 | 56 | 57 | 58 | 59 | 60 | 61 | 62,1,1,Composição,100% Lã,1,1,Pack,Pacote 12,1,1
,simple,"Chapéu Impermeável – Art 181054 (Pack 12)

Tags: Fabricado na Itália , Lã Esmagável Impermeável",CHAPÉUS DE LÃ ITALIANA,1,0,visible,"2*55, 2*56, 3*57, 3*58, 2*59 (ou 1*60 e 2*58)","<p>2*55, 2*56, 3*57, 3*58, 2*59 (ou 1*60 e 2*58)</p><p>Notre version Hologramme Paris du &quot;Fedora imperméable et indéformable&quot; Chapeau avec une ceinture marron, 100 g de pure laine Waterproof Crushable.</p><ul><li><strong>Cor</strong>: Sortido</li><li><strong>Tamanho</strong>: 55 , 56 , 57 , 58 , 59 , 60</li><li><strong>Vendido Por</strong>: Pacote 12</li><li><strong>Composição</strong>: 100% Lã</li></ul>",,,taxable,,1,10,2,0,0,0.2,,,,1,,,67.5,Chapéus > Lã,"Fabricado na Itália, Lã, Esmagável, Impermeável",,catalogo2025/chapéus%20lã/chapeu-impermeavel-art-181054-pack-12-tags-fabricado-na-italia-la-esmagavel-impermeavel/img_01.jpg,,,,,,,https://hologrammeparis.com/product/chapeau-waterproof-art-181054-pack-12/,,0,Cor,Sortido,1,1,Tamanho,55 | 56 | 57 | 58 | 59 | 60,1,1,Composição,100% Lã,1,1,Pack,Pacote 12,1,1
,simple,Chapéu – Art 970 (Pack 12),CHAPÉU DE LÃ TRILBY,1,0,visible,Cor: Sortido,"<p>Paquet de 12 pcs assorties: 2*55, 2*56, 3*57, 3*58, 2*59 (ou 1*60 et 2*58) Pour l’achat à l’unité de ce produit, c’est ici: https://hologrammeparis.com/product/chapeau-art-970/</p><ul><li><strong>Cor</strong>: Sortido</li><li><strong>Tamanho</strong>: 54, 55 , 56 , 57 , 58 , 59 , 60</li><li><strong>Vendido Por</strong>: Pacote 12</li><li><strong>Composição</strong>: 100% Lã</li></ul>",,,taxable,,1,10,2,0,0,0.2,,,,1,,,29.9,Chapéus > Lã,"Fabricado na Itália, Lã Pura",,catalogo2025/chapéus%20lã/chapeu-art-970-pack-12/img_01.jpg,,,,,,,https://hologrammeparis.com/product/chapeau-art-970-pack-12/,,0,Cor,Sortido,1,1,Tamanho,54 | 55 | 56 | 57 | 58 | 59 | 60,1,1,Composição,100% Lã,1,1,Pack,Pacote 12,1,1
,simple,"Chapéu Impermeável – Art 181056

Tags: Fabricado na Itália , Lã,  Esmagável,  Impermeável",CHAPÉUS DE LÃ IMPERMEÁVEL,1,0,visible,Cor: Sortido,"<p>Paquet de 12 pcs assorties: 2*55, 2*56, 3*57, 3*58, 2*59 (ou 1*60 et 2*58) Pour l’achat à l’unité de ce produit, c’est ici: https://hologrammeparis.com/product/chapeau-art-181056/</p><ul><li><strong>Cor</strong>: Sortido</li><li><strong>Tamanho</strong>: 55 , 56 , 57 , 58 , 59 , 60</li><li><strong>Vendido Por</strong>: Pacote 12</li><li><strong>Composição</strong>: 100% Lã</li></ul>",,,taxable,,1,10,2,0,0,0.2,,,,1,,,49.9,Chapéus > Lã,CHAPÉUS DE LÃ IMPERMEÁVEL,,catalogo2025/chapéus%20lã/chapeu-impermeavel-art-181056-tags-fabricado-na-italia-la-esmagavel-impermeavel/img_01.jpg,,,,,,,https://hologrammeparis.com/product/chapeau-waterproof-art-181056-pack-12/,,0,Cor,Sortido,1,1,Tamanho,55 | 56 | 57 | 58 | 59 | 60,1,1,Composição,100% Lã,1,1,Pack,Pacote 12,1,1
,simple,Boné – 13156,BONÉS DE INVERNO PARA MULHERES,1,0,visible,,"<p>Paquet de 12 pcs assorties: 4*Noir, 2*Gris + 1 de chaque couleur</p>",,,taxable,,1,10,2,0,0,0.2,,,,1,,,"Tag: Mistura de angorá , Fabricado na China , Inverno 2022",Chapéus > Feminino,BONÉS DE INVERNO PARA MULHERES,,"catalogo2025/feminino/bone-13156/img_01.jpg, catalogo2025/feminino/bone-13156/img_02.jpg, catalogo2025/feminino/bone-13156/img_03.jpg, catalogo2025/feminino/bone-13156/img_04.jpg, catalogo2025/feminino/bone-13156/img_05.jpg, catalogo2025/feminino/bone-13156/img_06.jpg, catalogo2025/feminino/bone-13156/img_07.jpg, catalogo2025/feminino/bone-13156/img_08.jpg, catalogo2025/feminino/bone-13156/img_09.jpg, catalogo2025/feminino/bone-13156/img_10.jpg",,,,,,,https://hologrammeparis.com/product/casquette-13156/,,0,,,0,0,,,0,0,,,0,0,,,0,0
,simple,Boné – 12463,BONÉS DE INVERNO PARA MULHERES,1,0,visible,"Cor: Cru , Cinza , Preto","<p>Paquet de 24 pcs assorties: 9*Beige, 7*Gris, 8*Noir</p><ul><li><strong>Cor</strong>: Cru , Cinza , Preto</li><li><strong>Vendido Por</strong>: Pacote 24</li><li><strong>Composição</strong>: 50% Lã – 50% PU Sintético</li></ul>",,,taxable,,1,10,2,0,0,0.2,,,,1,,,Etiqueta: Fabricado na China,Chapéus > Feminino,BONÉS DE INVERNO PARA MULHERES,,catalogo2025/feminino/bone-12463/img_01.jpg,,,,,,,https://hologrammeparis.com/product/casquette-12463/,,0,Cor,Cru | Cinza | Preto,1,1,,,0,0,Composição,50% Lã – 50% PU Sintético,1,1,Pack,Pacote 24,1,1
,simple,Palha – 12673,CHAPÉUS DE PALHA FEMININOS,1,0,visible,"Cor: Natural, Preto","<p>Découvrez notre Paille - 12673 au prix de grossiste pour votre boutique sur Hologramme Paris.</p><ul><li><strong>Cor</strong>: Natural, Preto</li><li><strong>Tamanho</strong>: Tamanho único</li><li><strong>Vendido Por</strong>: Unitário</li><li><strong>Composição</strong>: Palha 100% natural</li></ul>",,,taxable,,1,10,2,0,0,0.2,,,,1,,,"Tags: Fabricado na China , Tamanho ajustável",Chapéus > Cerimónia,"Nossa versão Hologram Paris do chapéu de palha em forma de sino.

Chapéu luxuoso tricotado em palha de ráfia extrafina .
Sólido, dobrável e intemporal.

Palha 100% Ráfia",,"catalogo2025/cerimónia/palha-12673/img_01.jpg, catalogo2025/cerimónia/palha-12673/img_02.jpg, catalogo2025/cerimónia/palha-12673/img_03.jpg, catalogo2025/cerimónia/palha-12673/img_04.jpg, catalogo2025/cerimónia/palha-12673/img_05.jpg, catalogo2025/cerimónia/palha-12673/img_06.jpg",,,,,,,https://hologrammeparis.com/product/paille-12673/,,0,Cor,Natural | Preto,1,1,Tamanho,Tamanho único,1,1,Composição,Palha 100% natural,1,1,Pack,Unitário,1,1
,simple,Boné – 12625,BONÉS DE VERÃO PARA MULHERES,1,0,visible,"Cor: Bege , Branco , Camelo , Cinza , Marinho , Vermelho","<p>Paquet de 24 pcs assorties: 2*Rouge, 2*Vert, 2*Bleu Ciel, 4*Camel, 4*Ecru, 3*Blanc, 3*Beige, 3*Marine, 1*Gris</p><ul><li><strong>Cor</strong>: Bege , Branco , Camelo , Cinza , Marinho , Vermelho</li><li><strong>Tamanho</strong>: 56 , 58</li><li><strong>Vendido Por</strong>: Pacote 24</li><li><strong>Composição</strong>: 7% Viscose – 33% Algodão – 60% Poliéster</li></ul>",,,taxable,,1,10,2,0,0,0.2,,,,1,,,Etiqueta: Fabricado na China,Chapéus > Cerimónia,BONÉS DE VERÃO PARA MULHERES,,"catalogo2025/cerimónia/bone-12625/img_03.jpg, catalogo2025/cerimónia/bone-12625/img_04.jpg, catalogo2025/cerimónia/bone-12625/img_05.jpg, catalogo2025/cerimónia/bone-12625/img_06.jpg, catalogo2025/cerimónia/bone-12625/img_07.jpg, catalogo2025/cerimónia/bone-12625/img_08.jpg, catalogo2025/cerimónia/bone-12625/img_10.jpg",,,,,,,https://hologrammeparis.com/product/casquette-12625/,,0,Cor,Bege | Branco | Camelo | Cinza | Marinho | Vermelho,1,1,Tamanho,56 | 58,1,1,Composição,7% Viscose – 33% Algodão – 60% Poliéster,1,1,Pack,Pacote 24,1,1
,simple,Viseira – 23119,BONÉS DE VERÃO PARA MULHERES,1,0,visible,"Cor: Bege , Bordéus , Marinho , Preto , Rosa , Vermelho","<p>Paquet de 30 pcs assorties: 2*Rose, 5*Orange, 5*Violet, 6*Bleu, 6*Beige, 6*Noir</p><ul><li><strong>Cor</strong>: Bege , Bordéus , Marinho , Preto , Rosa , Vermelho</li><li><strong>Vendido Por</strong>: Pacote 15</li><li><strong>Composição</strong>: 100% Papel</li></ul>",,,taxable,,1,10,2,0,0,0.2,,,,1,,,Etiqueta: Fabricado na China,Chapéus > Cerimónia,"SIZE	
One size adjustable",,catalogo2025/cerimónia/viseira-23119/img_01.jpg,,,,,,,https://hologrammeparis.com/product/visiere-23119/,,0,Cor,Bege | Bordéus | Marinho | Preto | Rosa | Vermelho,1,1,,,0,0,Composição,100% Papel,1,1,Pack,Pacote 15,1,1
,simple,Boné – 2018039,BONÉS DE INVERNO PARA MULHERES,1,0,visible,"Cor: Azul , Cinza , Cinza Escuro , Preto , Vermelho , Verde","<p>Paquet de 12 pcs assorties: 2*Gris Clair, 1*Gris Fonce, 1*Kaki, 1*Bordeaux, 1*Rouge, 2*Marine, 4*Noir</p><ul><li><strong>Cor</strong>: Azul , Cinza , Cinza Escuro , Preto , Vermelho , Verde</li><li><strong>Tamanho</strong>: 56 , 58</li><li><strong>Vendido Por</strong>: Pacote 12</li><li><strong>Composição</strong>: 5% Acrílico – 7% Fibra – 40% Lã – 48% Poliéster</li></ul>",,,taxable,,1,10,2,0,0,0.2,,,,1,,,NÃO TEM MAIS NO ESTOQUE,Chapéus > Cerimónia,"Fabricado na China, Mistura de lã",,"catalogo2025/cerimónia/bone-2018039/img_01.jpg, catalogo2025/cerimónia/bone-2018039/img_02.jpg, catalogo2025/cerimónia/bone-2018039/img_03.jpg, catalogo2025/cerimónia/bone-2018039/img_04.jpg",,,,,,,https://hologrammeparis.com/product/casquette-2018039/,,0,Cor,Azul | Cinza | Cinza Escuro | Preto | Vermelho | Verde,1,1,Tamanho,56 | 58,1,1,Composição,5% Acrílico – 7% Fibra – 40% Lã – 48% Poliéster,1,1,Pack,Pacote 12,1,1
,simple,Casquette – 22103,BONÉS DE INVERNO PARA MULHERES,1,0,visible,Cor: Preto,<p>Paquet de 24 pcs assorties: 2 pcs de chaque couleur</p><ul><li><strong>Cor</strong>: Preto</li><li><strong>Tamanho</strong>: Unico</li><li><strong>Composição</strong>: 50% Polyester – 50% Laine</li></ul>,,,taxable,,1,10,2,0,0,0.2,,,,1,,,14.0,Chapéus > Cerimónia,"Fabricado na China, Mistura de lã",,"catalogo2025/cerimónia/casquette-22103/img_01.jpg, catalogo2025/cerimónia/casquette-22103/img_02.jpg, catalogo2025/cerimónia/casquette-22103/img_03.jpg, catalogo2025/cerimónia/casquette-22103/img_04.jpg",,,,,,,https://hologrammeparis.com/product/casquette-22103/,,0,Cor,Preto,1,1,Tamanho,Unico,1,1,Composição,50% Polyester – 50% Laine,1,1,,,0,0
,simple,Casquette – 12448,BONÉS DE INVERNO PARA MULHERES,1,0,visible,"Cor: 2*Mostarda, 2*Marrom, 3*Bordéus, 3*Marinho, 3*Verde, 3*Azul, 3*Taupe, 5*Preto","<p>Paquet de 24 pcs assorties: 2*Moutarde, 2*Marron, 3*Bordeaux, 3*Marine, 3*Vert, 3*Bleu, 3*Taupe, 5*Noir</p><ul><li><strong>Cor</strong>: 2*Mostarda, 2*Marrom, 3*Bordéus, 3*Marinho, 3*Verde, 3*Azul, 3*Taupe, 5*Preto</li><li><strong>Tamanho</strong>: Unico com ajuste (elástico)</li><li><strong>Composição</strong>: 100% PU</li></ul>",,,taxable,,1,10,2,0,0,0.2,,,,1,,,15.0,Chapéus > Cerimónia,"Fabricado na China, Tamanho ajustável",,"catalogo2025/cerimónia/casquette-12448/img_01.jpg, catalogo2025/cerimónia/casquette-12448/img_02.jpg, catalogo2025/cerimónia/casquette-12448/img_03.jpg, catalogo2025/cerimónia/casquette-12448/img_04.jpg, catalogo2025/cerimónia/casquette-12448/img_05.jpg, catalogo2025/cerimónia/casquette-12448/img_06.jpg, catalogo2025/cerimónia/casquette-12448/img_07.jpg, catalogo2025/cerimónia/casquette-12448/img_08.jpg, catalogo2025/cerimónia/casquette-12448/img_09.jpg, catalogo2025/cerimónia/casquette-12448/img_10.jpg, catalogo2025/cerimónia/casquette-12448/img_11.jpg",,,,,,,https://hologrammeparis.com/product/casquette-12448/,,0,Cor,2*Mostarda | 2*Marrom | 3*Bordéus | 3*Marinho | 3*Verde | 3*Azul | 3*Taupe | 5*Preto,1,1,Tamanho,Unico com ajuste (elástico),1,1,Composição,100% PU,1,1,,,0,0
,simple,Palha – 12511,CHAPÉUS DE PALHA FEMININOS,1,0,visible,"Cor: Camel , Cinza , Natural , Preto , Verde","<p>Découvrez notre Paille - 12511 au prix de grossiste pour votre boutique sur Hologramme Paris.</p><ul><li><strong>Cor</strong>: Camel , Cinza , Natural , Preto , Verde</li><li><strong>Tamanho</strong>: Tamanho único</li><li><strong>Vendido Por</strong>: Unitário</li><li><strong>Composição</strong>: Palha 100% natural</li></ul>",,,taxable,,1,10,2,0,0,0.2,,,,1,,,"Tags: Fabricado na China , Tamanho ajustável",Chapéus > Cerimónia,"Nossa versão Hologram Paris do chapéu de palha em forma de sino.

Chapéu luxuoso tricotado em palha de ráfia extrafina .
Sólido, dobrável e intemporal.

Palha 100% Ráfia",,"catalogo2025/cerimónia/palha-12511/img_09.jpg, catalogo2025/cerimónia/palha-12511/img_10.jpg",,,,,,,https://hologrammeparis.com/product/paille-12511/,,0,Cor,Camel | Cinza | Natural | Preto | Verde,1,1,Tamanho,Tamanho único,1,1,Composição,Palha 100% natural,1,1,Pack,Unitário,1,1
,simple,Palha – 12512,CHAPÉUS DE PALHA FEMININOS,1,0,visible,"Cor: Preto, Verde, Natural","<p>Découvrez notre Paille - 12512 au prix de grossiste pour votre boutique sur Hologramme Paris.</p><ul><li><strong>Cor</strong>: Preto, Verde, Natural</li><li><strong>Tamanho</strong>: Tamanho único</li><li><strong>Vendido Por</strong>: Unitário</li><li><strong>Composição</strong>: Palha 100% natural</li></ul>",,,taxable,,1,10,2,0,0,0.2,,,,1,,,"Tags: Fabricado na China , Tamanho ajustável",Chapéus > Cerimónia,"Nossa versão Hologram Paris do chapéu de palha em forma de sino.

Chapéu luxuoso tricotado em palha de ráfia extrafina .
Sólido, dobrável e intemporal.

Palha 100% Ráfia",,"catalogo2025/cerimónia/palha-12512/img_01.jpg, catalogo2025/cerimónia/palha-12512/img_02.jpg, catalogo2025/cerimónia/palha-12512/img_03.jpg, catalogo2025/cerimónia/palha-12512/img_04.jpg",,,,,,,https://hologrammeparis.com/product/paille-12512/,,0,Cor,Preto | Verde | Natural,1,1,Tamanho,Tamanho único,1,1,Composição,Palha 100% natural,1,1,Pack,Unitário,1,1
,simple,Palha – 12517,CHAPÉUS DE PALHA FEMININOS,1,0,visible,"Cor: Cinza, Verde, Natural","<p>Paquet de 30 pcs assorties: 11*Beige, 7*Camel, 4*Vert, 4*Gris, 4*Noir il reste que du naturel</p><ul><li><strong>Cor</strong>: Cinza, Verde, Natural</li><li><strong>Tamanho</strong>: Tamanho único</li><li><strong>Vendido Por</strong>: Unitário</li><li><strong>Composição</strong>: Palha 100% natural</li></ul>",,,taxable,,1,10,2,0,0,0.2,,,,1,,,"Tags: Fabricado na China , Tamanho ajustável",Chapéus > Cerimónia,"Nossa versão Hologram Paris do chapéu de palha em forma de sino.

Chapéu luxuoso tricotado em palha de ráfia extrafina .
Sólido, dobrável e intemporal.

Palha 100% Ráfia",,"catalogo2025/cerimónia/palha-12517/img_01.jpg, catalogo2025/cerimónia/palha-12517/img_02.jpg, catalogo2025/cerimónia/palha-12517/img_03.jpg, catalogo2025/cerimónia/palha-12517/img_04.jpg, catalogo2025/cerimónia/palha-12517/img_05.jpg, catalogo2025/cerimónia/palha-12517/img_06.jpg, catalogo2025/cerimónia/palha-12517/img_07.jpg, catalogo2025/cerimónia/palha-12517/img_08.jpg, catalogo2025/cerimónia/palha-12517/img_09.jpg, catalogo2025/cerimónia/palha-12517/img_10.jpg, catalogo2025/cerimónia/palha-12517/img_11.jpg, catalogo2025/cerimónia/palha-12517/img_12.jpg",,,,,,,https://hologrammeparis.com/product/paille-12517/,,0,Cor,Cinza | Verde | Natural,1,1,Tamanho,Tamanho único,1,1,Composição,Palha 100% natural,1,1,Pack,Unitário,1,1
,simple,Boina Clássica – 5020,BOINA CLÁSSICA / BERET,1,0,visible,Vendido Por: Unitário,"<p>Notre version Hologramme Paris du &quot;Béret Uni classique&quot; Sobre, intemporel et sans logo apparent. 75g de Laine grattée et rasée *les nouvelles couleurs sont à 90% laine.</p><ul><li><strong>Vendido Por</strong>: Unitário</li><li><strong>Composição</strong>: 100% Lã</li></ul>",,,taxable,,1,10,2,0,0,0.2,,,,1,,,Etiqueta: Fabricado na China,Chapéus > Cerimónia,"Nossa versão holográfica parisiense da “boina lisa clássica”

Sóbrio, intemporal e sem logótipo visível.

75g de lã escovada e raspada",,"catalogo2025/cerimónia/boina-classica-5020/img_01.jpg, catalogo2025/cerimónia/boina-classica-5020/img_06.jpg, catalogo2025/cerimónia/boina-classica-5020/img_07.jpg",,,,,,,https://hologrammeparis.com/product/beret-5020/?attribute_pa_couleur=beige-na1302,,0,,,0,0,,,0,0,Composição,100% Lã,1,1,Pack,Unitário,1,1
,simple,"Gorro – 5942F
Bonnet – 5942C",CHAPÉU LÃ HARMONICO,1,0,visible,Cor: Sortido,"<p>Paquet de 12 pcs assorties: 1*Prune, 2*Bordeaux, 1*Marron, 3*Noir, 1*Camel, 1*Gris Fonce, 2*Marine, 1*Kaki</p><ul><li><strong>Cor</strong>: Sortido</li><li><strong>Tamanho</strong>: UNICO</li><li><strong>Vendido Por</strong>: Pacote 12</li><li><strong>Composição</strong>: 100% Lã</li></ul>",,,taxable,,1,10,2,0,0,0.2,,,,1,,,19.9,Chapéus > Feminino,Lã Pura,,catalogo2025/feminino/gorro-5942f-bonnet-5942c/img_01.jpg,,,,,,,https://hologrammeparis.com/product/bonnet-5942f/,,0,Cor,Sortido,1,1,Tamanho,UNICO,1,1,Composição,100% Lã,1,1,Pack,Pacote 12,1,1
,simple,Boné – 22238,BOINA COM PALA PIED POULE,1,0,visible,Cor: Sortido,"<p>Paquet de 12 pcs assorties: 5*Gris Fonce, 4*Gris Clair, 3*Beige</p><ul><li><strong>Cor</strong>: Sortido</li><li><strong>Tamanho</strong>: 56 , 58</li><li><strong>Vendido Por</strong>: Pacote 12</li><li><strong>Composição</strong>: 50% Lã – 50% Poliéster</li></ul>",,,taxable,,1,10,2,0,0,0.2,,,,1,,,29.9,Chapéus > Feminino,BOINA COM PALA PIED POULE,,"catalogo2025/feminino/bone-22238/img_01.jpg, catalogo2025/feminino/bone-22238/img_02.jpg, catalogo2025/feminino/bone-22238/img_03.jpg, catalogo2025/feminino/bone-22238/img_04.jpg, catalogo2025/feminino/bone-22238/img_05.jpg, catalogo2025/feminino/bone-22238/img_06.jpg",,,,,,,https://hologrammeparis.com/product/casquette-22238/,,0,Cor,Sortido,1,1,Tamanho,56 | 58,1,1,Composição,50% Lã – 50% Poliéster,1,1,Pack,Pacote 12,1,1
,simple,Palha – 12673,CHAPÉUS DE PALHA FEMININOS,1,0,visible,"Cor: Natural, Preto","<p>Découvrez notre Paille - 12673 au prix de grossiste pour votre boutique sur Hologramme Paris.</p><ul><li><strong>Cor</strong>: Natural, Preto</li><li><strong>Tamanho</strong>: Tamanho único</li><li><strong>Vendido Por</strong>: Unitário</li><li><strong>Composição</strong>: Palha 100% natural</li></ul>",,,taxable,,1,10,2,0,0,0.2,,,,1,,,"Tags: Fabricado na China , Tamanho ajustável",Chapéus > Cerimónia,"Nossa versão Hologram Paris do chapéu de palha em forma de sino.

Chapéu luxuoso tricotado em palha de ráfia extrafina .
Sólido, dobrável e intemporal.

Palha 100% Ráfia",,"catalogo2025/cerimónia/palha-12673/img_01.jpg, catalogo2025/cerimónia/palha-12673/img_02.jpg, catalogo2025/cerimónia/palha-12673/img_03.jpg, catalogo2025/cerimónia/palha-12673/img_04.jpg, catalogo2025/cerimónia/palha-12673/img_05.jpg, catalogo2025/cerimónia/palha-12673/img_06.jpg",,,,,,,https://hologrammeparis.com/product/paille-12673/,,0,Cor,Natural | Preto,1,1,Tamanho,Tamanho único,1,1,Composição,Palha 100% natural,1,1,Pack,Unitário,1,1
,simple,Boné – 12625,BONÉS DE VERÃO PARA MULHERES,1,0,visible,"Cor: Bege , Branco , Camelo , Cinza , Marinho , Vermelho","<p>Paquet de 24 pcs assorties: 2*Rouge, 2*Vert, 2*Bleu Ciel, 4*Camel, 4*Ecru, 3*Blanc, 3*Beige, 3*Marine, 1*Gris</p><ul><li><strong>Cor</strong>: Bege , Branco , Camelo , Cinza , Marinho , Vermelho</li><li><strong>Tamanho</strong>: 56 , 58</li><li><strong>Vendido Por</strong>: Pacote 24</li><li><strong>Composição</strong>: 7% Viscose – 33% Algodão – 60% Poliéster</li></ul>",,,taxable,,1,10,2,0,0,0.2,,,,1,,,Etiqueta: Fabricado na China,Chapéus > Cerimónia,BONÉS DE VERÃO PARA MULHERES,,"catalogo2025/cerimónia/bone-12625/img_03.jpg, catalogo2025/cerimónia/bone-12625/img_04.jpg, catalogo2025/cerimónia/bone-12625/img_05.jpg, catalogo2025/cerimónia/bone-12625/img_06.jpg, catalogo2025/cerimónia/bone-12625/img_07.jpg, catalogo2025/cerimónia/bone-12625/img_08.jpg, catalogo2025/cerimónia/bone-12625/img_10.jpg",,,,,,,https://hologrammeparis.com/product/casquette-12625/,,0,Cor,Bege | Branco | Camelo | Cinza | Marinho | Vermelho,1,1,Tamanho,56 | 58,1,1,Composição,7% Viscose – 33% Algodão – 60% Poliéster,1,1,Pack,Pacote 24,1,1
,simple,Viseira – 23119,BONÉS DE VERÃO PARA MULHERES,1,0,visible,"Cor: Bege , Bordéus , Marinho , Preto , Rosa , Vermelho","<p>Paquet de 30 pcs assorties: 2*Rose, 5*Orange, 5*Violet, 6*Bleu, 6*Beige, 6*Noir</p><ul><li><strong>Cor</strong>: Bege , Bordéus , Marinho , Preto , Rosa , Vermelho</li><li><strong>Vendido Por</strong>: Pacote 15</li><li><strong>Composição</strong>: 100% Papel</li></ul>",,,taxable,,1,10,2,0,0,0.2,,,,1,,,Etiqueta: Fabricado na China,Chapéus > Cerimónia,"SIZE	
One size adjustable",,catalogo2025/cerimónia/viseira-23119/img_01.jpg,,,,,,,https://hologrammeparis.com/product/visiere-23119/,,0,Cor,Bege | Bordéus | Marinho | Preto | Rosa | Vermelho,1,1,,,0,0,Composição,100% Papel,1,1,Pack,Pacote 15,1,1
,simple,Boné – 2018039,BONÉS DE INVERNO PARA MULHERES,1,0,visible,"Cor: Azul , Cinza , Cinza Escuro , Preto , Vermelho , Verde","<p>Paquet de 12 pcs assorties: 2*Gris Clair, 1*Gris Fonce, 1*Kaki, 1*Bordeaux, 1*Rouge, 2*Marine, 4*Noir</p><ul><li><strong>Cor</strong>: Azul , Cinza , Cinza Escuro , Preto , Vermelho , Verde</li><li><strong>Tamanho</strong>: 56 , 58</li><li><strong>Vendido Por</strong>: Pacote 12</li><li><strong>Composição</strong>: 5% Acrílico – 7% Fibra – 40% Lã – 48% Poliéster</li></ul>",,,taxable,,1,10,2,0,0,0.2,,,,1,,,NÃO TEM MAIS NO ESTOQUE,Chapéus > Cerimónia,"Fabricado na China, Mistura de lã",,"catalogo2025/cerimónia/bone-2018039/img_01.jpg, catalogo2025/cerimónia/bone-2018039/img_02.jpg, catalogo2025/cerimónia/bone-2018039/img_03.jpg, catalogo2025/cerimónia/bone-2018039/img_04.jpg",,,,,,,https://hologrammeparis.com/product/casquette-2018039/,,0,Cor,Azul | Cinza | Cinza Escuro | Preto | Vermelho | Verde,1,1,Tamanho,56 | 58,1,1,Composição,5% Acrílico – 7% Fibra – 40% Lã – 48% Poliéster,1,1,Pack,Pacote 12,1,1
,simple,Casquette – 22103,BONÉS DE INVERNO PARA MULHERES,1,0,visible,Cor: Preto,<p>Paquet de 24 pcs assorties: 2 pcs de chaque couleur</p><ul><li><strong>Cor</strong>: Preto</li><li><strong>Tamanho</strong>: Unico</li><li><strong>Composição</strong>: 50% Polyester – 50% Laine</li></ul>,,,taxable,,1,10,2,0,0,0.2,,,,1,,,14.0,Chapéus > Cerimónia,"Fabricado na China, Mistura de lã",,"catalogo2025/cerimónia/casquette-22103/img_01.jpg, catalogo2025/cerimónia/casquette-22103/img_02.jpg, catalogo2025/cerimónia/casquette-22103/img_03.jpg, catalogo2025/cerimónia/casquette-22103/img_04.jpg",,,,,,,https://hologrammeparis.com/product/casquette-22103/,,0,Cor,Preto,1,1,Tamanho,Unico,1,1,Composição,50% Polyester – 50% Laine,1,1,,,0,0
,simple,Casquette – 12448,BONÉS DE INVERNO PARA MULHERES,1,0,visible,"Cor: 2*Mostarda, 2*Marrom, 3*Bordéus, 3*Marinho, 3*Verde, 3*Azul, 3*Taupe, 5*Preto","<p>Paquet de 24 pcs assorties: 2*Moutarde, 2*Marron, 3*Bordeaux, 3*Marine, 3*Vert, 3*Bleu, 3*Taupe, 5*Noir</p><ul><li><strong>Cor</strong>: 2*Mostarda, 2*Marrom, 3*Bordéus, 3*Marinho, 3*Verde, 3*Azul, 3*Taupe, 5*Preto</li><li><strong>Tamanho</strong>: Unico com ajuste (elástico)</li><li><strong>Composição</strong>: 100% PU</li></ul>",,,taxable,,1,10,2,0,0,0.2,,,,1,,,15.0,Chapéus > Cerimónia,"Fabricado na China, Tamanho ajustável",,"catalogo2025/cerimónia/casquette-12448/img_01.jpg, catalogo2025/cerimónia/casquette-12448/img_02.jpg, catalogo2025/cerimónia/casquette-12448/img_03.jpg, catalogo2025/cerimónia/casquette-12448/img_04.jpg, catalogo2025/cerimónia/casquette-12448/img_05.jpg, catalogo2025/cerimónia/casquette-12448/img_06.jpg, catalogo2025/cerimónia/casquette-12448/img_07.jpg, catalogo2025/cerimónia/casquette-12448/img_08.jpg, catalogo2025/cerimónia/casquette-12448/img_09.jpg, catalogo2025/cerimónia/casquette-12448/img_10.jpg, catalogo2025/cerimónia/casquette-12448/img_11.jpg",,,,,,,https://hologrammeparis.com/product/casquette-12448/,,0,Cor,2*Mostarda | 2*Marrom | 3*Bordéus | 3*Marinho | 3*Verde | 3*Azul | 3*Taupe | 5*Preto,1,1,Tamanho,Unico com ajuste (elástico),1,1,Composição,100% PU,1,1,,,0,0
,simple,Palha – 12511,CHAPÉUS DE PALHA FEMININOS,1,0,visible,"Cor: Camel , Cinza , Natural , Preto , Verde","<p>Découvrez notre Paille - 12511 au prix de grossiste pour votre boutique sur Hologramme Paris.</p><ul><li><strong>Cor</strong>: Camel , Cinza , Natural , Preto , Verde</li><li><strong>Tamanho</strong>: Tamanho único</li><li><strong>Vendido Por</strong>: Unitário</li><li><strong>Composição</strong>: Palha 100% natural</li></ul>",,,taxable,,1,10,2,0,0,0.2,,,,1,,,"Tags: Fabricado na China , Tamanho ajustável",Chapéus > Cerimónia,"Nossa versão Hologram Paris do chapéu de palha em forma de sino.

Chapéu luxuoso tricotado em palha de ráfia extrafina .
Sólido, dobrável e intemporal.

Palha 100% Ráfia",,"catalogo2025/cerimónia/palha-12511/img_09.jpg, catalogo2025/cerimónia/palha-12511/img_10.jpg",,,,,,,https://hologrammeparis.com/product/paille-12511/,,0,Cor,Camel | Cinza | Natural | Preto | Verde,1,1,Tamanho,Tamanho único,1,1,Composição,Palha 100% natural,1,1,Pack,Unitário,1,1
,simple,Palha – 12512,CHAPÉUS DE PALHA FEMININOS,1,0,visible,"Cor: Preto, Verde, Natural","<p>Découvrez notre Paille - 12512 au prix de grossiste pour votre boutique sur Hologramme Paris.</p><ul><li><strong>Cor</strong>: Preto, Verde, Natural</li><li><strong>Tamanho</strong>: Tamanho único</li><li><strong>Vendido Por</strong>: Unitário</li><li><strong>Composição</strong>: Palha 100% natural</li></ul>",,,taxable,,1,10,2,0,0,0.2,,,,1,,,"Tags: Fabricado na China , Tamanho ajustável",Chapéus > Cerimónia,"Nossa versão Hologram Paris do chapéu de palha em forma de sino.

Chapéu luxuoso tricotado em palha de ráfia extrafina .
Sólido, dobrável e intemporal.

Palha 100% Ráfia",,"catalogo2025/cerimónia/palha-12512/img_01.jpg, catalogo2025/cerimónia/palha-12512/img_02.jpg, catalogo2025/cerimónia/palha-12512/img_03.jpg, catalogo2025/cerimónia/palha-12512/img_04.jpg",,,,,,,https://hologrammeparis.com/product/paille-12512/,,0,Cor,Preto | Verde | Natural,1,1,Tamanho,Tamanho único,1,1,Composição,Palha 100% natural,1,1,Pack,Unitário,1,1
,simple,Palha – 12517,CHAPÉUS DE PALHA FEMININOS,1,0,visible,"Cor: Cinza, Verde, Natural","<p>Paquet de 30 pcs assorties: 11*Beige, 7*Camel, 4*Vert, 4*Gris, 4*Noir il reste que du naturel</p><ul><li><strong>Cor</strong>: Cinza, Verde, Natural</li><li><strong>Tamanho</strong>: Tamanho único</li><li><strong>Vendido Por</strong>: Unitário</li><li><strong>Composição</strong>: Palha 100% natural</li></ul>",,,taxable,,1,10,2,0,0,0.2,,,,1,,,"Tags: Fabricado na China , Tamanho ajustável",Chapéus > Cerimónia,"Nossa versão Hologram Paris do chapéu de palha em forma de sino.

Chapéu luxuoso tricotado em palha de ráfia extrafina .
Sólido, dobrável e intemporal.

Palha 100% Ráfia",,"catalogo2025/cerimónia/palha-12517/img_01.jpg, catalogo2025/cerimónia/palha-12517/img_02.jpg, catalogo2025/cerimónia/palha-12517/img_03.jpg, catalogo2025/cerimónia/palha-12517/img_04.jpg, catalogo2025/cerimónia/palha-12517/img_05.jpg, catalogo2025/cerimónia/palha-12517/img_06.jpg, catalogo2025/cerimónia/palha-12517/img_07.jpg, catalogo2025/cerimónia/palha-12517/img_08.jpg, catalogo2025/cerimónia/palha-12517/img_09.jpg, catalogo2025/cerimónia/palha-12517/img_10.jpg, catalogo2025/cerimónia/palha-12517/img_11.jpg, catalogo2025/cerimónia/palha-12517/img_12.jpg",,,,,,,https://hologrammeparis.com/product/paille-12517/,,0,Cor,Cinza | Verde | Natural,1,1,Tamanho,Tamanho único,1,1,Composição,Palha 100% natural,1,1,Pack,Unitário,1,1
,simple,Palha – 937,CHAPÉUS DE PALHA FEMININOS,1,0,visible,"Cor: Bege , Cáqui , Marinho , Preto , Laranja , Ferrugem","<p>Paquet de 30 pcs assorties: 12*55, 18*57</p><ul><li><strong>Cor</strong>: Bege , Cáqui , Marinho , Preto , Laranja , Ferrugem</li><li><strong>Tamanho</strong>: Tamanho único</li><li><strong>Vendido Por</strong>: Unitário</li><li><strong>Composição</strong>: Palha 100% natural</li></ul>",,,taxable,,1,10,2,0,0,0.2,,,,1,,,"Tags: Fabricado na China , Tamanho ajustável",Chapéus > Cerimónia,CHAPÉUS DE PALHA FEMININOS,,"catalogo2025/cerimónia/palha-937/img_01.jpg, catalogo2025/cerimónia/palha-937/img_02.jpg, catalogo2025/cerimónia/palha-937/img_03.jpg, catalogo2025/cerimónia/palha-937/img_04.jpg, catalogo2025/cerimónia/palha-937/img_05.jpg, catalogo2025/cerimónia/palha-937/img_06.jpg, catalogo2025/cerimónia/palha-937/img_07.jpg, catalogo2025/cerimónia/palha-937/img_08.jpg, catalogo2025/cerimónia/palha-937/img_09.jpg, catalogo2025/cerimónia/palha-937/img_10.jpg",,,,,,,https://hologrammeparis.com/product/paille-art-937-241-gros-grain/,,0,Cor,Bege | Cáqui | Marinho | Preto | Laranja | Ferrugem,1,1,Tamanho,Tamanho único,1,1,Composição,Palha 100% natural,1,1,Pack,Unitário,1,1
,simple,Boina Clássica – 5020,BOINA CLÁSSICA / BERET,1,0,visible,Vendido Por: Unitário,"<p>Notre version Hologramme Paris du &quot;Béret Uni classique&quot; Sobre, intemporel et sans logo apparent. 75g de Laine grattée et rasée *les nouvelles couleurs sont à 90% laine.</p><ul><li><strong>Vendido Por</strong>: Unitário</li><li><strong>Composição</strong>: 100% Lã</li></ul>",,,taxable,,1,10,2,0,0,0.2,,,,1,,,Etiqueta: Fabricado na China,Chapéus > Cerimónia,"Nossa versão holográfica parisiense da “boina lisa clássica”

Sóbrio, intemporal e sem logótipo visível.

75g de lã escovada e raspada",,"catalogo2025/cerimónia/boina-classica-5020/img_01.jpg, catalogo2025/cerimónia/boina-classica-5020/img_06.jpg, catalogo2025/cerimónia/boina-classica-5020/img_07.jpg",,,,,,,https://hologrammeparis.com/product/beret-5020/?attribute_pa_couleur=beige-na1302,,0,,,0,0,,,0,0,Composição,100% Lã,1,1,Pack,Unitário,1,1
,simple,Palha – 941216 Couro,CHAPÉU DE PALHA NATURAL,1,0,visible,Cor: Natural,"<p>Paquet de 30 pcs assorties: 3*55, 4*56, 6*57, 7*58, 5*59, 3*60, 2*61</p><ul><li><strong>Cor</strong>: Natural</li><li><strong>Tamanho</strong>: 55 , 56 , 57 , 58 , 59 , 60 , 61</li><li><strong>Vendido Por</strong>: Pacote 15</li><li><strong>Composição</strong>: Palha 100% natural</li></ul>",,,taxable,,1,10,2,0,0,0.2,,,,1,,,35.0,Chapéus > Palha,Rótulo: Fabricado na Itália,,catalogo2025/palha/palha-941216-couro/img_06.jpg,,,,,,,https://hologrammeparis.com/product/paille-941216-cuir/,,0,Cor,Natural,1,1,Tamanho,55 | 56 | 57 | 58 | 59 | 60 | 61,1,1,Composição,Palha 100% natural,1,1,Pack,Pacote 15,1,1
,simple,Panamá – 201754,CHAPEU PANAMÁ,1,0,visible,Cor: Branco,"<p>Découvrez notre Panama - 201754 au prix de grossiste pour votre boutique sur Hologramme Paris.</p><ul><li><strong>Cor</strong>: Branco</li><li><strong>Tamanho</strong>: 54, 55 , 56 , 57 , 58 , 59</li><li><strong>Vendido Por</strong>: Unitário</li><li><strong>Composição</strong>: Papel 100% Japonês</li></ul>",,,taxable,,1,10,2,0,0,0.2,,,,1,,,67.5,Chapéus > Panamá,"A versão revisitada do Panamá equatoriano, mais sólida, dobrável e moderna.

Panamá Panasoft em papel 100% japonês .

Fabricado na Itália.",,"catalogo2025/panamá/panama-201754/img_02.jpg, catalogo2025/panamá/panama-201754/img_03.jpg, catalogo2025/panamá/panama-201754/img_04.jpg, catalogo2025/panamá/panama-201754/img_05.jpg, catalogo2025/panamá/panama-201754/img_06.jpg",,,,,,,https://hologrammeparis.com/product/panama-201754/,,0,Cor,Branco,1,1,Tamanho,54 | 55 | 56 | 57 | 58 | 59,1,1,Composição,Papel 100% Japonês,1,1,Pack,Unitário,1,1
,simple,Panamá – 201752,CHAPEU PANAMÁ ABA CURTA,1,0,visible,"Cor: Branco, Bege","<p>Découvrez notre Panama - 201752-Ecru au prix de grossiste pour votre boutique sur Hologramme Paris.</p><ul><li><strong>Cor</strong>: Branco, Bege</li><li><strong>Tamanho</strong>: 54, 55 , 56 , 57 , 58 , 59 , 60 , 61</li><li><strong>Vendido Por</strong>: Unitário</li><li><strong>Composição</strong>: Papel 100% Japonês</li></ul>",,,taxable,,1,10,2,0,0,0.2,,,,1,,,67.5,Chapéus > Panamá,"A versão revisitada do Panamá equatoriano, mais sólida, dobrável e moderna.

Panamá Panasoft em papel 100% japonês .

Fabricado na Itália.",,"catalogo2025/panamá/panama-201752/img_01.jpg, catalogo2025/panamá/panama-201752/img_02.jpg, catalogo2025/panamá/panama-201752/img_03.jpg, catalogo2025/panamá/panama-201752/img_04.jpg, catalogo2025/panamá/panama-201752/img_05.jpg, catalogo2025/panamá/panama-201752/img_06.jpg",,,,,,,https://hologrammeparis.com/product/panama-201752-ecru/,,0,Cor,Branco | Bege,1,1,Tamanho,54 | 55 | 56 | 57 | 58 | 59 | 60 | 61,1,1,Composição,Papel 100% Japonês,1,1,Pack,Unitário,1,1
,simple,Panamá – 931,CHAPEU PANAMÁ AJUSTÁVEL,1,0,visible,"Cor: Beige, Kaki, Marine, Noir","<p>Découvrez notre Panama - Art 931 Japonais au prix de grossiste pour votre boutique sur Hologramme Paris.</p><ul><li><strong>Cor</strong>: Beige, Kaki, Marine, Noir</li><li><strong>Tamanho</strong>: 55 , 56 , 57 , 58 , 59 , 60 , 61</li><li><strong>Vendido Por</strong>: Unitário</li><li><strong>Composição</strong>: Papel 100% Japonês</li></ul>",,,taxable,,1,10,2,0,0,0.2,,,,1,,,67.5,Chapéus > Panamá,"A versão revisitada do Panamá equatoriano, mais sólida, dobrável e moderna.

Panamá Panasoft em papel 100% japonês .

Fabricado na Itália.",,"catalogo2025/panamá/panama-931/img_01.jpg, catalogo2025/panamá/panama-931/img_02.jpg, catalogo2025/panamá/panama-931/img_03.jpg, catalogo2025/panamá/panama-931/img_04.jpg, catalogo2025/panamá/panama-931/img_05.jpg, catalogo2025/panamá/panama-931/img_06.jpg, catalogo2025/panamá/panama-931/img_07.jpg",,,,,,,https://hologrammeparis.com/product/panama-art-931-japonais/,,0,Cor,Beige | Kaki | Marine | Noir,1,1,Tamanho,55 | 56 | 57 | 58 | 59 | 60 | 61,1,1,Composição,Papel 100% Japonês,1,1,Pack,Unitário,1,1
,simple,Chapéu – 49103,CHAPÉUS ALGODÃO ENCERADO,1,0,visible,"Cor: Camelo , Marinho , Marrom , Preto , Ferrugem , Taupe , Verde Escuro","<p>Découvrez notre Chapeau - 49103 au prix de grossiste pour votre boutique sur Hologramme Paris.</p><ul><li><strong>Cor</strong>: Camelo , Marinho , Marrom , Preto , Ferrugem , Taupe , Verde Escuro</li><li><strong>Tamanho</strong>: 55 , 57 , 59 , 61</li><li><strong>Vendido Por</strong>: Unitário</li><li><strong>Composição</strong>: 100% algodão</li></ul>",,,taxable,,1,10,2,0,0,0.2,,,,1,,,45.0,Chapéus > À prova d'Água,"Algodão Oleado, Fabricado em Portugal",,"catalogo2025/à%20prova%20d´água/chapeu-49103/img_01.jpg, catalogo2025/à%20prova%20d´água/chapeu-49103/img_02.jpg, catalogo2025/à%20prova%20d´água/chapeu-49103/img_03.jpg, catalogo2025/à%20prova%20d´água/chapeu-49103/img_04.jpg",,,,,,,https://hologrammeparis.com/product/chapeau-49103/,,0,Cor,Camelo | Marinho | Marrom | Preto | Ferrugem | Taupe | Verde Escuro,1,1,Tamanho,55 | 57 | 59 | 61,1,1,Composição,100% algodão,1,1,Pack,Unitário,1,1
,simple,Bob – 2018121,BUCKT HAT ALGODÃO,1,0,visible,"Cor: Bege Claro , Azul , Borgonha , Camelo , Cinza , Amarelo , Cáqui Claro , Cáqui Escuro , Marinho , Preto , Laranja , Vermelho","<p>Paquet de 24 pcs assorties: 3*Noir, 3*Marine, 2*Orange, 2*Beige, 2*Bleu Royal, 2*Moutarde, 2*Kaki, 2*Gris, 2*Bordeaux, 2*Rouge, 1*Camel, 1*Marron Clair</p><ul><li><strong>Cor</strong>: Bege Claro , Azul , Borgonha , Camelo , Cinza , Amarelo , Cáqui Claro , Cáqui Escuro , Marinho , Preto , Laranja , Vermelho</li><li><strong>Tamanho</strong>: 57 , 59</li><li><strong>Vendido Por</strong>: Pacote 24</li><li><strong>Composição</strong>: 100% algodão</li></ul>",,,taxable,,1,10,2,0,0,0.2,,,,1,,,14.9,Chapéus > Tecido,BUCKT HAT ALGODÃO,,catalogo2025/chapéus%20em%20tecido/bob-2018121/img_01.jpg,,,,,,,https://hologrammeparis.com/product/bob-2018121/,,0,Cor,Bege Claro | Azul | Borgonha | Camelo | Cinza | Amarelo | Cáqui Claro | Cáqui Escuro | Marinho | Preto | Laranja | Vermelho,1,1,Tamanho,57 | 59,1,1,Composição,100% algodão,1,1,Pack,Pacote 24,1,1
,simple,Bob – 2018120,CHAPÉU SAFARI,1,0,visible,"Cor: Beige Clair, Bleu, Bordeaux, Camel, Gris, Jaune, Kaki Clair, Kaki Fonce, Marine, Noir, Orange, Rouge","<p>Paquet de 24 pcs assorties: 3*Noir, 3*Marine, 2*Kaki, 2*Bordeaux, 2*Rouge, 2*Rouille, 2*Bleu Royal, 2*Gris, 2*Moutarde, 2*Beige, 1*Camel, 1*Marron Clair</p><ul><li><strong>Cor</strong>: Beige Clair, Bleu, Bordeaux, Camel, Gris, Jaune, Kaki Clair, Kaki Fonce, Marine, Noir, Orange, Rouge</li><li><strong>Tamanho</strong>: 57 , 59</li><li><strong>Vendido Por</strong>: Pacote 24</li><li><strong>Composição</strong>: 100% algodão</li></ul>",,,taxable,,1,10,2,0,0,0.2,,,,1,,,19.9,Chapéus > Tecido,CHAPÉU SAFARI,,catalogo2025/chapéus%20em%20tecido/bob-2018120/img_01.jpg,,,,,,,https://hologrammeparis.com/product/bob-2018120/,,0,Cor,Beige Clair | Bleu | Bordeaux | Camel | Gris | Jaune | Kaki Clair | Kaki Fonce | Marine | Noir | Orange | Rouge,1,1,Tamanho,57 | 59,1,1,Composição,100% algodão,1,1,Pack,Pacote 24,1,1
,simple,HOLOGRAMME,VISEIRA  FEMININA,1,0,visible,"COR        
Bege, Castanho, Verde, Azul, Bordo, Marinho

TAMANHO                
55 , 56 , 57 , 58 , 59 , 60 , 61

VENDIDO POR        
Pacote 24

COMPOSIÇÃO                
69% Poliéster – 31% Algodão / Forro 100% Algodão","<p>COR        
Bege, Castanho, Verde, Azul, Bordo, Marinho

TAMANHO                
55 , 56 , 57 , 58 , 59 , 60 , 61

VENDIDO POR        
Pacote 24

COMPOSIÇÃO                
69% Poliéster – 31% Algodão / Forro 100% Algodão</p><p>Découvrez notre Casquette - 18474OL = 18519OL au prix de grossiste pour votre boutique sur Hologramme Paris.</p><ul><li><strong>Cor</strong>: Pink, verde, preto, azul, bege, camel</li><li><strong>Tamanho</strong>: 55 , 56 , 57 , 58 , 59 , 60 , 61</li><li><strong>Composição</strong>: 69% Poliéster – 31% Algodão / Forro 100% Algodão</li><li><strong>Vendido Por</strong>: Pacote 24</li></ul>",,,taxable,,1,10,2,0,0,0.2,,,,1,,,8.0,Chapéus > Cowboy,VISEIRA  FEMININA,,"catalogo2025/cowboy/hologramme/img_01.jpg, catalogo2025/cowboy/hologramme/img_02.jpg, catalogo2025/cowboy/hologramme/img_03.jpg, catalogo2025/cowboy/hologramme/img_04.jpg",,,,,,,https://hologrammeparis.com/product/casquette-18474ol/,,0,Cor,Pink | verde | preto | azul | bege | camel,1,1,Tamanho,55 | 56 | 57 | 58 | 59 | 60 | 61,1,1,Composição,69% Poliéster – 31% Algodão | Forro 100% Algodão,1,1,Pack,Pacote 24,1,1
,simple,"Boné – 12614
Boné – 15112",BONÉS CUBANOS,1,0,visible,"Cor: Azul , Camelo , Cinza , Cáqui , Marinho , Mostarda , Preto , Vermelho , Verde","<p>Paquet de 24 pcs assorties: 2*Bleu, 2*Moutarde, 2*Rouge, 2*Kaki, 4*Noir, 3*Camel, 3*Gris, 4*Marine, 2*Vert</p><ul><li><strong>Cor</strong>: Azul , Camelo , Cinza , Cáqui , Marinho , Mostarda , Preto , Vermelho , Verde</li><li><strong>Vendido Por</strong>: Pacote 12</li><li><strong>Composição</strong>: 100% algodão</li></ul>",,,taxable,,1,10,2,0,0,0.2,,,,1,,,"Tags: Fabricado na China , Tamanho ajustável",Bonés,"2*Azul, 2*Mostarda, 2*Vermelho, 2*Cáqui, 4*Preto, 3*Camelo, 3*Cinza, 4*Marinha, 2*Verde, 3 * cinza escuro, 3 * bege, 2 * cáqui, 2 * preto, 2 * verde maçã, 2 * laranja, 2 * marrom 2 * azul, 2 * verde abeto, 2 * vermelho, 2 * Cinza claro",,"catalogo2025/bonés/bone-12614-bone-15112/img_01.jpg, catalogo2025/bonés/bone-12614-bone-15112/img_13.jpg, catalogo2025/bonés/bone-12614-bone-15112/img_14.jpg, catalogo2025/bonés/bone-12614-bone-15112/img_15.jpg, catalogo2025/bonés/bone-12614-bone-15112/img_16.jpg, catalogo2025/bonés/bone-12614-bone-15112/img_17.jpg, catalogo2025/bonés/bone-12614-bone-15112/img_18.jpg, catalogo2025/bonés/bone-12614-bone-15112/img_19.jpg, catalogo2025/bonés/bone-12614-bone-15112/img_20.jpg, catalogo2025/bonés/bone-12614-bone-15112/img_21.jpg, catalogo2025/bonés/bone-12614-bone-15112/img_22.jpg, catalogo2025/bonés/bone-12614-bone-15112/img_23.jpg, catalogo2025/bonés/bone-12614-bone-15112/img_24.jpg, catalogo2025/bonés/bone-12614-bone-15112/img_25.jpg, catalogo2025/bonés/bone-12614-bone-15112/img_26.jpg, catalogo2025/bonés/bone-12614-bone-15112/img_27.jpg",,,,,,,https://hologrammeparis.com/product/casquette-12614/,,0,Cor,Azul | Camelo | Cinza | Cáqui | Marinho | Mostarda | Preto | Vermelho | Verde,1,1,,,0,0,Composição,100% algodão,1,1,Pack,Pacote 12,1,1
,simple,Boné – 12694,BONÉS CUBANOS,1,0,visible,Cor: Sortido,"<p>Paquet de 24 pcs assorties: 3*Noir, 3*Marine, 2*Rouge, 2*Orange, 2*Bleu, 2*Moutarde, 2*Kaki, 2*Gris, 2*Beige, 2*Camel, 1*Rose, 1*Gris Fonce</p><ul><li><strong>Cor</strong>: Sortido</li><li><strong>Vendido Por</strong>: Pacote 12</li><li><strong>Composição</strong>: 72,2% Algodão – 27,8% Viscose</li></ul>",,,taxable,,1,10,2,0,0,0.2,,,,1,,,"Tags: Verão 2022 , Fabricado na China",Bonés,BONÉS CUBANOS,,"catalogo2025/bonés/bone-12694/img_01.jpg, catalogo2025/bonés/bone-12694/img_02.jpg, catalogo2025/bonés/bone-12694/img_03.jpg, catalogo2025/bonés/bone-12694/img_04.jpg, catalogo2025/bonés/bone-12694/img_05.jpg, catalogo2025/bonés/bone-12694/img_06.jpg, catalogo2025/bonés/bone-12694/img_07.jpg, catalogo2025/bonés/bone-12694/img_08.jpg, catalogo2025/bonés/bone-12694/img_09.jpg, catalogo2025/bonés/bone-12694/img_10.jpg, catalogo2025/bonés/bone-12694/img_11.jpg, catalogo2025/bonés/bone-12694/img_12.jpg, catalogo2025/bonés/bone-12694/img_13.jpg, catalogo2025/bonés/bone-12694/img_14.jpg, catalogo2025/bonés/bone-12694/img_15.jpg, catalogo2025/bonés/bone-12694/img_16.jpg, catalogo2025/bonés/bone-12694/img_17.jpg",,,,,,,https://hologrammeparis.com/product/casquette-12694/,,0,Cor,Sortido,1,1,,,0,0,Composição,"72,2% Algodão – 27,8% Viscose",1,1,Pack,Pacote 12,1,1
,simple,Boné – 12849,BONÉS CUBANOS,1,0,visible,Cor: Sortido,"<p>Paquet de 24 pcs assorties: 3*Noir, 3*Gris Clair, 3*Marine, 4*Beige, 2*Bleu Canard, 2*Rouge, 2*Jean, 2*Gris Fonce, 2*Blanc, 1*Moutarde</p><ul><li><strong>Cor</strong>: Sortido</li><li><strong>Tamanho</strong>: 575</li><li><strong>Vendido Por</strong>: Pacote 24</li><li><strong>Composição</strong>: 85% Viscose – 15% Linho</li></ul>",,,taxable,,1,10,2,0,0,0.2,,,,1,,,"Tags: Verão 2023 , Fabricado na China",Bonés,BONÉS CUBANOS,,"catalogo2025/bonés/bone-12849/img_01.jpg, catalogo2025/bonés/bone-12849/img_02.jpg, catalogo2025/bonés/bone-12849/img_03.jpg, catalogo2025/bonés/bone-12849/img_04.jpg, catalogo2025/bonés/bone-12849/img_05.jpg, catalogo2025/bonés/bone-12849/img_06.jpg, catalogo2025/bonés/bone-12849/img_07.jpg, catalogo2025/bonés/bone-12849/img_08.jpg, catalogo2025/bonés/bone-12849/img_09.jpg, catalogo2025/bonés/bone-12849/img_10.jpg, catalogo2025/bonés/bone-12849/img_11.jpg, catalogo2025/bonés/bone-12849/img_12.jpg, catalogo2025/bonés/bone-12849/img_13.jpg, catalogo2025/bonés/bone-12849/img_14.jpg",,,,,,,https://hologrammeparis.com/product/casquette-12849/,,0,Cor,Sortido,1,1,Tamanho,575,1,1,Composição,85% Viscose – 15% Linho,1,1,Pack,Pacote 24,1,1
,simple,Boné – 15165,BONÉS CUBANOS,1,0,visible,Cor: Sortido,"<p>Paquet de 24 pcs assorties: 4*Noir, 3*Beige, 3*Marine, 2*Gris Clair, 2*Gris Fonce, 2*Camel, 2*Kaki, 2*Orange, 2*Moutarde, 2*Blanc</p><ul><li><strong>Cor</strong>: Sortido</li><li><strong>Tamanho</strong>: 575</li><li><strong>Vendido Por</strong>: Pacote 24</li><li><strong>Composição</strong>: 98,8% Algodão – 1,2% Viscose</li></ul>",,,taxable,,1,10,2,0,0,0.2,,,,1,,,"Tags: Verão 2023 , Fabricado na China",Bonés,BONÉS CUBANOS,,"catalogo2025/bonés/bone-15165/img_01.jpg, catalogo2025/bonés/bone-15165/img_02.jpg, catalogo2025/bonés/bone-15165/img_03.jpg, catalogo2025/bonés/bone-15165/img_04.jpg, catalogo2025/bonés/bone-15165/img_05.jpg, catalogo2025/bonés/bone-15165/img_06.jpg, catalogo2025/bonés/bone-15165/img_07.jpg, catalogo2025/bonés/bone-15165/img_08.jpg, catalogo2025/bonés/bone-15165/img_09.jpg, catalogo2025/bonés/bone-15165/img_10.jpg, catalogo2025/bonés/bone-15165/img_11.jpg, catalogo2025/bonés/bone-15165/img_12.jpg, catalogo2025/bonés/bone-15165/img_13.jpg, catalogo2025/bonés/bone-15165/img_14.jpg, catalogo2025/bonés/bone-15165/img_15.jpg",,,,,,,https://hologrammeparis.com/product/casquette-15165/,,0,Cor,Sortido,1,1,Tamanho,575,1,1,Composição,"98,8% Algodão – 1,2% Viscose",1,1,Pack,Pacote 24,1,1
,simple,Boné – 15116,BONÉS CUBANOS,1,0,visible,Cor: Sortido,<p>Paquet de 24 pcs assorties: 2 de chaque couleur</p><ul><li><strong>Cor</strong>: Sortido</li><li><strong>Tamanho</strong>: 575</li><li><strong>Vendido Por</strong>: Pacote 24</li><li><strong>Composição</strong>: 100% algodão</li></ul>,,,taxable,,1,10,2,0,0,0.2,,,,1,,,"Tags: Verão 2023 , Fabricado na China",Bonés,BONÉS CUBANOS,,"catalogo2025/bonés/bone-15116/img_01.jpg, catalogo2025/bonés/bone-15116/img_02.jpg, catalogo2025/bonés/bone-15116/img_03.jpg, catalogo2025/bonés/bone-15116/img_04.jpg, catalogo2025/bonés/bone-15116/img_05.jpg, catalogo2025/bonés/bone-15116/img_06.jpg, catalogo2025/bonés/bone-15116/img_07.jpg, catalogo2025/bonés/bone-15116/img_08.jpg, catalogo2025/bonés/bone-15116/img_09.jpg, catalogo2025/bonés/bone-15116/img_10.jpg, catalogo2025/bonés/bone-15116/img_11.jpg, catalogo2025/bonés/bone-15116/img_12.jpg, catalogo2025/bonés/bone-15116/img_13.jpg, catalogo2025/bonés/bone-15116/img_14.jpg, catalogo2025/bonés/bone-15116/img_15.jpg, catalogo2025/bonés/bone-15116/img_16.jpg, catalogo2025/bonés/bone-15116/img_17.jpg, catalogo2025/bonés/bone-15116/img_18.jpg, catalogo2025/bonés/bone-15116/img_19.jpg, catalogo2025/bonés/bone-15116/img_20.jpg, catalogo2025/bonés/bone-15116/img_21.jpg, catalogo2025/bonés/bone-15116/img_22.jpg",,,,,,,https://hologrammeparis.com/product/casquette-15116/,,0,Cor,Sortido,1,1,Tamanho,575,1,1,Composição,100% algodão,1,1,Pack,Pacote 24,1,1
,simple,Boné Veludo – 22138 (ou 2019110),BONÉS TRUCKER,1,0,visible,"Cor: Sortido , Bege , Bordeaux , Cinza , Azul Marinho , Castanho Claro , Castanho Escuro , Preto , Vermelho","<p>Découvrez notre casquette en velours, un incontournable pour les boutiques de mode et les enseignes d’accessoires.</p><ul><li><strong>Cor</strong>: Sortido , Bege , Bordeaux , Cinza , Azul Marinho , Castanho Claro , Castanho Escuro , Preto , Vermelho</li><li><strong>Vendido Por</strong>: Pacote 12</li><li><strong>Composição</strong>: 100% Poliéster</li></ul>",,,taxable,,1,10,2,0,0,0.2,,,,1,,,Tags: Fabricado na China,Bonés,BONÉS TRUCKER,,"catalogo2025/bonés/bone-veludo-22138-ou-2019110/img_01.jpg, catalogo2025/bonés/bone-veludo-22138-ou-2019110/img_06.jpg, catalogo2025/bonés/bone-veludo-22138-ou-2019110/img_07.jpg, catalogo2025/bonés/bone-veludo-22138-ou-2019110/img_08.jpg, catalogo2025/bonés/bone-veludo-22138-ou-2019110/img_09.jpg, catalogo2025/bonés/bone-veludo-22138-ou-2019110/img_10.jpg, catalogo2025/bonés/bone-veludo-22138-ou-2019110/img_11.jpg, catalogo2025/bonés/bone-veludo-22138-ou-2019110/img_12.jpg, catalogo2025/bonés/bone-veludo-22138-ou-2019110/img_13.jpg, catalogo2025/bonés/bone-veludo-22138-ou-2019110/img_14.jpg, catalogo2025/bonés/bone-veludo-22138-ou-2019110/img_15.jpg, catalogo2025/bonés/bone-veludo-22138-ou-2019110/img_17.jpg, catalogo2025/bonés/bone-veludo-22138-ou-2019110/img_18.jpg, catalogo2025/bonés/bone-veludo-22138-ou-2019110/img_19.jpg, catalogo2025/bonés/bone-veludo-22138-ou-2019110/img_20.jpg, catalogo2025/bonés/bone-veludo-22138-ou-2019110/img_21.jpg, catalogo2025/bonés/bone-veludo-22138-ou-2019110/img_22.jpg",,,,,,,https://hologrammeparis.com/product/casquette-2019110/?attribute_pa_couleur=noir,,0,Cor,Sortido | Bege | Bordeaux | Cinza | Azul Marinho | Castanho Claro | Castanho Escuro | Preto | Vermelho,1,1,,,0,0,Composição,100% Poliéster,1,1,Pack,Pacote 12,1,1
,simple,Boné – 22134,BONÉS TRUCKER,1,0,visible,"Cor: Bege , Azul , Bordéus , Cru , Cinza Claro , Cinza Escuro , Cáqui , Marinho , Mostarda , Laranja , Rosa , Verde","<p>Paquet de 24 pcs assorties: 3*Noir, 3*Marine, 2*Vert, 2*Turquoise, 2*Bordeaux, 2*Orange, 2*Moutarde, 2*Gris, 2*Beige, 2*Camel, 1*Kaki, 1*Rose</p><ul><li><strong>Cor</strong>: Bege , Azul , Bordéus , Cru , Cinza Claro , Cinza Escuro , Cáqui , Marinho , Mostarda , Laranja , Rosa , Verde</li><li><strong>Vendido Por</strong>: Pacote 24</li><li><strong>Tamanho</strong>: 575</li><li><strong>Composição</strong>: 100% algodão</li></ul>",,,taxable,,1,10,2,0,0,0.2,,,,1,,,Tags: Fabricado na China,Bonés,BONÉS TRUCKER,,"catalogo2025/bonés/bone-22134/img_01.jpg, catalogo2025/bonés/bone-22134/img_02.jpg, catalogo2025/bonés/bone-22134/img_03.jpg, catalogo2025/bonés/bone-22134/img_04.jpg, catalogo2025/bonés/bone-22134/img_05.jpg, catalogo2025/bonés/bone-22134/img_06.jpg, catalogo2025/bonés/bone-22134/img_07.jpg, catalogo2025/bonés/bone-22134/img_08.jpg, catalogo2025/bonés/bone-22134/img_09.jpg, catalogo2025/bonés/bone-22134/img_10.jpg, catalogo2025/bonés/bone-22134/img_11.jpg, catalogo2025/bonés/bone-22134/img_12.jpg, catalogo2025/bonés/bone-22134/img_13.jpg, catalogo2025/bonés/bone-22134/img_14.jpg, catalogo2025/bonés/bone-22134/img_15.jpg",,,,,,,https://hologrammeparis.com/product/casquette-2015022/,,0,Cor,Bege | Azul | Bordéus | Cru | Cinza Claro | Cinza Escuro | Cáqui | Marinho | Mostarda | Laranja | Rosa | Verde,1,1,Tamanho,575,1,1,Composição,100% algodão,1,1,Pack,Pacote 24,1,1
,simple,Boné – 22134,BONÉS TRUCKER,1,0,visible,"Cor: Bege , Azul , Bordéus , Cru , Cinza Claro , Cinza Escuro , Cáqui , Marinho , Mostarda , Laranja , Rosa , Verde","<p>Paquet de 24 pcs assorties: 3*Noir, 3*Marine, 2*Vert, 2*Turquoise, 2*Bordeaux, 2*Orange, 2*Moutarde, 2*Gris, 2*Beige, 2*Camel, 1*Kaki, 1*Rose</p><ul><li><strong>Cor</strong>: Bege , Azul , Bordéus , Cru , Cinza Claro , Cinza Escuro , Cáqui , Marinho , Mostarda , Laranja , Rosa , Verde</li><li><strong>Vendido Por</strong>: Pacote 24</li><li><strong>Tamanho</strong>: 575</li><li><strong>Composição</strong>: 100% algodão</li></ul>",,,taxable,,1,10,2,0,0,0.2,,,,1,,,Tags: Fabricado na China,Bonés,BONÉS TRUCKER,,"catalogo2025/bonés/bone-22134/img_01.jpg, catalogo2025/bonés/bone-22134/img_02.jpg, catalogo2025/bonés/bone-22134/img_03.jpg, catalogo2025/bonés/bone-22134/img_04.jpg, catalogo2025/bonés/bone-22134/img_05.jpg, catalogo2025/bonés/bone-22134/img_06.jpg, catalogo2025/bonés/bone-22134/img_07.jpg, catalogo2025/bonés/bone-22134/img_08.jpg, catalogo2025/bonés/bone-22134/img_09.jpg, catalogo2025/bonés/bone-22134/img_10.jpg, catalogo2025/bonés/bone-22134/img_11.jpg, catalogo2025/bonés/bone-22134/img_12.jpg, catalogo2025/bonés/bone-22134/img_13.jpg, catalogo2025/bonés/bone-22134/img_14.jpg, catalogo2025/bonés/bone-22134/img_15.jpg",,,,,,,https://hologrammeparis.com/product/casquette-2015022/,,0,Cor,Bege | Azul | Bordéus | Cru | Cinza Claro | Cinza Escuro | Cáqui | Marinho | Mostarda | Laranja | Rosa | Verde,1,1,Tamanho,575,1,1,Composição,100% algodão,1,1,Pack,Pacote 24,1,1
,simple,Boné – 15263,BONÉS TRUCKER,1,0,visible,Cor: ou unidade,<p>Découvrez notre Casquette - 15263 au prix de grossiste pour votre boutique sur Hologramme Paris.</p><ul><li><strong>Cor</strong>: ou unidade</li><li><strong>Vendido Por</strong>: Pacote por</li><li><strong>Tamanho</strong>: 575</li><li><strong>Composição</strong>: 100% algodão</li></ul>,,,taxable,,1,10,2,0,0,0.2,,,,1,,,12.9,Bonés,BONÉS TRUCKER,,"catalogo2025/bonés/bone-15263/img_01.jpg, catalogo2025/bonés/bone-15263/img_02.jpg, catalogo2025/bonés/bone-15263/img_03.jpg, catalogo2025/bonés/bone-15263/img_04.jpg, catalogo2025/bonés/bone-15263/img_05.jpg, catalogo2025/bonés/bone-15263/img_06.jpg, catalogo2025/bonés/bone-15263/img_07.jpg, catalogo2025/bonés/bone-15263/img_08.jpg, catalogo2025/bonés/bone-15263/img_09.jpg, catalogo2025/bonés/bone-15263/img_10.jpg, catalogo2025/bonés/bone-15263/img_11.jpg, catalogo2025/bonés/bone-15263/img_12.jpg, catalogo2025/bonés/bone-15263/img_13.jpg, catalogo2025/bonés/bone-15263/img_14.jpg, catalogo2025/bonés/bone-15263/img_15.jpg, catalogo2025/bonés/bone-15263/img_16.jpg, catalogo2025/bonés/bone-15263/img_17.jpg, catalogo2025/bonés/bone-15263/img_18.jpg, catalogo2025/bonés/bone-15263/img_19.jpg, catalogo2025/bonés/bone-15263/img_20.jpg, catalogo2025/bonés/bone-15263/img_21.jpg",,,,,,,https://hologrammeparis.com/fr/product/casquette-15263/,,0,Cor,ou unidade,1,1,Tamanho,575,1,1,Composição,100% algodão,1,1,Pack,Pacote por,1,1
,simple,Boné – 15125,CHAPÉU COWBOY,1,0,visible,Cor: Sortido,"<p>Paquet de 24 pcs assorties: 3*Noir, 3*Gris Clair, 3*Marine, 4*Beige, 2*Bleu Canard, 2*Rouge, 2*Jean, 2*Gris Fonce, 2*Blanc, 1*Moutarde</p><ul><li><strong>Cor</strong>: Sortido</li><li><strong>Vendido Por</strong>: Pacote 24</li><li><strong>Composição</strong>: 32,7% Algodão – 60,1% Poliéster – 7,2% Celulose</li></ul>",,,taxable,,1,10,2,0,0,0.2,,,,1,,,"Tags: Verão 2023 , Fabricado na China",Chapéus > Cowboy,CHAPÉU COWBOY,,"catalogo2025/cowboy/bone-15125/img_01.jpg, catalogo2025/cowboy/bone-15125/img_02.jpg, catalogo2025/cowboy/bone-15125/img_03.jpg, catalogo2025/cowboy/bone-15125/img_04.jpg, catalogo2025/cowboy/bone-15125/img_05.jpg, catalogo2025/cowboy/bone-15125/img_06.jpg, catalogo2025/cowboy/bone-15125/img_07.jpg, catalogo2025/cowboy/bone-15125/img_08.jpg, catalogo2025/cowboy/bone-15125/img_09.jpg, catalogo2025/cowboy/bone-15125/img_10.jpg, catalogo2025/cowboy/bone-15125/img_11.jpg, catalogo2025/cowboy/bone-15125/img_12.jpg, catalogo2025/cowboy/bone-15125/img_13.jpg, catalogo2025/cowboy/bone-15125/img_14.jpg",,,,,,,https://hologrammeparis.com/product/casquette-12849/,,0,Cor,Sortido,1,1,,,0,0,Composição,"32,7% Algodão – 60,1% Poliéster – 7,2% Celulose",1,1,Pack,Pacote 24,1,1
,simple,Boné – 15114,bone-15114,1,0,visible,Cor: Sortido,"<p>Paquet de 24 pcs assorties: 2*Gris Clair, 3*Beige, 1*Orange, 4*Bleu, 2*Rouge, 1*Vert Sapin, 2*Bordeaux, 2*Kaki, 3*Gris Foncé, 4*Noir</p><ul><li><strong>Cor</strong>: Sortido</li><li><strong>Tamanho</strong>: 57 , 59</li><li><strong>Vendido Por</strong>: Pacote 24</li><li><strong>Composição</strong>: 100% algodão</li></ul>",,,taxable,,1,10,2,0,0,0.2,,,,1,,,"Tags: Verão 2023 , Fabricado na China",Chapéus > Cowboy,,,"catalogo2025/cowboy/bone-15114/img_01.jpg, catalogo2025/cowboy/bone-15114/img_02.jpg, catalogo2025/cowboy/bone-15114/img_03.jpg, catalogo2025/cowboy/bone-15114/img_04.jpg, catalogo2025/cowboy/bone-15114/img_05.jpg, catalogo2025/cowboy/bone-15114/img_06.jpg, catalogo2025/cowboy/bone-15114/img_07.jpg, catalogo2025/cowboy/bone-15114/img_08.jpg, catalogo2025/cowboy/bone-15114/img_09.jpg, catalogo2025/cowboy/bone-15114/img_10.jpg, catalogo2025/cowboy/bone-15114/img_11.jpg, catalogo2025/cowboy/bone-15114/img_12.jpg, catalogo2025/cowboy/bone-15114/img_13.jpg, catalogo2025/cowboy/bone-15114/img_14.jpg, catalogo2025/cowboy/bone-15114/img_15.jpg",,,,,,,https://hologrammeparis.com/product/casquette-15114/,,0,Cor,Sortido,1,1,Tamanho,57 | 59,1,1,Composição,100% algodão,1,1,Pack,Pacote 24,1,1
,simple,"Gorro – Miki 12601
Gorro – 640182503",gorro-miki-12601-gorro-640182503,1,0,visible,Vendido Por: Unitário,<p>Découvrez notre Bonnet - Miki 12601 au prix de grossiste pour votre boutique sur Hologramme Paris.</p><ul><li><strong>Vendido Por</strong>: Unitário</li><li><strong>Composição</strong>: 100% algodão</li></ul>,,,taxable,,1,10,2,0,0,0.2,,,,1,,,Tags: Fabricado na China,Chapéus > Cowboy,,,catalogo2025/cowboy/gorro-miki-12601-gorro-640182503/img_01.jpg,,,,,,,https://hologrammeparis.com/product/bonnet-miki-12601/?attribute_pa_couleur=beige-fonce,,0,,,0,0,,,0,0,Composição,100% algodão,1,1,Pack,Unitário,1,1
,simple,Algodão 4974,algodao-4974,1,0,visible,Cor: Sortido,<p>Découvrez notre Bonnet - Coton 4974 au prix de grossiste pour votre boutique sur Hologramme Paris.</p><ul><li><strong>Cor</strong>: Sortido</li><li><strong>Vendido Por</strong>: Unitário</li><li><strong>Composição</strong>: 50% Algodão – 50% Poliéster</li></ul>,,,taxable,,1,10,2,0,0,0.2,,,,1,,,Etiqueta: Fabricado em Portugal,Chapéus > Cowboy,,,catalogo2025/cowboy/algodao-4974/img_01.jpg,,,,,,,https://hologrammeparis.com/product/bonnet-4974/,,0,Cor,Sortido,1,1,,,0,0,Composição,50% Algodão – 50% Poliéster,1,1,Pack,Unitário,1,1
,simple,Boné – 18110EC,bone-18110ec,1,0,visible,"Cor: Cru, Preto, Verde, Azul","<p>Découvrez notre Casquette - 18110EC au prix de grossiste pour votre boutique sur Hologramme Paris.</p><ul><li><strong>Cor</strong>: Cru, Preto, Verde, Azul</li><li><strong>Tamanho</strong>: 54 , 55 , 56 , 57 , 58 , 59 , 60 , 61</li><li><strong>Vendido Por</strong>: Unitário</li><li><strong>Composição</strong>: 50% Algodão – 50% Linho</li></ul>",,,taxable,,1,10,2,0,0,0.2,,,,1,,,Etiqueta: Fabricado em Italia,Chapéus > Cowboy,,,"catalogo2025/cowboy/bone-18110ec/img_01.jpg, catalogo2025/cowboy/bone-18110ec/img_02.jpg, catalogo2025/cowboy/bone-18110ec/img_03.jpg, catalogo2025/cowboy/bone-18110ec/img_04.jpg, catalogo2025/cowboy/bone-18110ec/img_05.jpg, catalogo2025/cowboy/bone-18110ec/img_06.jpg",,,,,,,https://hologrammeparis.com/product/casquette-18110ec/,,0,Cor,Cru | Preto | Verde | Azul,1,1,Tamanho,54 | 55 | 56 | 57 | 58 | 59 | 60 | 61,1,1,Composição,50% Algodão – 50% Linho,1,1,Pack,Unitário,1,1
,simple,HOLOGRAMME,VISEIRA  FEMININA,1,0,visible,"COR        
Bege, Castanho, Verde, Azul, Bordo, Marinho

TAMANHO                
55 , 56 , 57 , 58 , 59 , 60 , 61

VENDIDO POR        
Pacote 24

COMPOSIÇÃO                
69% Poliéster – 31% Algodão / Forro 100% Algodão","<p>COR        
Bege, Castanho, Verde, Azul, Bordo, Marinho

TAMANHO                
55 , 56 , 57 , 58 , 59 , 60 , 61

VENDIDO POR        
Pacote 24

COMPOSIÇÃO                
69% Poliéster – 31% Algodão / Forro 100% Algodão</p><p>Découvrez notre Casquette - 18474OL = 18519OL au prix de grossiste pour votre boutique sur Hologramme Paris.</p><ul><li><strong>Cor</strong>: Pink, verde, preto, azul, bege, camel</li><li><strong>Tamanho</strong>: 55 , 56 , 57 , 58 , 59 , 60 , 61</li><li><strong>Composição</strong>: 69% Poliéster – 31% Algodão / Forro 100% Algodão</li><li><strong>Vendido Por</strong>: Pacote 24</li></ul>",,,taxable,,1,10,2,0,0,0.2,,,,1,,,8.0,Chapéus > Cowboy,VISEIRA  FEMININA,,"catalogo2025/cowboy/hologramme/img_01.jpg, catalogo2025/cowboy/hologramme/img_02.jpg, catalogo2025/cowboy/hologramme/img_03.jpg, catalogo2025/cowboy/hologramme/img_04.jpg",,,,,,,https://hologrammeparis.com/product/casquette-18474ol/,,0,Cor,Pink | verde | preto | azul | bege | camel,1,1,Tamanho,55 | 56 | 57 | 58 | 59 | 60 | 61,1,1,Composição,69% Poliéster – 31% Algodão | Forro 100% Algodão,1,1,Pack,Pacote 24,1,1
